{
    "model": {
        "type": "select",
        "property": "display_context",
        "cases": 
        [
            {
                "when": "gui",
                "model": {
                    "type": "minecraft:model",
                    "model": "expansion:items/armor/trooper/helmet",
                    "tints": []
                }
            }
        ],
        "fallback": {
            "type": "minecraft:model",
            "model": "expansion:items/armor/trooper/helmet_3d",
            "tints": []
        }
    }
}