{
	"textures": {
		"0": "animated_java:blueprint/assembler/assembler",
		"particle": "minecraft:item/pufferfish"
	},
	"display": {
		"head": {
			"rotation": [0, 180, 0]
		}
	},
	"elements": [
		{
			"from": [4, 0.75736, 8.08579],
			"to": [12, 2.75736, 11.39949],
			"rotation": {
				"angle": 0,
				"axis": "y",
				"origin": [8, 1.75736, 9.74264]
			},
			"faces": {
				"north": {
					"uv": [9.4375, 5.6875, 9.9375, 5.8125],
					"texture": "#0"
				},
				"east": {
					"uv": [11, 7.0625, 11.1875, 7.1875],
					"texture": "#0"
				},
				"south": {
					"uv": [9.4375, 5.875, 9.9375, 6],
					"texture": "#0"
				},
				"west": {
					"uv": [11, 7.25, 11.1875, 7.375],
					"texture": "#0"
				},
				"up": {
					"uv": [3.4375, 8.3125, 2.9375, 8.125],
					"texture": "#0"
				},
				"down": {
					"uv": [8.6875, 0.5, 8.1875, 0.6875],
					"texture": "#0"
				}
			}
		},
		{
			"from": [6.34315, 0.75736, 5.74264],
			"to": [9.65685, 2.75736, 13.74264],
			"rotation": {
				"angle": -45,
				"axis": "y",
				"origin": [8, 1.75736, 9.74264]
			},
			"faces": {
				"north": {
					"uv": [11, 6.6875, 11.1875, 6.8125],
					"texture": "#0"
				},
				"east": {
					"uv": [9.4375, 2.9375, 9.9375, 3.0625],
					"texture": "#0"
				},
				"south": {
					"uv": [11, 6.875, 11.1875, 7],
					"texture": "#0"
				},
				"west": {
					"uv": [9.4375, 3.125, 9.9375, 3.25],
					"texture": "#0"
				},
				"up": {
					"uv": [2.4375, 8.5625, 2.25, 8.0625],
					"texture": "#0"
				},
				"down": {
					"uv": [2.6875, 8.0625, 2.5, 8.5625],
					"texture": "#0"
				}
			}
		},
		{
			"from": [6.34315, 0.75736, 5.74264],
			"to": [9.65685, 2.75736, 13.74264],
			"rotation": {
				"angle": 0,
				"axis": "y",
				"origin": [8, 1.75736, 9.74264]
			},
			"faces": {
				"north": {
					"uv": [11, 5.75, 11.1875, 5.875],
					"texture": "#0"
				},
				"east": {
					"uv": [9.4375, 0.375, 9.9375, 0.5],
					"texture": "#0"
				},
				"south": {
					"uv": [11, 6.125, 11.1875, 6.25],
					"texture": "#0"
				},
				"west": {
					"uv": [9.4375, 0.5625, 9.9375, 0.6875],
					"texture": "#0"
				},
				"up": {
					"uv": [4.875, 8.4375, 4.6875, 7.9375],
					"texture": "#0"
				},
				"down": {
					"uv": [5.125, 7.9375, 4.9375, 8.4375],
					"texture": "#0"
				}
			}
		},
		{
			"from": [4, 0.75736, 8.08579],
			"to": [12, 2.75736, 11.39949],
			"rotation": {
				"angle": -45,
				"axis": "y",
				"origin": [8, 1.75736, 9.74264]
			},
			"faces": {
				"north": {
					"uv": [9.375, 4.6875, 9.875, 4.8125],
					"texture": "#0"
				},
				"east": {
					"uv": [11, 5.375, 11.1875, 5.5],
					"texture": "#0"
				},
				"south": {
					"uv": [9.375, 4.875, 9.875, 5],
					"texture": "#0"
				},
				"west": {
					"uv": [11, 5.5625, 11.1875, 5.6875],
					"texture": "#0"
				},
				"up": {
					"uv": [8.5, 8.1875, 8, 8],
					"texture": "#0"
				},
				"down": {
					"uv": [7.625, 8.0625, 7.125, 8.25],
					"texture": "#0"
				}
			}
		},
		{
			"from": [3, -0.24264, 3.74264],
			"to": [13, 0.75736, 13.74264],
			"rotation": {
				"angle": 0,
				"axis": "y",
				"origin": [8, 0.25736, 8.74264]
			},
			"faces": {
				"north": {
					"uv": [10.0625, 9.25, 10.6875, 9.3125],
					"texture": "#0"
				},
				"east": {
					"uv": [10.125, 3.625, 10.75, 3.6875],
					"texture": "#0"
				},
				"south": {
					"uv": [10.25, 1, 10.875, 1.0625],
					"texture": "#0"
				},
				"west": {
					"uv": [1.75, 10.25, 2.375, 10.3125],
					"texture": "#0"
				},
				"up": {
					"uv": [0.625, 6.75, 0, 6.125],
					"texture": "#0"
				},
				"down": {
					"uv": [1.3125, 6.125, 0.6875, 6.75],
					"texture": "#0"
				}
			}
		}
	]
}