{
	"model": {
		"type": "minecraft:select",
		"property": "minecraft:custom_model_data",
		"cases": [
			{
				"when": "AJ_INTERNAL_EMPTY",
				"model": {
					"type": "minecraft:model",
					"model": "animated_java:empty"
				}
			},
			{
				"when": "empty_both",
				"model": {
					"type": "minecraft:model",
					"model": "animated_java:blueprint/mech_torso/empty_both/drill_right",
					"tints": [
						{"type": "minecraft:dye", "default": [1, 1, 1]}
					]
				}
			},
			{
				"when": "sword_right",
				"model": {
					"type": "minecraft:model",
					"model": "animated_java:blueprint/mech_torso/sword_right/drill_right",
					"tints": [
						{"type": "minecraft:dye", "default": [1, 1, 1]}
					]
				}
			},
			{
				"when": "drill_right",
				"model": {
					"type": "minecraft:model",
					"model": "animated_java:blueprint/mech_torso/drill_right/drill_right",
					"tints": [
						{"type": "minecraft:dye", "default": [1, 1, 1]}
					]
				}
			},
			{
				"when": "rocket_right",
				"model": {
					"type": "minecraft:model",
					"model": "animated_java:blueprint/mech_torso/rocket_right/drill_right",
					"tints": [
						{"type": "minecraft:dye", "default": [1, 1, 1]}
					]
				}
			},
			{
				"when": "cannon_right",
				"model": {
					"type": "minecraft:model",
					"model": "animated_java:blueprint/mech_torso/cannon_right/drill_right",
					"tints": [
						{"type": "minecraft:dye", "default": [1, 1, 1]}
					]
				}
			},
			{
				"when": "empty_right",
				"model": {
					"type": "minecraft:model",
					"model": "animated_java:blueprint/mech_torso/empty_right/drill_right",
					"tints": [
						{"type": "minecraft:dye", "default": [1, 1, 1]}
					]
				}
			}
		],
		"fallback": {
			"type": "minecraft:model",
			"model": "animated_java:blueprint/mech_torso/drill_right",
			"tints": [
				{"type": "minecraft:dye", "default": [1, 1, 1]}
			]
		}
	}
}