{
	"model": {
		"type": "minecraft:select",
		"property": "minecraft:custom_model_data",
		"cases": [
			{
				"when": "AJ_INTERNAL_EMPTY",
				"model": {
					"type": "minecraft:model",
					"model": "animated_java:empty"
				}
			},
			{
				"when": "empty_both",
				"model": {
					"type": "minecraft:model",
					"model": "animated_java:blueprint/mech_torso/empty_both/rocket_left",
					"tints": [
						{"type": "minecraft:dye", "default": [1, 1, 1]}
					]
				}
			},
			{
				"when": "sword_left",
				"model": {
					"type": "minecraft:model",
					"model": "animated_java:blueprint/mech_torso/sword_left/rocket_left",
					"tints": [
						{"type": "minecraft:dye", "default": [1, 1, 1]}
					]
				}
			},
			{
				"when": "drill_left",
				"model": {
					"type": "minecraft:model",
					"model": "animated_java:blueprint/mech_torso/drill_left/rocket_left",
					"tints": [
						{"type": "minecraft:dye", "default": [1, 1, 1]}
					]
				}
			},
			{
				"when": "cannon_left",
				"model": {
					"type": "minecraft:model",
					"model": "animated_java:blueprint/mech_torso/cannon_left/rocket_left",
					"tints": [
						{"type": "minecraft:dye", "default": [1, 1, 1]}
					]
				}
			},
			{
				"when": "rocket_left",
				"model": {
					"type": "minecraft:model",
					"model": "animated_java:blueprint/mech_torso/rocket_left/rocket_left",
					"tints": [
						{"type": "minecraft:dye", "default": [1, 1, 1]}
					]
				}
			},
			{
				"when": "empty_left",
				"model": {
					"type": "minecraft:model",
					"model": "animated_java:blueprint/mech_torso/empty_left/rocket_left",
					"tints": [
						{"type": "minecraft:dye", "default": [1, 1, 1]}
					]
				}
			}
		],
		"fallback": {
			"type": "minecraft:model",
			"model": "animated_java:blueprint/mech_torso/rocket_left",
			"tints": [
				{"type": "minecraft:dye", "default": [1, 1, 1]}
			]
		}
	}
}