{
    "pools": [
      {
        "rolls": 1,
        "entries": [
          {
            "type": "minecraft:item",
            "name": "minecraft:jigsaw",
            "functions": [
              {
                "function": "minecraft:set_name",
                "name": [
                  {
                    "translate": "exp_modules_secondary_swift",
                    "color": "white",
                    "italic": false
                  },
                  {
                    "translate": "exp_modules_heatresist_name",
                    "italic": false
                  },
                  {
                    "translate": "exp_modules_mk1"
                  }
                ]
              },
              {
                "function": "minecraft:set_components",
                    "components": {
                      "item_model": "expansion:modules/equipment",
                      "custom_model_data": {
                        "strings": ["cooling"],
                        "floats": [1]
                      },
                    "minecraft:max_stack_size": 64,
                    "!minecraft:max_damage": {},
                    "minecraft:unbreakable": {},
                        "tooltip_display": {"hidden_components":["minecraft:unbreakable"]}
                    }
              },
              {
                "function": "minecraft:set_custom_data",
                "tag": "{exp_item:{name:\"heat_resist_module\",crafting_count:1,max_stack_size:64},upgrade_module:1b,secondary:\"swift\",mk:1,cold_resist:{modifier:-4},heat_resist:{modifier:-1},max_damage:{add_percent:-40},speed:{add_percent:15},allowedIDs:[103,102,101,100],icon:{layer1:\"\ufb01\",layer2:\"\uff41\"}}"
              },
              {
                "function": "minecraft:set_lore",
                "mode": "replace_all",
                "lore": [
                  {
                    "text": ""
                  },
                  {
                    "translate": "exp_modules_ifadded"
                  },
                  [
                    {
                      "translate": "exp_modules_coldresist_lore"
                    },
                    {
                      "text": "-4",
                      "color": "red",
                      "bold": true,
                      "italic": false
                    }
                  ],
                  [
                    {
                      "translate": "exp_modules_heatresist_lore"
                    },
                    {
                      "text": "+2",
                      "color": "green",
                      "bold": true,
                      "italic": false
                    }
                  ]
                ]
              },
              {
                "function": "minecraft:reference",
                "name": "expansion:modules/swift_lore"
              },
              {
                "function": "minecraft:reference",
                "name": "expansion:modules/moduletip"
              }
            ]
          }
        ]
      }
    ]
  }
  