[
  {
    "function": "minecraft:copy_custom_data",
    "source": {
      "type": "minecraft:storage",
      "source": "expansion:temp"
    },
    "ops": [
      {
        "source": "ModStorage",
        "target": "ModStorage",
        "op": "replace"
      }
    ]
  },
  {
    "function": "minecraft:set_lore",
    "entity": "this",
    "lore": [
      [
        [
          {
            "translate": "exp_modules_oxygenlvl_lore"
          },
          {
            "score": {
              "name": "#temp",
              "objective": "exp.oxygen_percent"
            },
            "color": "aqua",
            "bold": true,
            "italic": false
          },
          {
            "text": "%",
            "color": "aqua",
            "bold": true
          }
        ]
      ]
    ],
    "mode": "replace_section",
    "offset": 5,
    "size": 1
  }
]
