{
    "parent": "expansion:progression/get_guide",
    "display": {
        "title": {
            "translate": "exp_advancement_getarcfurnace_title"
        },
        "description": {
            "translate": "exp_advancement_getarcfurnace_desc"
        },
        "icon": {
          "id": "minecraft:carrot_on_a_stick",
          "components": {
            "item_model": "expansion:blocks/arc_furnace"
          }
        },
        "frame": "task",
        "show_toast": true,
        "announce_to_chat": true,
        "hidden": false
    },
    "criteria": {
        "expansion:get_arcfurnace": {
            "trigger": "minecraft:inventory_changed",
            "conditions": {
                "items": [
                    {
                        "predicates": {
                            "minecraft:custom_data": "{exp_item:{name:\"arc_furnace\"}}"
                        }
                    }
                ]
            }
        }
    },
    "requirements": [
        [
            "expansion:get_arcfurnace"
        ]
    ]
}