{
    "parent": "expansion:progression/space",
    "display": {
        "title": {
            "translate": "exp_advancement_jupiter_title"
        },
        "description": {
            "translate": "exp_advancement_jupiter_desc"
        },
        "icon": {
            "id": "minecraft:player_head",
            "components": {
                "minecraft:profile": {
                  "id": [
                    -1818032849,
                    1012220503,
                    -1426985022,
                    -1815857567
                  ],
                  "properties": [
                    {
                      "name": "textures",
                      "value": "eyJ0ZXh0dXJlcyI6eyJTS0lOIjp7InVybCI6Imh0dHA6Ly90ZXh0dXJlcy5taW5lY3JhZnQubmV0L3RleHR1cmUvYjhhYWE4YTM1NjFlODBlZjFmOTU2MWYxNzIxMWU3NzBkZTE4YTlmOThjMjY5MWVjZjlkNjk2NTU5YTFiOTE4YyJ9fX0"
                    }
                  ]
                }
              }
        },
        "frame": "task",
        "show_toast": true,
        "announce_to_chat": true,
        "hidden": false
    },
    "criteria": {
        "expansion:goto_jupiter": {
            "trigger": "minecraft:location",
            "conditions": {
                "player": {
                    "location": {
                        "dimension": "expansion:jupiter"
                    }
                }
            }
        }
    },
    "requirements": [
        [
            "expansion:goto_jupiter"
        ]
    ]
}
