{
    "parent": "expansion:progression/get_extractor",
    "display": {
        "title": {
            "translate": "exp_advancement_lacrymae_title"
        },
        "description": {
            "translate": "exp_advancement_lacrymae_desc"
        },
        "icon": {
            "id": "minecraft:poisonous_potato",
            "components": {
                "item_model": "expansion:fuel_cell",
                "custom_model_data": {
                    "floats": [1,100],
                    "strings": ["lacrymae"]
                }
            }
        },
        "frame": "task",
        "show_toast": true,
        "announce_to_chat": false,
        "hidden": false
    },
    "criteria": {
        "expansion:extract_lacrymae": {
            "trigger": "minecraft:inventory_changed",
            "conditions": {
                "items": [
                    {
                        "items": [
                            "minecraft:carrot_on_a_stick"
                        ],
                        "predicates": {
                            "custom_data": {
                                "exp_item":{
                                  "name":"fuel_cell"
                                }
                              }
                        },
                        "components": {
                            "custom_model_data": {
                                "floats": [
                                    1,
                                    100
                                ],
                                "strings": ["lacrymae"]
                            }
                        }
                    }
                ]
            }
        }
    },
    "requirements": [
        [
            "expansion:extract_lacrymae"
        ]
    ]
}
