{
    "display": {
        "title": {
            "translate": "exp_advancement_root_title"
        },
        "description": {
            "translate": "exp_advancement_root_desc"
        },
        "icon": {
          "id": "minecraft:carrot_on_a_stick",
          "components": {
            "item_model": "expansion:vehicles/spaceship",
            "custom_model_data": {
                "strings": ["spaceship"]
            }
          }
        },
        "frame": "task",
        "show_toast": true,
        "announce_to_chat": false,
        "hidden": false,
        "background": "expansion:guides/star_sky"
    },
    "criteria": {
        "tick": {
            "trigger": "minecraft:tick"
        }
    }
}
