{
  "parent": "expansion:progression/get_assembler",
  "display": {
    "title": {
      "translate": "exp_advancement_tradeship_title"
    },
    "description": {
      "translate": "exp_advancement_tradeship_desc"
    },
    "icon": {
          "id": "minecraft:carrot_on_a_stick",
          "components": {
            "item_model": "expansion:vehicles/spaceship",
            "custom_model_data": {
              "strings": ["spaceship"]
            }
          }
    },
    "frame": "goal",
    "show_toast": true,
    "announce_to_chat": true,
    "hidden": false
  },
  "criteria": {
    "expansion:get_spaceship": {
      "trigger": "minecraft:inventory_changed",
      "conditions": {
          "items": [
              {
                  "items": [
                      "minecraft:carrot_on_a_stick"
                  ],
                  "predicates": {
                  "minecraft:custom_data": "{exp_item:{name:\"spaceship\"}}"
                }
              }
          ]
      }
    }
  },
  "requirements": [
    [
      "expansion:get_spaceship"
    ]
  ]
}
