{
    "pools": [
      {
        "rolls": 1,
        "entries": [
          {
            "type": "minecraft:loot_table",
            "weight": 20,
            "value": "expansion:items/modules/random_mk1"
          },
          {
            "type": "minecraft:loot_table",
            "weight": 20,
            "value": "expansion:items/modules/random_mk2"
          },
          {
            "type": "minecraft:loot_table",
            "weight": 20,
            "value": "expansion:items/modules/random_mk3"
          }
        ]
      }
    ]
  }