{
    "pools": [
      {
        "rolls": 1,
        "entries": [
          {
            "type": "minecraft:item",
            "name": "minecraft:jigsaw",
            "functions": [
              {
                "function": "minecraft:set_name",
                "name": {
                  "translate": "exp_modules_rocket_name",
                  "color": "white",
                  "italic": false
                },
                "entity": "this"
              },
              {
                "function": "minecraft:set_components",
                    "components": {
                      "item_model": "expansion:modules/equipment",
                      "custom_model_data": {
                        "strings": ["rocket"],
                        "floats": [1]
                      },
                    "minecraft:max_stack_size": 64,
                    "!minecraft:max_damage": {},
                    "minecraft:unbreakable": {},
                        "tooltip_display": {"hidden_components":["minecraft:unbreakable"]}
                    }
              },
              {
                "function": "minecraft:set_custom_data",
                "tag": "{exp_item:{name:\"rocket_module\",crafting_count:1,max_stack_size:64},upgrade_module:1b,cold_resist:{modifier:1},heat_resist:{modifier:-5},allowedIDs:[100],icon:{layer1:\"\ufb01\",layer2:\"\uff46\"}}"
              },
              {
                "function": "minecraft:set_lore",
                "mode": "replace_all",
                "lore": [
                  {
                    "text": ""
                  },
                  {
                    "translate": "exp_modules_ifadded"
                  },
                  [
                    {
                      "translate": "exp_modules_coldresist_lore"
                    },
                    {
                      "text": "+1",
                      "color": "green",
                      "bold": true,
                      "italic": false
                    }
                  ],
                  [
                    {
                      "translate": "exp_modules_heatresist_lore"
                    },
                    {
                      "text": "-5",
                      "color": "red",
                      "bold": true,
                      "italic": false
                    }
                  ],
                  [
                    {
                      "translate": "exp_modules_rocket_lore"
                    },
                    {
                      "translate": "exp_modules_unstackeable"
                    }
                  ]
                ]
              },
              {
                "function": "minecraft:reference",
                "name": "expansion:modules/moduletip"
              }
            ]
          }
        ]
      }
    ]
  }
  