{
    "pools": [
      {
        "rolls": 1,
        "entries": [
          {
            "type": "minecraft:item",
            "name": "minecraft:jigsaw",
            "functions": [
              {
                "function": "minecraft:set_name",
                "name": {
                  "translate": "exp_modules_slot_name",
                  "italic": false
                },
                "entity": "this"
              },
              {
                "function": "minecraft:set_components",
                    "components": {
                      "item_model": "expansion:modules/equipment",
                      "custom_model_data": {
                        "strings": ["slot"],
                        "floats": [3]
                      },
                    "minecraft:max_stack_size": 64,
                    "!minecraft:max_damage": {},
                    "minecraft:unbreakable": {},
                        "tooltip_display": {"hidden_components":["minecraft:unbreakable"]}
                    }
              },
              {
                "function": "minecraft:set_custom_data",
                "tag": "{exp_item:{name:\"slot_module\",crafting_count:1,max_stack_size:64},upgrade_module:1b,allowedIDs:[103,102,101,100],icon:{layer1:\"\ufb03\",layer2:\"\uff47\"}}"
              },
              {
                "function": "minecraft:set_lore",
                "mode": "replace_all",
                "lore": [
                  {
                    "text": ""
                  },
                  {
                    "translate": "exp_modules_ifadded"
                  },
                  [
                    {
                      "translate": "exp_modules_slot_lore"
                    },
                    {
                      "text": "+1",
                      "color": "green",
                      "bold": true,
                      "italic": false
                    }
                  ],
                  {
                    "text": ""
                  },
                  {
                    "text": ""
                  },
                  {
                    "translate": "exp_modules_permanent"
                  }
                ]
              },
              {
                "function": "minecraft:reference",
                "name": "expansion:modules/moduletip"
              }
            ]
          }
        ]
      }
    ]
  }
  