{
	"borukva-food:fertilizer": "bone_meal",
	"borukva-food:soil_analizator": "iron_ingot",
	"borukva-food:knife": "farmersdelight:iron_knife",
	"borukva-food:harvest_sickle": "iron_hoe",
	"borukva-food:compost": "bone_meal",
	"borukva-food:rice": "farmersdelight:rice",
	"borukva-food:rice_panicle": "farmersdelight:fried_rice",
	"borukva-food:rice_bowl": "farmersdelight:cooked_rice",
	"borukva-food:salmon_fillet": "cooked_salmon",
	"borukva-food:salmon_maki": "cooked_salmon",
	"borukva-food:salmon_nigiri": "cooked_salmon",
	"borukva-food:salmon_uramaki": "cooked_salmon",
	"borukva-food:onigiri": "baked_potato",
	"borukva-food:nori": "baked_potato",
	"borukva-food:sauerkraut": "baked_potato",
	"borukva-food:salo": "baked_potato",
	"borukva-food:sunflower_seed": "sunflower",
	"borukva-food:roasted_sunflower_seed": "sunflower",
	"borukva-food:tomato_seeds": "farmersdelight:tomato_seeds",
	"borukva-food:cabbage_seeds": "farmersdelight:cabbage_seeds",
	"borukva-food:corn_seeds": "potato",
	"borukva-food:chilli_pepper_seeds": "potato",
	"borukva-food:cucumber_seeds": "potato",
	"borukva-food:lettuce_seeds": "farmersdelight:cabbage_seeds",
	"borukva-food:onion_seeds": "farmersdelight:onion",
	"borukva-food:tomato": "farmersdelight:tomato",
	"borukva-food:cabbage": "farmersdelight:cabbage",
	"borukva-food:chilli_pepper": "potato",
	"borukva-food:corn": "sunflower",
	"borukva-food:cucumber": "potato",
	"borukva-food:lettuce": "farmersdelight:cabbage_leaf",
	"borukva-food:lemon": "potato",
	"borukva-food:blackcurrants": "sweet_berries",
	"borukva-food:gooseberry": "sweet_berries",
	"borukva-food:onion": "potato",
	"borukva-food:salt": "potato",
	"borukva-food:waffle": "bread",
	"borukva-food:chocolate_bar": "bread",
	"borukva-food:oil": "potion",
	"borukva-food:guacamole": "potato",
	"borukva-food:hot_spice": "potato",
	"borukva-food:ketchup": "farmersdelight:tomato_sauce",
	"borukva-food:mayonnaise": "potato",
	"borukva-food:meat_pizza_slice": "pumpkin_pie",
	"borukva-food:vegan_pizza_slice": "pumpkin_pie",
	"borukva-food:chocolate_ice_cream": "pumpkin_pie",
	"borukva-food:ice_cream": "pumpkin_pie",
	"borukva-food:sweet_berry_cookie": "farmersdelight:sweet_berry_cookie",
	"borukva-food:blackcurrant_cookie": "farmersdelight:sweet_berry_cookie",
	"borukva-food:beef_sandwich": "farmersdelight:bacon_sandwich",
	"borukva-food:tomato_sandwich": "farmersdelight:bacon_sandwich",
	"borukva-food:bread_slice": "bread",
	"borukva-food:borsch": "bread",
	"borukva-food:broth": "mushroom_stew",
	"borukva-food:rotten_soup": "mushroom_stew",
	"borukva-food:beef_slices": "beef",
	"borukva-food:vegan_barbecue": "potato",
	"borukva-food:cooked_vegan_barbecue": "baked_potato",
	"borukva-food:beef_barbecue": "beef",
	"borukva-food:cooked_beef_barbecue": "cooked_beef",
	"borukva-food:pickle_jar": "pumpkin_pie",
	"borukva-food:lemon_pie": "pumpkin_pie",
	"borukva-food:apple_pie": "farmersdelight:apple_pie",
	"borukva-food:honey_pie": "pumpkin_pie",
	"borukva-food:pickle": "potato",
	"borukva-food:empty_jar": "glass",
	"borukva-food:apple_candy": "pumpkin_pie",
	"borukva-food:honey_candy": "pumpkin_pie",
	"borukva-food:jack_candy": "pumpkin_pie",
	"borukva-food:pumpkin_candy": "pumpkin_pie",
	"borukva-food:lemon_candy": "pumpkin_pie",
	"borukva-food:salt_popcorn": "pumpkin_pie",
	"borukva-food:chocolate_popcorn": "pumpkin_pie",
	"borukva-food:cheese_popcorn": "pumpkin_pie",
	"borukva-food:popcorn": "pumpkin_pie",
	"borukva-food:cheese": "pumpkin_pie",
	"borukva-food:tomato_slices": "farmersdelight:tomato_sauce",
	"borukva-food:cucumber_slices": "pumpkin_pie",
	"borukva-food:lavash": "pumpkin_pie",
	"borukva-food:shawarma": "pumpkin_pie",
	"borukva-food:beef_salad": "farmersdelight:mixed_salad",
	"borukva-food:vegetable_salad": "farmersdelight:mixed_salad",
	"borukva-food:cooked_beef_slices": "farmersdelight:beef_patty",
	"borukva-food:avocado": "potato",
	"borukva-food:tomato_crop": "farmersdelight:tomato",
	"borukva-food:cabbage_crop": "farmersdelight:cabbage",
	"borukva-food:corn_crop": "sunflower",
	"borukva-food:chilli_pepper_crop": "potato",
	"borukva-food:lettuce_crop": "farmersdelight:cabbage",
	"borukva-food:cucumber_crop": "carrot",
	"borukva-food:onion_crop": "farmersdelight:onion",
	"borukva-food:rice_crop": "farmersdelight:rice_panicle",
	"borukva-food:fertilizer_sprayer": "smooth_stone",
	"borukva-food:better_farmland": "farmland",
	"borukva-food:meat_pizza": "cake",
	"borukva-food:vegan_pizza": "cake",
	"borukva-food:stove": "farmersdelight:stove",
	"borukva-food:pan": "farmersdelight:skillet",
	"borukva-food:cutting_board": "farmersdelight:cutting_board",
	"borukva-food:beetroot_crate": "blockus:beetroot_crate",
	"borukva-food:cabbage_crate": "farmersdelight:cabbage_crate",
	"borukva-food:carrot_crate": "blockus:carrot_crate",
	"borukva-food:chilli_pepper_crate": "blockus:potato_crate",
	"borukva-food:corn_crate": "blockus:potato_crate",
	"borukva-food:cucumber_crate": "blockus:potato_crate",
	"borukva-food:lettuce_crate": "farmersdelight:cabbage_crate",
	"borukva-food:potato_crate": "blockus:potato_crate",
	"borukva-food:tomato_crate": "farmersdelight:tomato_crate",
	"borukva-food:onion_crate": "farmersdelight:onion_crate",
	"borukva-food:rice_crate": "farmersdelight:rice_bag",
	"borukva-food:salt_block": "calcite",
	"borukva-food:lemon_log": "jungle_log",
	"borukva-food:lemon_wood": "jungle_wood",
	"borukva-food:stripped_lemon_log": "stripped_jungle_log",
	"borukva-food:stripped_lemon_wood": "stripped_jungle_wood",
	"borukva-food:lemon_leaves": "jungle_leaves",
	"borukva-food:lemon_planks": "jungle_planks",
	"borukva-food:lemon_sapling": "jungle_sapling",
	"borukva-food:avocado_log": "jungle_log",
	"borukva-food:avocado_wood": "jungle_wood",
	"borukva-food:stripped_avocado_log": "stripped_jungle_log",
	"borukva-food:stripped_avocado_wood": "stripped_jungle_wood",
	"borukva-food:avocado_leaves": "jungle_leaves",
	"borukva-food:avocado_planks": "jungle_planks",
	"borukva-food:avocado_sapling": "jungle_sapling",
	"borukva-food:chocolate_cake": "cake",
	"borukva-food:honey_cake": "cake",
	"borukva-food:lemon_fruit_leaves": "jungle_leaves",
	"borukva-food:avocado_fruit_leaves": "jungle_leaves",
	"televator:televator": "curiosities:light_blue_elevator",
	"restart_detector:restart_detector": "minecraft:quartz_slab",
	"restart_detector:tps_detector": "minecraft:quartz_slab"
}