{
  "type": "minecraft:block",
  "pools": [
    {
      "rolls": 1,
      "entries": [
        {
          "type": "minecraft:alternatives",
          "children": [
            {
              "type": "minecraft:item",
              "name": "minecraft:cake",
              "functions": [
                {
                  "function": "minecraft:set_components",
                  "components": {
                    "minecraft:item_model": "tcc:cake"
                  }
                },
                {
                  "function": "minecraft:copy_state",
                  "block": "minecraft:cake",
                  "properties": [
                    "bites"
                  ]
                }
              ],
              "conditions": [
                {
                  "condition": "minecraft:inverted",
                  "term": {
                    "condition": "minecraft:block_state_property",
                    "block": "minecraft:cake",
                    "properties": {
                      "bites": "0"
                    }
                  }
                }
              ]
            },
            {
              "type": "minecraft:item",
              "name": "minecraft:cake"
            }
          ]
        }
      ]
    }
  ],
  "random_sequence": "minecraft:blocks/cake",
  "__smithed__": {
    "rules": [
      {
        "type": "merge",
        "target": "pools",
        "source": {
          "type": "reference",
          "path": "pools"
        }
      }
    ]
  }
}
