{
  "type": "minecraft:block",
  "pools": [
    {
      "rolls": 1,
      "bonus_rolls": 0,
      "entries": [
        {
          "type": "minecraft:alternatives",
          "children": [
            {
              "type": "minecraft:item",
              "name": "minecraft:composter",
              "functions": [
                {
                  "function": "minecraft:copy_state",
                  "properties": [
                    "level"
                  ],
                  "block": "minecraft:composter"
                },
                {
                  "function": "minecraft:set_components",
                  "components": {
                    "minecraft:item_model": "tcc:block/composter"
                  }
                },
                {
                  "function": "minecraft:set_lore",
                  "lore": [
                    {
                      "translate": "block.tcc.filled_composter.compost_level",
                      "with": [
                        "1"
                      ],
                      "italic": false,
                      "color": "gray"
                    }
                  ],
                  "mode": "replace_all",
                  "conditions": [
                    {
                      "condition": "minecraft:block_state_property",
                      "properties": {
                        "level": "1"
                      },
                      "block": "minecraft:composter"
                    }
                  ]
                },
                {
                  "function": "minecraft:set_lore",
                  "lore": [
                    {
                      "translate": "block.tcc.filled_composter.compost_level",
                      "with": [
                        "2"
                      ],
                      "italic": false,
                      "color": "gray"
                    }
                  ],
                  "mode": "replace_all",
                  "conditions": [
                    {
                      "condition": "minecraft:block_state_property",
                      "properties": {
                        "level": "2"
                      },
                      "block": "minecraft:composter"
                    }
                  ]
                },
                {
                  "function": "minecraft:set_lore",
                  "lore": [
                    {
                      "translate": "block.tcc.filled_composter.compost_level",
                      "with": [
                        "3"
                      ],
                      "italic": false,
                      "color": "gray"
                    }
                  ],
                  "mode": "replace_all",
                  "conditions": [
                    {
                      "condition": "minecraft:block_state_property",
                      "properties": {
                        "level": "3"
                      },
                      "block": "minecraft:composter"
                    }
                  ]
                },
                {
                  "function": "minecraft:set_lore",
                  "lore": [
                    {
                      "translate": "block.tcc.filled_composter.compost_level",
                      "with": [
                        "4"
                      ],
                      "italic": false,
                      "color": "gray"
                    }
                  ],
                  "mode": "replace_all",
                  "conditions": [
                    {
                      "condition": "minecraft:block_state_property",
                      "properties": {
                        "level": "4"
                      },
                      "block": "minecraft:composter"
                    }
                  ]
                },
                {
                  "function": "minecraft:set_lore",
                  "lore": [
                    {
                      "translate": "block.tcc.filled_composter.compost_level",
                      "with": [
                        "5"
                      ],
                      "italic": false,
                      "color": "gray"
                    }
                  ],
                  "mode": "replace_all",
                  "conditions": [
                    {
                      "condition": "minecraft:block_state_property",
                      "properties": {
                        "level": "5"
                      },
                      "block": "minecraft:composter"
                    }
                  ]
                },
                {
                  "function": "minecraft:set_lore",
                  "lore": [
                    {
                      "translate": "block.tcc.filled_composter.compost_level",
                      "with": [
                        "6"
                      ],
                      "italic": false,
                      "color": "gray"
                    }
                  ],
                  "mode": "replace_all",
                  "conditions": [
                    {
                      "condition": "minecraft:block_state_property",
                      "properties": {
                        "level": "6"
                      },
                      "block": "minecraft:composter"
                    }
                  ]
                },
                {
                  "function": "minecraft:set_lore",
                  "lore": [
                    {
                      "translate": "block.tcc.filled_composter.compost_level",
                      "with": [
                        "7"
                      ],
                      "italic": false,
                      "color": "gray"
                    }
                  ],
                  "mode": "replace_all",
                  "conditions": [
                    {
                      "condition": "minecraft:block_state_property",
                      "properties": {
                        "level": "8"
                      },
                      "block": "minecraft:composter"
                    }
                  ]
                }
              ],
              "conditions": [
                {
                  "condition": "minecraft:match_tool",
                  "predicate": {
                    "predicates": {
                      "minecraft:enchantments": [
                        {
                          "enchantments": "minecraft:silk_touch"
                        }
                      ]
                    }
                  }
                },
                {
                  "condition": "minecraft:inverted",
                  "term": {
                    "condition": "minecraft:block_state_property",
                    "block": "minecraft:composter",
                    "properties": {
                      "level": "0"
                    }
                  }
                },
                {
                  "condition": "minecraft:inverted",
                  "term": {
                    "condition": "minecraft:block_state_property",
                    "block": "minecraft:composter",
                    "properties": {
                      "level": "7"
                    }
                  }
                }
              ]
            },
            {
              "type": "minecraft:item",
              "name": "minecraft:composter",
              "functions": [
                {
                  "function": "minecraft:set_components",
                  "components": {
                    "minecraft:block_state": {
                      "level": "8"
                    }
                  }
                },
                {
                  "function": "minecraft:set_lore",
                  "lore": [
                    {
                      "translate": "block.tcc.filled_composter.compost_level",
                      "with": [
                        "7"
                      ],
                      "italic": false,
                      "color": "gray"
                    }
                  ],
                  "mode": "replace_all"
                },
                {
                  "function": "minecraft:set_components",
                  "components": {
                    "minecraft:item_model": "tcc:block/composter"
                  }
                }
              ],
              "conditions": [
                {
                  "condition": "minecraft:match_tool",
                  "predicate": {
                    "predicates": {
                      "minecraft:enchantments": [
                        {
                          "enchantments": "minecraft:silk_touch"
                        }
                      ]
                    }
                  }
                },
                {
                  "condition": "minecraft:block_state_property",
                  "block": "minecraft:composter",
                  "properties": {
                    "level": "7"
                  }
                }
              ]
            },
            {
              "type": "minecraft:item",
              "name": "minecraft:composter",
              "functions": [
                {
                  "function": "minecraft:explosion_decay"
                }
              ]
            }
          ]
        }
      ]
    },
    {
      "rolls": 1,
      "bonus_rolls": 0,
      "entries": [
        {
          "type": "minecraft:item",
          "name": "minecraft:bone_meal"
        }
      ],
      "conditions": [
        {
          "condition": "minecraft:block_state_property",
          "block": "minecraft:composter",
          "properties": {
            "level": "8"
          }
        },
        {
          "condition": "minecraft:inverted",
          "term": {
            "condition": "minecraft:match_tool",
            "predicate": {
              "predicates": {
                "minecraft:enchantments": [
                  {
                    "enchantments": "minecraft:silk_touch"
                  }
                ]
              }
            }
          }
        }
      ]
    }
  ],
  "random_sequence": "minecraft:blocks/composter",
  "__smithed__": {
    "rules": [
      {
        "type": "merge",
        "target": "pools",
        "source": {
          "type": "reference",
          "path": "pools"
        }
      }
    ]
  }
}