{
  "type": "minecraft:block",
  "pools": [
    {
      "rolls": 1,
      "entries": [
        {
          "type": "minecraft:item",
          "name": "minecraft:green_candle"
        }
      ]
    },
    {
      "rolls": 1,
      "entries": [
        {
          "type": "minecraft:item",
          "name": "minecraft:cake",
          "conditions": [
            {
              "condition": "minecraft:inverted",
              "term": {
                "condition": "minecraft:location_check",
                "predicate": {
                  "block": {
                    "blocks": [
                      "minecraft:cake"
                    ]
                  }
                }
              }
            }
          ]
        }
      ]
    }
  ],
  "random_sequence": "minecraft:blocks/green_candle_cake",
  "__smithed__": {
    "rules": [
      {
        "type": "append",
        "target": "pools",
        "source": {
          "type": "reference",
          "path": "pools[1]"
        }
      }
    ]
  }
}
