{
	"sources": [
		{
			"type": "minecraft:paletted_permutations",
			"palette_key": "minecraft:trims/color_palettes/trim_palette",
			"permutations": {
				"nebulite": "enderscape:trims/color_palettes/nebulite",
				"shadoline": "enderscape:trims/color_palettes/shadoline"
			},
			"textures": [
				"minecraft:trims/items/helmet_trim",
				"minecraft:trims/items/chestplate_trim",
				"minecraft:trims/items/leggings_trim",
				"minecraft:trims/items/boots_trim"
			]
		},
		{
			"resource": "farmersdelight:entity/signs/canvas",
			"type": "minecraft:single"
		},
		{
			"resource": "farmersdelight:entity/signs/hanging/canvas",
			"type": "minecraft:single"
		},
		{
			"resource": "farmersdelight:entity/signs/canvas_white",
			"type": "minecraft:single"
		},
		{
			"resource": "farmersdelight:entity/signs/hanging/canvas_white",
			"type": "minecraft:single"
		},
		{
			"resource": "farmersdelight:entity/signs/canvas_orange",
			"type": "minecraft:single"
		},
		{
			"resource": "farmersdelight:entity/signs/hanging/canvas_orange",
			"type": "minecraft:single"
		},
		{
			"resource": "farmersdelight:entity/signs/canvas_magenta",
			"type": "minecraft:single"
		},
		{
			"resource": "farmersdelight:entity/signs/hanging/canvas_magenta",
			"type": "minecraft:single"
		},
		{
			"resource": "farmersdelight:entity/signs/canvas_light_blue",
			"type": "minecraft:single"
		},
		{
			"resource": "farmersdelight:entity/signs/hanging/canvas_light_blue",
			"type": "minecraft:single"
		},
		{
			"resource": "farmersdelight:entity/signs/canvas_yellow",
			"type": "minecraft:single"
		},
		{
			"resource": "farmersdelight:entity/signs/hanging/canvas_yellow",
			"type": "minecraft:single"
		},
		{
			"resource": "farmersdelight:entity/signs/canvas_lime",
			"type": "minecraft:single"
		},
		{
			"resource": "farmersdelight:entity/signs/hanging/canvas_lime",
			"type": "minecraft:single"
		},
		{
			"resource": "farmersdelight:entity/signs/canvas_pink",
			"type": "minecraft:single"
		},
		{
			"resource": "farmersdelight:entity/signs/hanging/canvas_pink",
			"type": "minecraft:single"
		},
		{
			"resource": "farmersdelight:entity/signs/canvas_gray",
			"type": "minecraft:single"
		},
		{
			"resource": "farmersdelight:entity/signs/hanging/canvas_gray",
			"type": "minecraft:single"
		},
		{
			"resource": "farmersdelight:entity/signs/canvas_light_gray",
			"type": "minecraft:single"
		},
		{
			"resource": "farmersdelight:entity/signs/hanging/canvas_light_gray",
			"type": "minecraft:single"
		},
		{
			"resource": "farmersdelight:entity/signs/canvas_cyan",
			"type": "minecraft:single"
		},
		{
			"resource": "farmersdelight:entity/signs/hanging/canvas_cyan",
			"type": "minecraft:single"
		},
		{
			"resource": "farmersdelight:entity/signs/canvas_purple",
			"type": "minecraft:single"
		},
		{
			"resource": "farmersdelight:entity/signs/hanging/canvas_purple",
			"type": "minecraft:single"
		},
		{
			"resource": "farmersdelight:entity/signs/canvas_blue",
			"type": "minecraft:single"
		},
		{
			"resource": "farmersdelight:entity/signs/hanging/canvas_blue",
			"type": "minecraft:single"
		},
		{
			"resource": "farmersdelight:entity/signs/canvas_brown",
			"type": "minecraft:single"
		},
		{
			"resource": "farmersdelight:entity/signs/hanging/canvas_brown",
			"type": "minecraft:single"
		},
		{
			"resource": "farmersdelight:entity/signs/canvas_green",
			"type": "minecraft:single"
		},
		{
			"resource": "farmersdelight:entity/signs/hanging/canvas_green",
			"type": "minecraft:single"
		},
		{
			"resource": "farmersdelight:entity/signs/canvas_red",
			"type": "minecraft:single"
		},
		{
			"resource": "farmersdelight:entity/signs/hanging/canvas_red",
			"type": "minecraft:single"
		},
		{
			"resource": "farmersdelight:entity/signs/canvas_black",
			"type": "minecraft:single"
		},
		{
			"resource": "farmersdelight:entity/signs/hanging/canvas_black",
			"type": "minecraft:single"
		}
	]
}