{
    "providers": [
		{
            "type": "space",
            "advances": {
                " ": 4,
                "\u200c": 0,
				"\ufb06": -6,
				"\ufb07": 114.5,
				"\ufb09": -17,
				"\u2011": -6,

				"\u2010": -179,
				"\u2012": -100
            }
        },
		{
            "type": "bitmap",
            "file": "expansion:gui/sprites/hud/lacrymae_bar/empty_start.png",
			"ascent": -12,
			"height": 16,
			"chars": ["\ufb00"]
		},
		{
            "type": "bitmap",
            "file": "expansion:gui/sprites/hud/lacrymae_bar/empty.png",
			"ascent": -12,
			"height": 16,
			"chars": ["\ufb01"]
		},
		{
            "type": "bitmap",
            "file": "expansion:gui/sprites/hud/lacrymae_bar/empty_end.png",
			"ascent": -12,
			"height": 16,
			"chars": ["\ufb02"]
		},
		{
            "type": "bitmap",
            "file": "expansion:gui/sprites/hud/lacrymae_bar/full_start.png",
			"ascent": -12,
			"height": 16,
			"chars": ["\ufb03"]
		},
		{
            "type": "bitmap",
            "file": "expansion:gui/sprites/hud/lacrymae_bar/full.png",
			"ascent": -12,
			"height": 16,
			"chars": ["\ufb04"]
		},
		{
            "type": "bitmap",
            "file": "expansion:gui/sprites/hud/lacrymae_bar/full_end.png",
			"ascent": -12,
			"height": 16,
			"chars": ["\ufb05"]
		},
		{
            "type": "bitmap",
            "file": "expansion:gui/sprites/hud/invisible.png",
			"ascent": -12,
			"height": 16,
			"chars": ["\ufb08"]
		},
		{
            "type": "bitmap",
            "file": "expansion:gui/sprites/hud/lacrymae_bar/notank_start.png",
			"ascent": -12,
			"height": 16,
			"chars": ["\ufb0a"]
		},
		{
            "type": "bitmap",
            "file": "expansion:gui/sprites/hud/lacrymae_bar/notank.png",
			"ascent": -12,
			"height": 16,
			"chars": ["\ufb0b"]
		},
		{
            "type": "bitmap",
            "file": "expansion:gui/sprites/hud/lacrymae_bar/notank_end.png",
			"ascent": -12,
			"height": 16,
			"chars": ["\ufb0c"]
		},
		{
            "type": "bitmap",
            "file": "expansion:gui/sprites/hud/lacrymae_bar/full_half_start.png",
			"ascent": -12,
			"height": 16,
			"chars": ["\ufb0d"]
		},
		{
            "type": "bitmap",
            "file": "expansion:gui/sprites/hud/lacrymae_bar/full_half.png",
			"ascent": -12,
			"height": 16,
			"chars": ["\ufb0e"]
		},
		{
            "type": "bitmap",
            "file": "expansion:gui/sprites/hud/lacrymae_bar/full_half_end.png",
			"ascent": -12,
			"height": 16,
			"chars": ["\ufb0f"]
		}
	]
}