{
  "replace": false,
  "values": [
    {
      "id": "minecraft:copper_chest",
      "required": false
    },
    {
      "id": "minecraft:exposed_copper_chest",
      "required": false
    },
    {
      "id": "minecraft:weathered_copper_chest",
      "required": false
    },
    {
      "id": "minecraft:oxidized_copper_chest",
      "required": false
    },
    {
      "id": "minecraft:waxed_copper_chest",
      "required": false
    },
    {
      "id": "minecraft:waxed_exposed_copper_chest",
      "required": false
    },
    {
      "id": "minecraft:waxed_weathered_copper_chest",
      "required": false
    },
    {
      "id": "minecraft:waxed_oxidized_copper_chest",
      "required": false
    }
  ]
}
