{
    "pools": [
      {
        "rolls": 1,
        "entries": [
          {
            "type": "minecraft:item",
            "name": "minecraft:carrot_on_a_stick",
            "functions": [
              {
                "function": "minecraft:set_name",
                "name": {
                  "translate": "exp_cntrp_portal_name",
                  "italic": false
                },
                "entity": "this"
              },
              {
                "function": "minecraft:set_components",
                    "components": {
                      "minecraft:max_stack_size": 64,
                      "!minecraft:max_damage": {},
                      "minecraft:unbreakable": {},
                        "tooltip_display": {"hidden_components":["minecraft:unbreakable"]}
                    }
              },
              {
                "function": "minecraft:set_custom_data",
                "tag": "{exp_item:{name:\"portal\",crafting_count:1,max_stack_size:64,exp_block:1b,expansion_coas:1b}}"
              }
            ]
          }
        ]
      }
    ]
  }
  