{
	"textures": {
		"7": "animated_java:blueprint/rocket/button",
		"particle": "minecraft:item/pufferfish"
	},
	"display": {
		"head": {
			"rotation": [0, 180, 0]
		}
	},
	"elements": [
		{
			"from": [4.61612, 6.25165, 6.75],
			"to": [7.11612, 8.75165, 9.25],
			"rotation": {
				"angle": 45,
				"axis": "z",
				"origin": [7.11612, 10.65165, 9.25]
			},
			"faces": {
				"north": {
					"uv": [0, 0, 4, 4],
					"texture": "#7"
				},
				"east": {
					"uv": [0, 4, 4, 8],
					"texture": "#7"
				},
				"south": {
					"uv": [4, 0, 8, 4],
					"texture": "#7"
				},
				"west": {
					"uv": [4, 4, 8, 8],
					"texture": "#7"
				},
				"up": {
					"uv": [4, 12, 0, 8],
					"texture": "#7"
				},
				"down": {
					"uv": [12, 0, 8, 4],
					"texture": "#7"
				}
			}
		}
	]
}