{
	"textures": {
		"0": "expansion:vehicles/rocket/rocket_top",
		"1": "expansion:vehicles/rocket/rocket_engine",
		"2": "expansion:vehicles/rocket/rocket_walls",
		"3": "expansion:vehicles/rocket/rocket_interior",
		"6": "animated_java:blueprint/rocket/screens",
		"8": "animated_java:blueprint/rocket/black_filler",
		"particle": "minecraft:item/pufferfish"
	},
	"display": {
		"head": {
			"rotation": [0, 180, 0]
		}
	},
	"elements": [
		{
			"from": [6.75085, 16.95423, 13.79372],
			"to": [9.26394, 21.59309, 14.29633],
			"rotation": {
				"angle": -22.5,
				"axis": "x",
				"origin": [8.00002, 9.63384, 8.00056]
			},
			"faces": {
				"north": {
					"uv": [0, 0, 1.25, 2.31252],
					"texture": "#0"
				},
				"east": {
					"uv": [0, 6, 0.25, 8.31252],
					"texture": "#0"
				},
				"south": {
					"uv": [1.25, 4.25, 2.5, 6.56252],
					"texture": "#0"
				},
				"west": {
					"uv": [1, 6, 1.25, 8.31252],
					"texture": "#0"
				},
				"up": {
					"uv": [3.25, 7.25, 2, 7],
					"texture": "#0"
				},
				"down": {
					"uv": [8.25, 2.5, 7, 2.75],
					"texture": "#0"
				}
			}
		},
		{
			"from": [1.70371, 16.954, 6.73606],
			"to": [2.20633, 21.59286, 9.24915],
			"rotation": {
				"angle": -22.5,
				"axis": "z",
				"origin": [8.00002, 9.63384, 8.00056]
			},
			"faces": {
				"north": {
					"uv": [0.93752, 6, 1.18752, 8.31252],
					"texture": "#0"
				},
				"east": {
					"uv": [0, 2.75, 1.25, 5.06252],
					"texture": "#0"
				},
				"south": {
					"uv": [0, 6, 0.25, 8.31252],
					"texture": "#0"
				},
				"west": {
					"uv": [1.25, 4.25, 2.5, 6.56252],
					"texture": "#0"
				},
				"up": {
					"uv": [7.25, 4.25, 7, 3],
					"texture": "#0"
				},
				"down": {
					"uv": [3.75, 7, 3.5, 8.25],
					"texture": "#0"
				}
			}
		},
		{
			"from": [13.79368, 16.95402, 6.73606],
			"to": [14.29629, 21.59288, 9.24915],
			"rotation": {
				"angle": 22.5,
				"axis": "z",
				"origin": [8.00002, 9.63384, 8.00056]
			},
			"faces": {
				"north": {
					"uv": [0, 6, 0.25, 8.31252],
					"texture": "#0"
				},
				"east": {
					"uv": [1.25, 4.25, 2.5, 6.56252],
					"texture": "#0"
				},
				"south": {
					"uv": [1, 6, 1.25, 8.31252],
					"texture": "#0"
				},
				"west": {
					"uv": [3, 2.75, 4.25, 5.06252],
					"texture": "#0"
				},
				"up": {
					"uv": [4.25, 8.25, 4, 7],
					"texture": "#0"
				},
				"down": {
					"uv": [4.75, 7, 4.5, 8.25],
					"texture": "#0"
				}
			}
		},
		{
			"from": [6.75085, 16.9538, 1.70375],
			"to": [9.26394, 21.59266, 2.20637],
			"rotation": {
				"angle": 22.5,
				"axis": "x",
				"origin": [8.00002, 9.63384, 8.00056]
			},
			"faces": {
				"north": {
					"uv": [1.25, 4.25, 2.5, 6.56252],
					"texture": "#0"
				},
				"east": {
					"uv": [0.93752, 6, 1.18752, 8.31252],
					"texture": "#0"
				},
				"south": {
					"uv": [5, 6.18752, 6.25, 8.5],
					"texture": "#0"
				},
				"west": {
					"uv": [0, 6, 0.25, 8.31252],
					"texture": "#0"
				},
				"up": {
					"uv": [8.25, 4.75, 7, 4.5],
					"texture": "#0"
				},
				"down": {
					"uv": [8.25, 5, 7, 5.25],
					"texture": "#0"
				}
			}
		},
		{
			"from": [5.34334, 18.80628, 5.3339],
			"to": [10.66104, 19.3089, 10.66165],
			"rotation": {
				"angle": 45,
				"axis": "y",
				"origin": [8.00002, 9.63384, 8.00056]
			},
			"faces": {
				"north": {
					"uv": [5.625, 2.25, 7.40625, 2.40625],
					"texture": "#8"
				},
				"east": {
					"uv": [5.625, 2.4375, 7.40625, 2.59375],
					"texture": "#8"
				},
				"south": {
					"uv": [4.875, 5.9375, 6.65625, 6.09375],
					"texture": "#8"
				},
				"west": {
					"uv": [4.875, 6.125, 6.65625, 6.28125],
					"texture": "#8"
				},
				"up": {
					"uv": [1.78125, 1.78125, 0, 0],
					"texture": "#8"
				},
				"down": {
					"uv": [1.78125, 1.8125, 0, 3.59375],
					"texture": "#8"
				}
			}
		},
		{
			"from": [5.49413, 19.3089, 5.48469],
			"to": [10.51025, 19.81152, 10.51086],
			"rotation": {
				"angle": 45,
				"axis": "y",
				"origin": [8.00002, 10.13646, 8.00056]
			},
			"faces": {
				"north": {
					"uv": [5.625, 2.25, 7.40625, 2.40625],
					"texture": "#8"
				},
				"east": {
					"uv": [5.625, 2.4375, 7.40625, 2.59375],
					"texture": "#8"
				},
				"south": {
					"uv": [4.875, 5.9375, 6.65625, 6.09375],
					"texture": "#8"
				},
				"west": {
					"uv": [4.875, 6.125, 6.65625, 6.28125],
					"texture": "#8"
				},
				"up": {
					"uv": [1.78125, 1.78125, 0, 0],
					"texture": "#8"
				},
				"down": {
					"uv": [1.78125, 1.8125, 0, 3.59375],
					"texture": "#8"
				}
			}
		},
		{
			"from": [5.64491, 19.81152, 5.63547],
			"to": [10.35947, 20.31414, 10.36008],
			"rotation": {
				"angle": 45,
				"axis": "y",
				"origin": [8.00002, 10.63908, 8.00056]
			},
			"faces": {
				"north": {
					"uv": [5.625, 2.25, 7.40625, 2.40625],
					"texture": "#8"
				},
				"east": {
					"uv": [5.625, 2.4375, 7.40625, 2.59375],
					"texture": "#8"
				},
				"south": {
					"uv": [4.875, 5.9375, 6.65625, 6.09375],
					"texture": "#8"
				},
				"west": {
					"uv": [4.875, 6.125, 6.65625, 6.28125],
					"texture": "#8"
				},
				"up": {
					"uv": [1.78125, 1.78125, 0, 0],
					"texture": "#8"
				},
				"down": {
					"uv": [1.78125, 1.8125, 0, 3.59375],
					"texture": "#8"
				}
			}
		},
		{
			"from": [5.7957, 20.31414, 5.78626],
			"to": [10.20868, 20.81675, 10.20929],
			"rotation": {
				"angle": 45,
				"axis": "y",
				"origin": [8.00002, 11.14169, 8.00056]
			},
			"faces": {
				"north": {
					"uv": [5.625, 2.25, 7.40625, 2.40625],
					"texture": "#8"
				},
				"east": {
					"uv": [5.625, 2.4375, 7.40625, 2.59375],
					"texture": "#8"
				},
				"south": {
					"uv": [4.875, 5.9375, 6.65625, 6.09375],
					"texture": "#8"
				},
				"west": {
					"uv": [4.875, 6.125, 6.65625, 6.28125],
					"texture": "#8"
				},
				"up": {
					"uv": [1.78125, 1.78125, 0, 0],
					"texture": "#8"
				},
				"down": {
					"uv": [1.78125, 1.8125, 0, 3.59375],
					"texture": "#8"
				}
			}
		},
		{
			"from": [5.94648, 20.76649, 5.93704],
			"to": [10.0579, 21.26911, 10.05851],
			"rotation": {
				"angle": 45,
				"axis": "y",
				"origin": [8.00002, 11.59405, 8.00056]
			},
			"faces": {
				"north": {
					"uv": [5.625, 2.25, 7.40625, 2.40625],
					"texture": "#8"
				},
				"east": {
					"uv": [5.625, 2.4375, 7.40625, 2.59375],
					"texture": "#8"
				},
				"south": {
					"uv": [4.875, 5.9375, 6.65625, 6.09375],
					"texture": "#8"
				},
				"west": {
					"uv": [4.875, 6.125, 6.65625, 6.28125],
					"texture": "#8"
				},
				"up": {
					"uv": [1.78125, 1.78125, 0, 0],
					"texture": "#8"
				},
				"down": {
					"uv": [1.78125, 1.8125, 0, 3.59375],
					"texture": "#8"
				}
			}
		},
		{
			"from": [6.09727, 21.26911, 6.08783],
			"to": [9.90711, 21.77173, 9.90772],
			"rotation": {
				"angle": 45,
				"axis": "y",
				"origin": [8.00002, 12.09667, 8.00056]
			},
			"faces": {
				"north": {
					"uv": [5.625, 2.25, 7.40625, 2.40625],
					"texture": "#8"
				},
				"east": {
					"uv": [5.625, 2.4375, 7.40625, 2.59375],
					"texture": "#8"
				},
				"south": {
					"uv": [4.875, 5.9375, 6.65625, 6.09375],
					"texture": "#8"
				},
				"west": {
					"uv": [4.875, 6.125, 6.65625, 6.28125],
					"texture": "#8"
				},
				"up": {
					"uv": [1.78125, 1.78125, 0, 0],
					"texture": "#8"
				},
				"down": {
					"uv": [1.78125, 1.8125, 0, 3.59375],
					"texture": "#8"
				}
			}
		},
		{
			"from": [7.49738, 23.4555, 7.49738],
			"to": [8.50262, 23.95812, 8.50262],
			"rotation": {
				"angle": 0,
				"axis": "y",
				"origin": [8.00002, 9.63384, 8.00056]
			},
			"faces": {
				"north": {
					"uv": [6.375, 6.3125, 6.6875, 6.46875],
					"texture": "#8"
				},
				"east": {
					"uv": [0, 6.4375, 0.3125, 6.59375],
					"texture": "#8"
				},
				"south": {
					"uv": [0.3125, 6.4375, 0.625, 6.59375],
					"texture": "#8"
				},
				"west": {
					"uv": [0.625, 6.4375, 0.9375, 6.59375],
					"texture": "#8"
				},
				"up": {
					"uv": [2.875, 6.4375, 2.5625, 6.125],
					"texture": "#8"
				},
				"down": {
					"uv": [1.3125, 6.25, 1, 6.5625],
					"texture": "#8"
				}
			}
		},
		{
			"from": [7.12042, 23.20419, 7.12042],
			"to": [8.87958, 23.70681, 8.87958],
			"rotation": {
				"angle": 0,
				"axis": "y",
				"origin": [8.00002, 9.63384, 8.00056]
			},
			"faces": {
				"north": {
					"uv": [1.3125, 6.3125, 1.875, 6.46875],
					"texture": "#8"
				},
				"east": {
					"uv": [1.875, 6.3125, 2.4375, 6.46875],
					"texture": "#8"
				},
				"south": {
					"uv": [2.875, 6.3125, 3.4375, 6.46875],
					"texture": "#8"
				},
				"west": {
					"uv": [4.6875, 6.3125, 5.25, 6.46875],
					"texture": "#8"
				},
				"up": {
					"uv": [1.5625, 5.6875, 1, 5.125],
					"texture": "#8"
				},
				"down": {
					"uv": [6.1875, 1.125, 5.625, 1.6875],
					"texture": "#8"
				}
			}
		},
		{
			"from": [6.86911, 22.95288, 6.86911],
			"to": [9.13089, 23.4555, 9.13089],
			"rotation": {
				"angle": 0,
				"axis": "y",
				"origin": [8.00002, 9.63384, 8.00056]
			},
			"faces": {
				"north": {
					"uv": [6.1875, 1.6875, 6.90625, 1.84375],
					"texture": "#8"
				},
				"east": {
					"uv": [6.1875, 1.875, 6.90625, 2.03125],
					"texture": "#8"
				},
				"south": {
					"uv": [6.1875, 2.0625, 6.90625, 2.21875],
					"texture": "#8"
				},
				"west": {
					"uv": [3.9375, 6.1875, 4.65625, 6.34375],
					"texture": "#8"
				},
				"up": {
					"uv": [1.71875, 4.34375, 1, 3.625],
					"texture": "#8"
				},
				"down": {
					"uv": [1.71875, 4.375, 1, 5.09375],
					"texture": "#8"
				}
			}
		},
		{
			"from": [6.74346, 22.70157, 6.74346],
			"to": [9.25654, 23.20419, 9.25654],
			"rotation": {
				"angle": 0,
				"axis": "y",
				"origin": [8.00002, 9.63384, 8.00056]
			},
			"faces": {
				"north": {
					"uv": [7, 5.5, 8.25, 5.75],
					"texture": "#0"
				},
				"east": {
					"uv": [7, 6, 8.25, 6.25],
					"texture": "#0"
				},
				"south": {
					"uv": [7, 6.5, 8.25, 6.75],
					"texture": "#0"
				},
				"west": {
					"uv": [7, 7, 8.25, 7.25],
					"texture": "#0"
				},
				"up": {
					"uv": [3.375, 2.43752, 2.125, 1.18752],
					"texture": "#0"
				},
				"down": {
					"uv": [3.375, 1.18752, 2.125, 2.43752],
					"texture": "#0"
				}
			}
		},
		{
			"from": [10.51309, 4.73298, 6.75085],
			"to": [11.01571, 18.80628, 9.24915],
			"rotation": {
				"angle": 0,
				"axis": "y",
				"origin": [8.00002, 9.63384, 8.00056]
			},
			"faces": {
				"north": {
					"uv": [0.75, 7.25, 0.875, 10.75],
					"texture": "#2"
				},
				"east": {
					"uv": [5.25, 0, 5.875, 3.5],
					"texture": "#2"
				},
				"south": {
					"uv": [1, 7.25, 1.125, 10.75],
					"texture": "#2"
				},
				"west": {
					"uv": [5.25, 3.625, 5.875, 7.125],
					"texture": "#2"
				},
				"up": {
					"uv": [7.375, 6.5, 7.25, 5.875],
					"texture": "#2"
				},
				"down": {
					"uv": [6.125, 7.25, 6, 7.875],
					"texture": "#2"
				}
			}
		},
		{
			"from": [10.51349, 4.73298, 6.751],
			"to": [11.01611, 18.80628, 9.24929],
			"rotation": {
				"angle": 45,
				"axis": "y",
				"origin": [8.00002, 9.63384, 8.00056]
			},
			"faces": {
				"north": {
					"uv": [0.25, 7.25, 0.375, 10.75],
					"texture": "#2"
				},
				"east": {
					"uv": [4.5, 0, 5.125, 3.5],
					"texture": "#2"
				},
				"south": {
					"uv": [0.5, 7.25, 0.625, 10.75],
					"texture": "#2"
				},
				"west": {
					"uv": [4.5, 3.625, 5.125, 7.125],
					"texture": "#2"
				},
				"up": {
					"uv": [5.625, 7.875, 5.5, 7.25],
					"texture": "#2"
				},
				"down": {
					"uv": [5.875, 7.25, 5.75, 7.875],
					"texture": "#2"
				}
			}
		},
		{
			"from": [4.98429, 4.73298, 6.75085],
			"to": [5.48691, 18.80628, 9.24915],
			"rotation": {
				"angle": 0,
				"axis": "y",
				"origin": [8.00002, 9.63384, 8.00056]
			},
			"faces": {
				"north": {
					"uv": [0, 7.25, 0.125, 10.75],
					"texture": "#2"
				},
				"east": {
					"uv": [3.75, 0, 4.375, 3.5],
					"texture": "#2"
				},
				"south": {
					"uv": [7.25, 0, 7.375, 3.5],
					"texture": "#2"
				},
				"west": {
					"uv": [3.75, 3.625, 4.375, 7.125],
					"texture": "#2"
				},
				"up": {
					"uv": [7.375, 5.75, 7.25, 5.125],
					"texture": "#2"
				},
				"down": {
					"uv": [5.375, 7.25, 5.25, 7.875],
					"texture": "#2"
				}
			}
		},
		{
			"from": [4.9847, 4.73298, 6.751],
			"to": [5.48731, 18.80628, 9.24929],
			"rotation": {
				"angle": 45,
				"axis": "y",
				"origin": [8.00002, 9.63384, 8.00056]
			},
			"faces": {
				"north": {
					"uv": [7, 0, 7.125, 3.5],
					"texture": "#2"
				},
				"east": {
					"uv": [2.25, 3.625, 2.875, 7.125],
					"texture": "#2"
				},
				"south": {
					"uv": [7, 3.625, 7.125, 7.125],
					"texture": "#2"
				},
				"west": {
					"uv": [3, 3.625, 3.625, 7.125],
					"texture": "#2"
				},
				"up": {
					"uv": [7.375, 5, 7.25, 4.375],
					"texture": "#2"
				},
				"down": {
					"uv": [5.125, 7.25, 5, 7.875],
					"texture": "#2"
				}
			}
		},
		{
			"from": [6.75085, 4.73298, 10.51309],
			"to": [9.24915, 18.80628, 11.01571],
			"rotation": {
				"angle": 0,
				"axis": "y",
				"origin": [8.00002, 9.63384, 8.00056]
			},
			"faces": {
				"north": {
					"uv": [0.75, 3.625, 1.375, 7.125],
					"texture": "#2"
				},
				"east": {
					"uv": [6.75, 0, 6.875, 3.5],
					"texture": "#2"
				},
				"south": {
					"uv": [1.5, 3.625, 2.125, 7.125],
					"texture": "#2"
				},
				"west": {
					"uv": [6.75, 3.625, 6.875, 7.125],
					"texture": "#2"
				},
				"up": {
					"uv": [7.875, 4.25, 7.25, 4.125],
					"texture": "#2"
				},
				"down": {
					"uv": [4.875, 7.25, 4.25, 7.375],
					"texture": "#2"
				}
			}
		},
		{
			"from": [6.75126, 4.73298, 10.51324],
			"to": [9.24955, 18.80628, 11.01585],
			"rotation": {
				"angle": 45,
				"axis": "y",
				"origin": [8.00002, 9.63384, 8.00056]
			},
			"faces": {
				"north": {
					"uv": [3, 0, 3.625, 3.5],
					"texture": "#2"
				},
				"east": {
					"uv": [6.5, 0, 6.625, 3.5],
					"texture": "#2"
				},
				"south": {
					"uv": [0, 3.625, 0.625, 7.125],
					"texture": "#2"
				},
				"west": {
					"uv": [6.5, 3.625, 6.625, 7.125],
					"texture": "#2"
				},
				"up": {
					"uv": [7.875, 3.75, 7.25, 3.625],
					"texture": "#2"
				},
				"down": {
					"uv": [7.875, 3.875, 7.25, 4],
					"texture": "#2"
				}
			}
		},
		{
			"from": [6.75085, 4.73298, 4.98429],
			"to": [9.24915, 18.80628, 5.48691],
			"rotation": {
				"angle": 0,
				"axis": "y",
				"origin": [8.00002, 9.63384, 8.00056]
			},
			"faces": {
				"north": {
					"uv": [1.5, 0, 2.125, 3.5],
					"texture": "#2"
				},
				"east": {
					"uv": [6.25, 0, 6.375, 3.5],
					"texture": "#2"
				},
				"south": {
					"uv": [2.25, 0, 2.875, 3.5],
					"texture": "#2"
				},
				"west": {
					"uv": [6.25, 3.625, 6.375, 7.125],
					"texture": "#2"
				},
				"up": {
					"uv": [3.375, 7.375, 2.75, 7.25],
					"texture": "#2"
				},
				"down": {
					"uv": [4.125, 7.25, 3.5, 7.375],
					"texture": "#2"
				}
			}
		},
		{
			"from": [6.75126, 4.73298, 4.98444],
			"to": [9.24955, 18.80628, 5.48706],
			"rotation": {
				"angle": 45,
				"axis": "y",
				"origin": [8.00002, 9.63384, 8.00056]
			},
			"faces": {
				"north": {
					"uv": [0, 0, 0.625, 3.5],
					"texture": "#2"
				},
				"east": {
					"uv": [6, 0, 6.125, 3.5],
					"texture": "#2"
				},
				"south": {
					"uv": [0.75, 0, 1.375, 3.5],
					"texture": "#2"
				},
				"west": {
					"uv": [6, 3.625, 6.125, 7.125],
					"texture": "#2"
				},
				"up": {
					"uv": [1.875, 7.375, 1.25, 7.25],
					"texture": "#2"
				},
				"down": {
					"uv": [2.625, 7.25, 2, 7.375],
					"texture": "#2"
				}
			}
		},
		{
			"from": [5.48691, 8, 5.17277],
			"to": [5.48691, 8.50262, 10.70157],
			"rotation": {
				"angle": 0,
				"axis": "y",
				"origin": [8.00002, 9.63384, 8.00056]
			},
			"faces": {
				"north": {
					"uv": [12.125, 5.25, 12.5, 5.375],
					"texture": "#1"
				},
				"east": {
					"uv": [0.75, 13.75, 0.875, 13.875],
					"texture": "#1"
				},
				"south": {
					"uv": [12.125, 5.5, 12.5, 5.625],
					"texture": "#1"
				},
				"west": {
					"uv": [1, 13.75, 1.125, 13.875],
					"texture": "#1"
				},
				"up": {
					"uv": [12.5, 5.875, 12.125, 5.75],
					"texture": "#1"
				},
				"down": {
					"uv": [12.5, 6, 12.125, 6.125],
					"texture": "#1"
				}
			}
		},
		{
			"from": [5.17277, 8, 5.17277],
			"to": [10.82723, 10.51309, 10.82723],
			"rotation": {
				"angle": 0,
				"axis": "y",
				"origin": [7.98746, 9.63384, 8.00056]
			},
			"faces": {
				"north": {
					"uv": [4.6875, 2.6875, 6.4375, 3.46875],
					"texture": "#8"
				},
				"east": {
					"uv": [4.875, 3.5, 6.625, 4.28125],
					"texture": "#8"
				},
				"south": {
					"uv": [4.875, 4.3125, 6.625, 5.09375],
					"texture": "#8"
				},
				"west": {
					"uv": [4.875, 5.125, 6.625, 5.90625],
					"texture": "#8"
				},
				"up": {
					"uv": [4.6875, 1.75, 2.9375, 0],
					"texture": "#8"
				},
				"down": {
					"uv": [4.6875, 1.75, 2.9375, 3.5],
					"texture": "#8"
				}
			}
		},
		{
			"from": [4.99514, 9.04466, 7.12042],
			"to": [5.44749, 9.17031, 8.87958],
			"rotation": {
				"angle": 0,
				"axis": "y",
				"origin": [8, 10.01047, 8]
			},
			"faces": {
				"north": {
					"uv": [5.625, 13.75, 5.75, 13.875],
					"texture": "#1"
				},
				"east": {
					"uv": [13, 12.25, 13.28124, 12.375],
					"texture": "#1"
				},
				"south": {
					"uv": [13.75, 5.5, 13.875, 5.625],
					"texture": "#1"
				},
				"west": {
					"uv": [12.375, 13, 12.65624, 13.125],
					"texture": "#1"
				},
				"up": {
					"uv": [13.15624, 13.125, 12.875, 13],
					"rotation": 90,
					"texture": "#1"
				},
				"down": {
					"uv": [0.78124, 13.125, 0.5, 13.25],
					"rotation": 270,
					"texture": "#1"
				}
			}
		},
		{
			"from": [4.99514, 10.85063, 7.12042],
			"to": [5.44749, 10.97629, 8.87958],
			"rotation": {
				"angle": 0,
				"axis": "y",
				"origin": [8, 10.01047, 8]
			},
			"faces": {
				"north": {
					"uv": [5.625, 13.75, 5.75, 13.875],
					"texture": "#1"
				},
				"east": {
					"uv": [13, 12.25, 13.28124, 12.375],
					"texture": "#1"
				},
				"south": {
					"uv": [13.75, 5.5, 13.875, 5.625],
					"texture": "#1"
				},
				"west": {
					"uv": [12.375, 13, 12.65624, 13.125],
					"texture": "#1"
				},
				"up": {
					"uv": [13.15624, 13.125, 12.875, 13],
					"rotation": 90,
					"texture": "#1"
				},
				"down": {
					"uv": [0.78124, 13.125, 0.5, 13.25],
					"rotation": 270,
					"texture": "#1"
				}
			}
		},
		{
			"from": [5.00942, 9.13089, 6.99476],
			"to": [5.16021, 10.89005, 7.12042],
			"rotation": {
				"angle": 0,
				"axis": "y",
				"origin": [8, 10.01047, 8]
			},
			"faces": {
				"north": {
					"uv": [13.15624, 13.125, 12.875, 13],
					"rotation": 270,
					"texture": "#1"
				},
				"east": {
					"uv": [13, 12.25, 13.28124, 12.375],
					"rotation": 90,
					"texture": "#1"
				},
				"south": {
					"uv": [0.78124, 13.125, 0.5, 13.25],
					"rotation": 270,
					"texture": "#1"
				},
				"west": {
					"uv": [12.375, 13, 12.65624, 13.125],
					"rotation": 270,
					"texture": "#1"
				},
				"up": {
					"uv": [13.75, 5.5, 13.875, 5.625],
					"texture": "#1"
				},
				"down": {
					"uv": [5.625, 13.75, 5.75, 13.875],
					"rotation": 180,
					"texture": "#1"
				}
			}
		},
		{
			"from": [5.00942, 9.13089, 8.87958],
			"to": [5.16021, 10.89005, 9.00524],
			"rotation": {
				"angle": 0,
				"axis": "y",
				"origin": [8, 10.01047, 8]
			},
			"faces": {
				"north": {
					"uv": [13.15624, 13.125, 12.875, 13],
					"rotation": 270,
					"texture": "#1"
				},
				"east": {
					"uv": [13, 12.25, 13.28124, 12.375],
					"rotation": 90,
					"texture": "#1"
				},
				"south": {
					"uv": [0.78124, 13.125, 0.5, 13.25],
					"rotation": 270,
					"texture": "#1"
				},
				"west": {
					"uv": [12.375, 13, 12.65624, 13.125],
					"rotation": 270,
					"texture": "#1"
				},
				"up": {
					"uv": [13.75, 5.5, 13.875, 5.625],
					"texture": "#1"
				},
				"down": {
					"uv": [5.625, 13.75, 5.75, 13.875],
					"rotation": 180,
					"texture": "#1"
				}
			}
		},
		{
			"from": [10.55251, 10.85063, 7.12042],
			"to": [11.00486, 10.97629, 8.87958],
			"rotation": {
				"angle": 0,
				"axis": "y",
				"origin": [8, 10.01047, 8]
			},
			"faces": {
				"north": {
					"uv": [5.75, 13.75, 5.625, 13.875],
					"texture": "#1"
				},
				"east": {
					"uv": [12.65624, 13, 12.375, 13.125],
					"texture": "#1"
				},
				"south": {
					"uv": [13.875, 5.5, 13.75, 5.625],
					"texture": "#1"
				},
				"west": {
					"uv": [13.28124, 12.25, 13, 12.375],
					"texture": "#1"
				},
				"up": {
					"uv": [13.15624, 13, 12.875, 13.125],
					"rotation": 90,
					"texture": "#1"
				},
				"down": {
					"uv": [0.78124, 13.25, 0.5, 13.125],
					"rotation": 270,
					"texture": "#1"
				}
			}
		},
		{
			"from": [10.83979, 9.13089, 6.99476],
			"to": [10.99058, 10.89005, 7.12042],
			"rotation": {
				"angle": 0,
				"axis": "y",
				"origin": [8, 10.01047, 8]
			},
			"faces": {
				"north": {
					"uv": [13.15624, 13, 12.875, 13.125],
					"rotation": 270,
					"texture": "#1"
				},
				"east": {
					"uv": [12.375, 13.125, 12.65624, 13],
					"rotation": 270,
					"texture": "#1"
				},
				"south": {
					"uv": [0.78124, 13.25, 0.5, 13.125],
					"rotation": 270,
					"texture": "#1"
				},
				"west": {
					"uv": [13, 12.375, 13.28124, 12.25],
					"rotation": 90,
					"texture": "#1"
				},
				"up": {
					"uv": [13.875, 5.5, 13.75, 5.625],
					"texture": "#1"
				},
				"down": {
					"uv": [5.75, 13.75, 5.625, 13.875],
					"rotation": 180,
					"texture": "#1"
				}
			}
		},
		{
			"from": [10.55251, 9.04466, 7.12042],
			"to": [11.00486, 9.17031, 8.87958],
			"rotation": {
				"angle": 0,
				"axis": "y",
				"origin": [8, 10.01047, 8]
			},
			"faces": {
				"north": {
					"uv": [5.75, 13.75, 5.625, 13.875],
					"texture": "#1"
				},
				"east": {
					"uv": [12.65624, 13, 12.375, 13.125],
					"texture": "#1"
				},
				"south": {
					"uv": [13.875, 5.5, 13.75, 5.625],
					"texture": "#1"
				},
				"west": {
					"uv": [13.28124, 12.25, 13, 12.375],
					"texture": "#1"
				},
				"up": {
					"uv": [13.15624, 13, 12.875, 13.125],
					"rotation": 90,
					"texture": "#1"
				},
				"down": {
					"uv": [0.78124, 13.25, 0.5, 13.125],
					"rotation": 270,
					"texture": "#1"
				}
			}
		},
		{
			"from": [10.83979, 9.13089, 8.87958],
			"to": [10.99058, 10.89005, 9.00524],
			"rotation": {
				"angle": 0,
				"axis": "y",
				"origin": [8, 10.01047, 8]
			},
			"faces": {
				"north": {
					"uv": [13.15624, 13, 12.875, 13.125],
					"rotation": 270,
					"texture": "#1"
				},
				"east": {
					"uv": [12.375, 13.125, 12.65624, 13],
					"rotation": 270,
					"texture": "#1"
				},
				"south": {
					"uv": [0.78124, 13.25, 0.5, 13.125],
					"rotation": 270,
					"texture": "#1"
				},
				"west": {
					"uv": [13, 12.375, 13.28124, 12.25],
					"rotation": 90,
					"texture": "#1"
				},
				"up": {
					"uv": [13.875, 5.5, 13.75, 5.625],
					"texture": "#1"
				},
				"down": {
					"uv": [5.75, 13.75, 5.625, 13.875],
					"rotation": 180,
					"texture": "#1"
				}
			}
		},
		{
			"from": [8.50262, 4.60733, 4.85864],
			"to": [11.51832, 5.10995, 7.12042],
			"rotation": {
				"angle": 0,
				"axis": "y",
				"origin": [8.00002, 9.63384, 8.00056]
			},
			"faces": {
				"north": {
					"uv": [11.25, 7.5, 12, 7.625],
					"texture": "#1"
				},
				"east": {
					"uv": [11.375, 2.5, 11.93752, 2.625],
					"texture": "#1"
				},
				"south": {
					"uv": [11.25, 7.75, 12, 7.875],
					"texture": "#1"
				},
				"west": {
					"uv": [11.375, 2.75, 11.93752, 2.875],
					"texture": "#1"
				},
				"up": {
					"uv": [8.25, 2.06252, 7.5, 1.5],
					"texture": "#1"
				},
				"down": {
					"uv": [2.625, 7.5, 1.875, 8.06252],
					"texture": "#1"
				}
			}
		},
		{
			"from": [4.48168, 4.60733, 4.85864],
			"to": [7.49738, 5.10995, 7.12042],
			"rotation": {
				"angle": 0,
				"axis": "y",
				"origin": [8.00002, 9.63384, 8.00056]
			},
			"faces": {
				"north": {
					"uv": [11.25, 8, 12, 8.125],
					"texture": "#1"
				},
				"east": {
					"uv": [11.375, 3, 11.93752, 3.125],
					"texture": "#1"
				},
				"south": {
					"uv": [11.25, 8.25, 12, 8.375],
					"texture": "#1"
				},
				"west": {
					"uv": [11.375, 3.25, 11.93752, 3.375],
					"texture": "#1"
				},
				"up": {
					"uv": [8.25, 2.81252, 7.5, 2.25],
					"texture": "#1"
				},
				"down": {
					"uv": [3.5, 7.5, 2.75, 8.06252],
					"texture": "#1"
				}
			}
		},
		{
			"from": [4.48168, 4.60733, 8.87958],
			"to": [7.49738, 5.10995, 11.14136],
			"rotation": {
				"angle": 0,
				"axis": "y",
				"origin": [8.00002, 9.63384, 8.00056]
			},
			"faces": {
				"north": {
					"uv": [11.25, 8.5, 12, 8.625],
					"texture": "#1"
				},
				"east": {
					"uv": [11.375, 3.5, 11.93752, 3.625],
					"texture": "#1"
				},
				"south": {
					"uv": [11.25, 8.75, 12, 8.875],
					"texture": "#1"
				},
				"west": {
					"uv": [11.375, 3.75, 11.93752, 3.875],
					"texture": "#1"
				},
				"up": {
					"uv": [8.25, 3.56252, 7.5, 3],
					"texture": "#1"
				},
				"down": {
					"uv": [4.375, 7.5, 3.625, 8.06252],
					"texture": "#1"
				}
			}
		},
		{
			"from": [8.50262, 4.60733, 8.87958],
			"to": [11.51832, 5.10995, 11.14136],
			"rotation": {
				"angle": 0,
				"axis": "y",
				"origin": [8.00002, 9.63384, 8.00056]
			},
			"faces": {
				"north": {
					"uv": [11.375, 0, 12.125, 0.125],
					"texture": "#1"
				},
				"east": {
					"uv": [11.375, 4, 11.93752, 4.125],
					"texture": "#1"
				},
				"south": {
					"uv": [11.375, 0.25, 12.125, 0.375],
					"texture": "#1"
				},
				"west": {
					"uv": [11.375, 4.25, 11.93752, 4.375],
					"texture": "#1"
				},
				"up": {
					"uv": [8.25, 4.31252, 7.5, 3.75],
					"texture": "#1"
				},
				"down": {
					"uv": [5.25, 7.5, 4.5, 8.06252],
					"texture": "#1"
				}
			}
		},
		{
			"from": [8.87958, 4.60733, 4.48168],
			"to": [11.14136, 5.10995, 7.49738],
			"rotation": {
				"angle": 0,
				"axis": "y",
				"origin": [8.00002, 9.63384, 8.00056]
			},
			"faces": {
				"north": {
					"uv": [11.375, 4.5, 11.93752, 4.625],
					"texture": "#1"
				},
				"east": {
					"uv": [11.375, 0.5, 12.125, 0.625],
					"texture": "#1"
				},
				"south": {
					"uv": [11.375, 4.75, 11.93752, 4.875],
					"texture": "#1"
				},
				"west": {
					"uv": [11.375, 0.75, 12.125, 0.875],
					"texture": "#1"
				},
				"up": {
					"uv": [8.06252, 5.25, 7.5, 4.5],
					"texture": "#1"
				},
				"down": {
					"uv": [5.93752, 7.5, 5.375, 8.25],
					"texture": "#1"
				}
			}
		},
		{
			"from": [4.85864, 4.60733, 4.48168],
			"to": [7.12042, 5.10995, 7.49738],
			"rotation": {
				"angle": 0,
				"axis": "y",
				"origin": [8.00002, 9.63384, 8.00056]
			},
			"faces": {
				"north": {
					"uv": [11.375, 5, 11.93752, 5.125],
					"texture": "#1"
				},
				"east": {
					"uv": [11.375, 1, 12.125, 1.125],
					"texture": "#1"
				},
				"south": {
					"uv": [11.375, 5.25, 11.93752, 5.375],
					"texture": "#1"
				},
				"west": {
					"uv": [11.375, 1.25, 12.125, 1.375],
					"texture": "#1"
				},
				"up": {
					"uv": [8.06252, 6.125, 7.5, 5.375],
					"texture": "#1"
				},
				"down": {
					"uv": [6.68752, 7.5, 6.125, 8.25],
					"texture": "#1"
				}
			}
		},
		{
			"from": [4.85864, 4.60733, 8.50262],
			"to": [7.12042, 5.10995, 11.51832],
			"rotation": {
				"angle": 0,
				"axis": "y",
				"origin": [8.00002, 9.63384, 8.00056]
			},
			"faces": {
				"north": {
					"uv": [11.375, 5.5, 11.93752, 5.625],
					"texture": "#1"
				},
				"east": {
					"uv": [11.375, 1.5, 12.125, 1.625],
					"texture": "#1"
				},
				"south": {
					"uv": [11.375, 5.75, 11.93752, 5.875],
					"texture": "#1"
				},
				"west": {
					"uv": [11.375, 1.75, 12.125, 1.875],
					"texture": "#1"
				},
				"up": {
					"uv": [8.06252, 7, 7.5, 6.25],
					"texture": "#1"
				},
				"down": {
					"uv": [7.43752, 7.5, 6.875, 8.25],
					"texture": "#1"
				}
			}
		},
		{
			"from": [8.87958, 4.60733, 8.50262],
			"to": [11.14136, 5.10995, 11.51832],
			"rotation": {
				"angle": 0,
				"axis": "y",
				"origin": [8.00002, 9.63384, 8.00056]
			},
			"faces": {
				"north": {
					"uv": [11.375, 6, 11.93752, 6.125],
					"texture": "#1"
				},
				"east": {
					"uv": [11.375, 2, 12.125, 2.125],
					"texture": "#1"
				},
				"south": {
					"uv": [11.375, 6.25, 11.93752, 6.375],
					"texture": "#1"
				},
				"west": {
					"uv": [11.375, 2.25, 12.125, 2.375],
					"texture": "#1"
				},
				"up": {
					"uv": [8.18752, 7.875, 7.625, 7.125],
					"texture": "#1"
				},
				"down": {
					"uv": [8.18752, 8, 7.625, 8.75],
					"texture": "#1"
				}
			}
		},
		{
			"from": [7.14303, -0.04188, 7.14816],
			"to": [8.83937, 0.46073, 8.8445],
			"rotation": {
				"angle": 45,
				"axis": "y",
				"origin": [8.00002, 9.63384, 8.00056]
			},
			"faces": {
				"north": {
					"uv": [5.25, 6.3125, 5.78125, 6.46875],
					"texture": "#8"
				},
				"east": {
					"uv": [5.8125, 6.3125, 6.34375, 6.46875],
					"texture": "#8"
				},
				"south": {
					"uv": [3.4375, 6.375, 3.96875, 6.53125],
					"texture": "#8"
				},
				"west": {
					"uv": [4, 6.375, 4.53125, 6.53125],
					"texture": "#8"
				},
				"up": {
					"uv": [6.15625, 2.21875, 5.625, 1.6875],
					"texture": "#8"
				},
				"down": {
					"uv": [1.53125, 5.6875, 1, 6.21875],
					"texture": "#8"
				}
			}
		},
		{
			"from": [7.08323, 4.73298, 7.0838],
			"to": [9.0937, 5.2356, 9.09427],
			"rotation": {
				"angle": -45,
				"axis": "y",
				"origin": [8.00002, 9.63384, 8.00056]
			},
			"faces": {
				"north": {
					"uv": [11.375, 6.5, 11.875, 6.625],
					"texture": "#1"
				},
				"east": {
					"uv": [11.375, 6.75, 11.875, 6.875],
					"texture": "#1"
				},
				"south": {
					"uv": [11.375, 7, 11.875, 7.125],
					"texture": "#1"
				},
				"west": {
					"uv": [11.375, 7.25, 11.875, 7.375],
					"texture": "#1"
				},
				"up": {
					"uv": [9.5, 3.75, 9, 3.25],
					"texture": "#1"
				},
				"down": {
					"uv": [9.5, 3.875, 9, 4.375],
					"texture": "#1"
				}
			}
		},
		{
			"from": [10.01047, 4.03144, 5.96831],
			"to": [10.84323, 10.94243, 6.47093],
			"rotation": {
				"angle": 22.5,
				"axis": "x",
				"origin": [8.00002, 9.63384, 8.00056]
			},
			"faces": {
				"north": {
					"uv": [1.875, 8.25, 2.09376, 9.96876],
					"texture": "#1"
				},
				"east": {
					"uv": [1.5, 9, 1.625, 10.71876],
					"texture": "#1"
				},
				"south": {
					"uv": [2.25, 8.25, 2.46876, 9.96876],
					"texture": "#1"
				},
				"west": {
					"uv": [9.125, 0, 9.25, 1.71876],
					"texture": "#1"
				},
				"up": {
					"uv": [0.21876, 13.375, 0, 13.25],
					"texture": "#1"
				},
				"down": {
					"uv": [13.46876, 0, 13.25, 0.125],
					"texture": "#1"
				}
			}
		},
		{
			"from": [9.17771, 4.03144, 5.96831],
			"to": [10.01047, 10.06285, 6.47093],
			"rotation": {
				"angle": 22.5,
				"axis": "x",
				"origin": [8.00002, 9.63384, 8.00056]
			},
			"faces": {
				"north": {
					"uv": [8.375, 6.375, 8.59376, 7.875],
					"texture": "#1"
				},
				"east": {
					"uv": [9.875, 0.625, 10, 2.125],
					"texture": "#1"
				},
				"south": {
					"uv": [6.75, 8.375, 6.96876, 9.875],
					"texture": "#1"
				},
				"west": {
					"uv": [9.875, 2.25, 10, 3.75],
					"texture": "#1"
				},
				"up": {
					"uv": [13.46876, 0.375, 13.25, 0.25],
					"texture": "#1"
				},
				"down": {
					"uv": [13.46876, 0.5, 13.25, 0.625],
					"texture": "#1"
				}
			}
		},
		{
			"from": [9.52912, 4.03166, 5.98953],
			"to": [10.03174, 10.06308, 6.82229],
			"rotation": {
				"angle": 22.5,
				"axis": "z",
				"origin": [8.00002, 9.63384, 8.00056]
			},
			"faces": {
				"north": {
					"uv": [9.875, 3.875, 10, 5.375],
					"texture": "#1"
				},
				"east": {
					"uv": [7.125, 8.375, 7.34376, 9.875],
					"texture": "#1"
				},
				"south": {
					"uv": [9.875, 5.5, 10, 7],
					"texture": "#1"
				},
				"west": {
					"uv": [8.375, 8, 8.59376, 9.5],
					"texture": "#1"
				},
				"up": {
					"uv": [6.375, 13.34376, 6.25, 13.125],
					"texture": "#1"
				},
				"down": {
					"uv": [8.75, 13.125, 8.625, 13.34376],
					"texture": "#1"
				}
			}
		},
		{
			"from": [9.52912, 4.03166, 5.15677],
			"to": [10.03174, 10.94266, 5.98953],
			"rotation": {
				"angle": 22.5,
				"axis": "z",
				"origin": [8.00002, 9.63384, 8.00056]
			},
			"faces": {
				"north": {
					"uv": [9.125, 4.5, 9.25, 6.21876],
					"texture": "#1"
				},
				"east": {
					"uv": [2.625, 8.25, 2.84376, 9.96876],
					"texture": "#1"
				},
				"south": {
					"uv": [9.125, 6.375, 9.25, 8.09376],
					"texture": "#1"
				},
				"west": {
					"uv": [3, 8.25, 3.21876, 9.96876],
					"texture": "#1"
				},
				"up": {
					"uv": [10.25, 13.34376, 10.125, 13.125],
					"texture": "#1"
				},
				"down": {
					"uv": [13.375, 0.75, 13.25, 0.96876],
					"texture": "#1"
				}
			}
		},
		{
			"from": [5.98953, 4.03144, 5.96831],
			"to": [6.82229, 10.06285, 6.47093],
			"rotation": {
				"angle": 22.5,
				"axis": "x",
				"origin": [8.00002, 9.63384, 8.00056]
			},
			"faces": {
				"north": {
					"uv": [8.625, 3.75, 8.84376, 5.25],
					"texture": "#1"
				},
				"east": {
					"uv": [9.875, 7.125, 10, 8.625],
					"texture": "#1"
				},
				"south": {
					"uv": [8.75, 0, 8.96876, 1.5],
					"texture": "#1"
				},
				"west": {
					"uv": [6.75, 10, 6.875, 11.5],
					"texture": "#1"
				},
				"up": {
					"uv": [13.46876, 1.25, 13.25, 1.125],
					"texture": "#1"
				},
				"down": {
					"uv": [13.46876, 1.375, 13.25, 1.5],
					"texture": "#1"
				}
			}
		},
		{
			"from": [5.15677, 4.03144, 5.96831],
			"to": [5.98953, 10.94243, 6.47093],
			"rotation": {
				"angle": 22.5,
				"axis": "x",
				"origin": [8.00002, 9.63384, 8.00056]
			},
			"faces": {
				"north": {
					"uv": [3.375, 8.25, 3.59376, 9.96876],
					"texture": "#1"
				},
				"east": {
					"uv": [9.125, 8.25, 9.25, 9.96876],
					"texture": "#1"
				},
				"south": {
					"uv": [3.75, 8.25, 3.96876, 9.96876],
					"texture": "#1"
				},
				"west": {
					"uv": [9.375, 0, 9.5, 1.71876],
					"texture": "#1"
				},
				"up": {
					"uv": [1.71876, 13.375, 1.5, 13.25],
					"texture": "#1"
				},
				"down": {
					"uv": [13.46876, 1.625, 13.25, 1.75],
					"texture": "#1"
				}
			}
		},
		{
			"from": [5.96827, 4.03164, 5.15677],
			"to": [6.47089, 10.94264, 5.98953],
			"rotation": {
				"angle": -22.5,
				"axis": "z",
				"origin": [8.00002, 9.63384, 8.00056]
			},
			"faces": {
				"north": {
					"uv": [9.375, 4.5, 9.5, 6.21876],
					"texture": "#1"
				},
				"east": {
					"uv": [4.125, 8.25, 4.34376, 9.96876],
					"texture": "#1"
				},
				"south": {
					"uv": [9.375, 6.375, 9.5, 8.09376],
					"texture": "#1"
				},
				"west": {
					"uv": [4.5, 8.25, 4.71876, 9.96876],
					"texture": "#1"
				},
				"up": {
					"uv": [13.375, 2.09376, 13.25, 1.875],
					"texture": "#1"
				},
				"down": {
					"uv": [4.5, 13.25, 4.375, 13.46876],
					"texture": "#1"
				}
			}
		},
		{
			"from": [5.96827, 4.03164, 5.98953],
			"to": [6.47089, 10.06306, 6.82229],
			"rotation": {
				"angle": -22.5,
				"axis": "z",
				"origin": [8.00002, 9.63384, 8.00056]
			},
			"faces": {
				"north": {
					"uv": [7, 10, 7.125, 11.5],
					"texture": "#1"
				},
				"east": {
					"uv": [8.75, 1.625, 8.96876, 3.125],
					"texture": "#1"
				},
				"south": {
					"uv": [7.25, 10, 7.375, 11.5],
					"texture": "#1"
				},
				"west": {
					"uv": [8.75, 5.375, 8.96876, 6.875],
					"texture": "#1"
				},
				"up": {
					"uv": [4.75, 13.46876, 4.625, 13.25],
					"texture": "#1"
				},
				"down": {
					"uv": [5, 13.25, 4.875, 13.46876],
					"texture": "#1"
				}
			}
		},
		{
			"from": [5.98953, 4.03186, 9.52916],
			"to": [6.82229, 10.06328, 10.03178],
			"rotation": {
				"angle": -22.5,
				"axis": "x",
				"origin": [8.00002, 9.63384, 8.00056]
			},
			"faces": {
				"north": {
					"uv": [8.75, 7, 8.96876, 8.5],
					"texture": "#1"
				},
				"east": {
					"uv": [9.625, 10, 9.75, 11.5],
					"texture": "#1"
				},
				"south": {
					"uv": [8.75, 8.625, 8.96876, 10.125],
					"texture": "#1"
				},
				"west": {
					"uv": [9.875, 10, 10, 11.5],
					"texture": "#1"
				},
				"up": {
					"uv": [13.46876, 2.375, 13.25, 2.25],
					"texture": "#1"
				},
				"down": {
					"uv": [5.34376, 13.25, 5.125, 13.375],
					"texture": "#1"
				}
			}
		},
		{
			"from": [5.15677, 4.03186, 9.52916],
			"to": [5.98953, 10.94286, 10.03178],
			"rotation": {
				"angle": -22.5,
				"axis": "x",
				"origin": [8.00002, 9.63384, 8.00056]
			},
			"faces": {
				"north": {
					"uv": [8.25, 4.5, 8.46876, 6.21876],
					"texture": "#1"
				},
				"east": {
					"uv": [9.375, 8.25, 9.5, 9.96876],
					"texture": "#1"
				},
				"south": {
					"uv": [4.875, 8.25, 5.09376, 9.96876],
					"texture": "#1"
				},
				"west": {
					"uv": [9.625, 0, 9.75, 1.71876],
					"texture": "#1"
				},
				"up": {
					"uv": [5.71876, 13.375, 5.5, 13.25],
					"texture": "#1"
				},
				"down": {
					"uv": [6.71876, 13.25, 6.5, 13.375],
					"texture": "#1"
				}
			}
		},
		{
			"from": [5.96827, 4.03164, 10.01047],
			"to": [6.47089, 10.94264, 10.84323],
			"rotation": {
				"angle": -22.5,
				"axis": "z",
				"origin": [8.00002, 9.63384, 8.00056]
			},
			"faces": {
				"north": {
					"uv": [9.625, 1.875, 9.75, 3.59376],
					"texture": "#1"
				},
				"east": {
					"uv": [8.375, 0, 8.59376, 1.71876],
					"texture": "#1"
				},
				"south": {
					"uv": [9.625, 3.75, 9.75, 5.46876],
					"texture": "#1"
				},
				"west": {
					"uv": [8.375, 1.875, 8.59376, 3.59376],
					"texture": "#1"
				},
				"up": {
					"uv": [7, 13.46876, 6.875, 13.25],
					"texture": "#1"
				},
				"down": {
					"uv": [7.25, 13.25, 7.125, 13.46876],
					"texture": "#1"
				}
			}
		},
		{
			"from": [5.96827, 4.03164, 9.17771],
			"to": [6.47089, 10.06306, 10.01047],
			"rotation": {
				"angle": -22.5,
				"axis": "z",
				"origin": [8.00002, 9.63384, 8.00056]
			},
			"faces": {
				"north": {
					"uv": [10.125, 0.625, 10.25, 2.125],
					"texture": "#1"
				},
				"east": {
					"uv": [7.5, 8.875, 7.71876, 10.375],
					"texture": "#1"
				},
				"south": {
					"uv": [1.75, 10.125, 1.875, 11.625],
					"texture": "#1"
				},
				"west": {
					"uv": [7.875, 8.875, 8.09376, 10.375],
					"texture": "#1"
				},
				"up": {
					"uv": [13.375, 9.21876, 13.25, 9],
					"texture": "#1"
				},
				"down": {
					"uv": [13.375, 9.375, 13.25, 9.59376],
					"texture": "#1"
				}
			}
		},
		{
			"from": [9.17771, 4.03186, 9.52916],
			"to": [10.01047, 10.06328, 10.03178],
			"rotation": {
				"angle": -22.5,
				"axis": "x",
				"origin": [8.00002, 9.63384, 8.00056]
			},
			"faces": {
				"north": {
					"uv": [0, 9, 0.21876, 10.5],
					"texture": "#1"
				},
				"east": {
					"uv": [2, 10.125, 2.125, 11.625],
					"texture": "#1"
				},
				"south": {
					"uv": [0.375, 9, 0.59376, 10.5],
					"texture": "#1"
				},
				"west": {
					"uv": [2.25, 10.125, 2.375, 11.625],
					"texture": "#1"
				},
				"up": {
					"uv": [13.46876, 9.875, 13.25, 9.75],
					"texture": "#1"
				},
				"down": {
					"uv": [13.46876, 10, 13.25, 10.125],
					"texture": "#1"
				}
			}
		},
		{
			"from": [10.01047, 4.03186, 9.52916],
			"to": [10.84323, 10.94286, 10.03178],
			"rotation": {
				"angle": -22.5,
				"axis": "x",
				"origin": [8.00002, 9.63384, 8.00056]
			},
			"faces": {
				"north": {
					"uv": [5.25, 8.375, 5.46876, 10.09376],
					"texture": "#1"
				},
				"east": {
					"uv": [9.625, 5.625, 9.75, 7.34376],
					"texture": "#1"
				},
				"south": {
					"uv": [5.625, 8.375, 5.84376, 10.09376],
					"texture": "#1"
				},
				"west": {
					"uv": [9.625, 7.5, 9.75, 9.21876],
					"texture": "#1"
				},
				"up": {
					"uv": [13.46876, 10.375, 13.25, 10.25],
					"texture": "#1"
				},
				"down": {
					"uv": [13.46876, 10.5, 13.25, 10.625],
					"texture": "#1"
				}
			}
		},
		{
			"from": [9.52912, 4.03166, 10.01047],
			"to": [10.03174, 10.94266, 10.84323],
			"rotation": {
				"angle": 22.5,
				"axis": "z",
				"origin": [8.00002, 9.63384, 8.00056]
			},
			"faces": {
				"north": {
					"uv": [8.25, 9.625, 8.375, 11.34376],
					"texture": "#1"
				},
				"east": {
					"uv": [6, 8.375, 6.21876, 10.09376],
					"texture": "#1"
				},
				"south": {
					"uv": [8.5, 9.625, 8.625, 11.34376],
					"texture": "#1"
				},
				"west": {
					"uv": [6.375, 8.375, 6.59376, 10.09376],
					"texture": "#1"
				},
				"up": {
					"uv": [13.375, 10.96876, 13.25, 10.75],
					"texture": "#1"
				},
				"down": {
					"uv": [13.375, 11.125, 13.25, 11.34376],
					"texture": "#1"
				}
			}
		},
		{
			"from": [9.52912, 4.03166, 9.17771],
			"to": [10.03174, 10.06308, 10.01047],
			"rotation": {
				"angle": 22.5,
				"axis": "z",
				"origin": [8.00002, 9.63384, 8.00056]
			},
			"faces": {
				"north": {
					"uv": [10.125, 2.25, 10.25, 3.75],
					"texture": "#1"
				},
				"east": {
					"uv": [0.75, 9, 0.96876, 10.5],
					"texture": "#1"
				},
				"south": {
					"uv": [2.5, 10.125, 2.625, 11.625],
					"texture": "#1"
				},
				"west": {
					"uv": [1.125, 9, 1.34376, 10.5],
					"texture": "#1"
				},
				"up": {
					"uv": [13.375, 11.71876, 13.25, 11.5],
					"texture": "#1"
				},
				"down": {
					"uv": [12.5, 13.25, 12.375, 13.46876],
					"texture": "#1"
				}
			}
		},
		{
			"from": [10.01087, -0.04188, 5.98967],
			"to": [11.6764, 5.2356, 6.49229],
			"rotation": {
				"angle": 45,
				"axis": "y",
				"origin": [8.00002, 9.63384, 8.00056]
			},
			"faces": {
				"north": {
					"uv": [0, 0, 0.40624, 1.31252],
					"texture": "#1"
				},
				"east": {
					"uv": [8.125, 0, 8.25, 1.31252],
					"texture": "#1"
				},
				"south": {
					"uv": [0.625, 0, 1.03124, 1.31252],
					"texture": "#1"
				},
				"west": {
					"uv": [2.75, 10.125, 2.875, 11.43752],
					"texture": "#1"
				},
				"up": {
					"uv": [11.78124, 10.125, 11.375, 10],
					"texture": "#1"
				},
				"down": {
					"uv": [11.78124, 10.25, 11.375, 10.375],
					"texture": "#1"
				}
			}
		},
		{
			"from": [4.32362, -0.04188, 5.98971],
			"to": [5.98914, 5.2356, 6.49233],
			"rotation": {
				"angle": -45,
				"axis": "y",
				"origin": [8.00002, 9.63384, 8.00056]
			},
			"faces": {
				"north": {
					"uv": [1.25, 0, 1.65624, 1.31252],
					"texture": "#1"
				},
				"east": {
					"uv": [3, 10.125, 3.125, 11.43752],
					"texture": "#1"
				},
				"south": {
					"uv": [0, 1.5, 0.40624, 2.81252],
					"texture": "#1"
				},
				"west": {
					"uv": [3.25, 10.125, 3.375, 11.43752],
					"texture": "#1"
				},
				"up": {
					"uv": [11.78124, 10.625, 11.375, 10.5],
					"texture": "#1"
				},
				"down": {
					"uv": [11.78124, 10.75, 11.375, 10.875],
					"texture": "#1"
				}
			}
		},
		{
			"from": [4.3244, -0.04188, 9.508],
			"to": [5.98993, 5.2356, 10.01062],
			"rotation": {
				"angle": 45,
				"axis": "y",
				"origin": [8.00002, 9.63384, 8.00056]
			},
			"faces": {
				"north": {
					"uv": [0.625, 1.5, 1.03124, 2.81252],
					"texture": "#1"
				},
				"east": {
					"uv": [3.5, 10.125, 3.625, 11.43752],
					"texture": "#1"
				},
				"south": {
					"uv": [1.25, 1.5, 1.65624, 2.81252],
					"texture": "#1"
				},
				"west": {
					"uv": [3.75, 10.125, 3.875, 11.43752],
					"texture": "#1"
				},
				"up": {
					"uv": [11.78124, 11.125, 11.375, 11],
					"texture": "#1"
				},
				"down": {
					"uv": [11.78124, 11.25, 11.375, 11.375],
					"texture": "#1"
				}
			}
		},
		{
			"from": [10.01009, -0.04188, 9.50803],
			"to": [11.67561, 5.2356, 10.01065],
			"rotation": {
				"angle": -45,
				"axis": "y",
				"origin": [8.00002, 9.63384, 8.00056]
			},
			"faces": {
				"north": {
					"uv": [1.875, 0, 2.28124, 1.31252],
					"texture": "#1"
				},
				"east": {
					"uv": [10.125, 3.875, 10.25, 5.18752],
					"texture": "#1"
				},
				"south": {
					"uv": [1.875, 1.5, 2.28124, 2.81252],
					"texture": "#1"
				},
				"west": {
					"uv": [4, 10.125, 4.125, 11.43752],
					"texture": "#1"
				},
				"up": {
					"uv": [10.53124, 11.625, 10.125, 11.5],
					"texture": "#1"
				},
				"down": {
					"uv": [11.78124, 11.5, 11.375, 11.625],
					"texture": "#1"
				}
			}
		},
		{
			"from": [9.17771, -0.04188, 3.97906],
			"to": [10.84323, 5.2356, 4.48168],
			"rotation": {
				"angle": 0,
				"axis": "y",
				"origin": [8.00002, 9.63384, 8.00056]
			},
			"faces": {
				"north": {
					"uv": [2.5, 0, 2.90624, 1.31252],
					"texture": "#1"
				},
				"east": {
					"uv": [4.25, 10.125, 4.375, 11.43752],
					"texture": "#1"
				},
				"south": {
					"uv": [2.5, 1.5, 2.90624, 2.81252],
					"texture": "#1"
				},
				"west": {
					"uv": [4.5, 10.125, 4.625, 11.43752],
					"texture": "#1"
				},
				"up": {
					"uv": [3.15624, 11.75, 2.75, 11.625],
					"texture": "#1"
				},
				"down": {
					"uv": [3.78124, 11.625, 3.375, 11.75],
					"texture": "#1"
				}
			}
		},
		{
			"from": [5.15677, -0.04188, 3.97906],
			"to": [6.82229, 5.2356, 4.48168],
			"rotation": {
				"angle": 0,
				"axis": "y",
				"origin": [8.00002, 9.63384, 8.00056]
			},
			"faces": {
				"north": {
					"uv": [0, 3, 0.40624, 4.31252],
					"texture": "#1"
				},
				"east": {
					"uv": [4.75, 10.125, 4.875, 11.43752],
					"texture": "#1"
				},
				"south": {
					"uv": [0.625, 3, 1.03124, 4.31252],
					"texture": "#1"
				},
				"west": {
					"uv": [5, 10.125, 5.125, 11.43752],
					"texture": "#1"
				},
				"up": {
					"uv": [4.40624, 11.75, 4, 11.625],
					"texture": "#1"
				},
				"down": {
					"uv": [5.03124, 11.625, 4.625, 11.75],
					"texture": "#1"
				}
			}
		},
		{
			"from": [5.15677, -0.04188, 11.51832],
			"to": [6.82229, 5.2356, 12.02094],
			"rotation": {
				"angle": 0,
				"axis": "y",
				"origin": [8.00002, 9.63384, 8.00056]
			},
			"faces": {
				"north": {
					"uv": [1.25, 3, 1.65624, 4.31252],
					"texture": "#1"
				},
				"east": {
					"uv": [10.125, 5.375, 10.25, 6.68752],
					"texture": "#1"
				},
				"south": {
					"uv": [1.875, 3, 2.28124, 4.31252],
					"texture": "#1"
				},
				"west": {
					"uv": [10.125, 6.875, 10.25, 8.18752],
					"texture": "#1"
				},
				"up": {
					"uv": [7.15624, 11.75, 6.75, 11.625],
					"texture": "#1"
				},
				"down": {
					"uv": [9.40624, 11.625, 9, 11.75],
					"texture": "#1"
				}
			}
		},
		{
			"from": [9.17771, -0.04188, 11.51832],
			"to": [10.84323, 5.2356, 12.02094],
			"rotation": {
				"angle": 0,
				"axis": "y",
				"origin": [8.00002, 9.63384, 8.00056]
			},
			"faces": {
				"north": {
					"uv": [2.5, 3, 2.90624, 4.31252],
					"texture": "#1"
				},
				"east": {
					"uv": [9.125, 10.125, 9.25, 11.43752],
					"texture": "#1"
				},
				"south": {
					"uv": [3.125, 0, 3.53124, 1.31252],
					"texture": "#1"
				},
				"west": {
					"uv": [9.375, 10.125, 9.5, 11.43752],
					"texture": "#1"
				},
				"up": {
					"uv": [2.15624, 11.875, 1.75, 11.75],
					"texture": "#1"
				},
				"down": {
					"uv": [5.65624, 11.75, 5.25, 11.875],
					"texture": "#1"
				}
			}
		},
		{
			"from": [10.01087, -0.04188, 9.508],
			"to": [11.6764, 5.2356, 10.01062],
			"rotation": {
				"angle": 45,
				"axis": "y",
				"origin": [8.00002, 9.63384, 8.00056]
			},
			"faces": {
				"north": {
					"uv": [3.125, 1.5, 3.53124, 2.81252],
					"texture": "#1"
				},
				"east": {
					"uv": [10.125, 10, 10.25, 11.31252],
					"texture": "#1"
				},
				"south": {
					"uv": [3.125, 3, 3.53124, 4.31252],
					"texture": "#1"
				},
				"west": {
					"uv": [5.25, 10.25, 5.375, 11.56252],
					"texture": "#1"
				},
				"up": {
					"uv": [6.28124, 11.875, 5.875, 11.75],
					"texture": "#1"
				},
				"down": {
					"uv": [8.65624, 11.75, 8.25, 11.875],
					"texture": "#1"
				}
			}
		},
		{
			"from": [4.32362, -0.04188, 9.50803],
			"to": [5.98914, 5.2356, 10.01065],
			"rotation": {
				"angle": -45,
				"axis": "y",
				"origin": [8.00002, 9.63384, 8.00056]
			},
			"faces": {
				"north": {
					"uv": [3.75, 0, 4.15624, 1.31252],
					"texture": "#1"
				},
				"east": {
					"uv": [5.5, 10.25, 5.625, 11.56252],
					"texture": "#1"
				},
				"south": {
					"uv": [3.75, 1.5, 4.15624, 2.81252],
					"texture": "#1"
				},
				"west": {
					"uv": [5.75, 10.25, 5.875, 11.56252],
					"texture": "#1"
				},
				"up": {
					"uv": [10.03124, 11.875, 9.625, 11.75],
					"texture": "#1"
				},
				"down": {
					"uv": [10.65624, 11.75, 10.25, 11.875],
					"texture": "#1"
				}
			}
		},
		{
			"from": [4.3244, -0.04188, 5.98967],
			"to": [5.98993, 5.2356, 6.49229],
			"rotation": {
				"angle": 45,
				"axis": "y",
				"origin": [8.00002, 9.63384, 8.00056]
			},
			"faces": {
				"north": {
					"uv": [3.75, 3, 4.15624, 4.31252],
					"texture": "#1"
				},
				"east": {
					"uv": [6, 10.25, 6.125, 11.56252],
					"texture": "#1"
				},
				"south": {
					"uv": [4.375, 0, 4.78124, 1.31252],
					"texture": "#1"
				},
				"west": {
					"uv": [6.25, 10.25, 6.375, 11.56252],
					"texture": "#1"
				},
				"up": {
					"uv": [11.78124, 11.875, 11.375, 11.75],
					"texture": "#1"
				},
				"down": {
					"uv": [2.78124, 11.875, 2.375, 12],
					"texture": "#1"
				}
			}
		},
		{
			"from": [10.01009, -0.04188, 5.98971],
			"to": [11.67561, 5.2356, 6.49233],
			"rotation": {
				"angle": -45,
				"axis": "y",
				"origin": [8.00002, 9.63384, 8.00056]
			},
			"faces": {
				"north": {
					"uv": [4.375, 1.5, 4.78124, 2.81252],
					"texture": "#1"
				},
				"east": {
					"uv": [6.5, 10.25, 6.625, 11.56252],
					"texture": "#1"
				},
				"south": {
					"uv": [4.375, 3, 4.78124, 4.31252],
					"texture": "#1"
				},
				"west": {
					"uv": [10.25, 8.375, 10.375, 9.68752],
					"texture": "#1"
				},
				"up": {
					"uv": [3.40624, 12, 3, 11.875],
					"texture": "#1"
				},
				"down": {
					"uv": [4.03124, 11.875, 3.625, 12],
					"texture": "#1"
				}
			}
		},
		{
			"from": [9.17771, -0.04188, 7.49738],
			"to": [10.84323, 5.2356, 8],
			"rotation": {
				"angle": 0,
				"axis": "y",
				"origin": [8.00002, 9.63384, 8.00056]
			},
			"faces": {
				"north": {
					"uv": [0, 4.5, 0.40624, 5.81252],
					"texture": "#1"
				},
				"east": {
					"uv": [8.75, 10.25, 8.875, 11.56252],
					"texture": "#1"
				},
				"south": {
					"uv": [0.625, 4.5, 1.03124, 5.81252],
					"texture": "#1"
				},
				"west": {
					"uv": [10.375, 0.625, 10.5, 1.93752],
					"texture": "#1"
				},
				"up": {
					"uv": [4.65624, 12, 4.25, 11.875],
					"texture": "#1"
				},
				"down": {
					"uv": [6.90624, 11.875, 6.5, 12],
					"texture": "#1"
				}
			}
		},
		{
			"from": [5.15677, -0.04188, 7.49738],
			"to": [6.82229, 5.2356, 8],
			"rotation": {
				"angle": 0,
				"axis": "y",
				"origin": [8.00002, 9.63384, 8.00056]
			},
			"faces": {
				"north": {
					"uv": [1.25, 4.5, 1.65624, 5.81252],
					"texture": "#1"
				},
				"east": {
					"uv": [10.375, 2.125, 10.5, 3.43752],
					"texture": "#1"
				},
				"south": {
					"uv": [1.875, 4.5, 2.28124, 5.81252],
					"texture": "#1"
				},
				"west": {
					"uv": [10.375, 3.625, 10.5, 4.93752],
					"texture": "#1"
				},
				"up": {
					"uv": [9.28124, 12, 8.875, 11.875],
					"texture": "#1"
				},
				"down": {
					"uv": [2.15624, 12, 1.75, 12.125],
					"texture": "#1"
				}
			}
		},
		{
			"from": [5.15677, -0.04188, 8],
			"to": [6.82229, 5.2356, 8.50262],
			"rotation": {
				"angle": 0,
				"axis": "y",
				"origin": [8.00002, 9.63384, 8.00056]
			},
			"faces": {
				"north": {
					"uv": [2.5, 4.5, 2.90624, 5.81252],
					"texture": "#1"
				},
				"east": {
					"uv": [10.375, 5.125, 10.5, 6.43752],
					"texture": "#1"
				},
				"south": {
					"uv": [3.125, 4.5, 3.53124, 5.81252],
					"texture": "#1"
				},
				"west": {
					"uv": [10.375, 6.625, 10.5, 7.93752],
					"texture": "#1"
				},
				"up": {
					"uv": [5.28124, 12.125, 4.875, 12],
					"texture": "#1"
				},
				"down": {
					"uv": [5.90624, 12, 5.5, 12.125],
					"texture": "#1"
				}
			}
		},
		{
			"from": [9.17771, -0.04188, 8],
			"to": [10.84323, 5.2356, 8.50262],
			"rotation": {
				"angle": 0,
				"axis": "y",
				"origin": [8.00002, 9.63384, 8.00056]
			},
			"faces": {
				"north": {
					"uv": [3.75, 4.5, 4.15624, 5.81252],
					"texture": "#1"
				},
				"east": {
					"uv": [10.375, 9.875, 10.5, 11.18752],
					"texture": "#1"
				},
				"south": {
					"uv": [4.375, 4.5, 4.78124, 5.81252],
					"texture": "#1"
				},
				"west": {
					"uv": [7.5, 10.5, 7.625, 11.81252],
					"texture": "#1"
				},
				"up": {
					"uv": [12.40624, 6.625, 12, 6.5],
					"texture": "#1"
				},
				"down": {
					"uv": [12.40624, 6.75, 12, 6.875],
					"texture": "#1"
				}
			}
		},
		{
			"from": [8.83317, -0.04188, 7.16738],
			"to": [9.33578, 5.2356, 8.83291],
			"rotation": {
				"angle": 45,
				"axis": "y",
				"origin": [8.00002, 9.63384, 8.00056]
			},
			"faces": {
				"north": {
					"uv": [7.75, 10.5, 7.875, 11.81252],
					"texture": "#1"
				},
				"east": {
					"uv": [5, 0, 5.40624, 1.31252],
					"texture": "#1"
				},
				"south": {
					"uv": [8, 10.5, 8.125, 11.81252],
					"texture": "#1"
				},
				"west": {
					"uv": [5, 1.5, 5.40624, 2.81252],
					"texture": "#1"
				},
				"up": {
					"uv": [8.5, 4.15624, 8.375, 3.75],
					"texture": "#1"
				},
				"down": {
					"uv": [9.25, 1.875, 9.125, 2.28124],
					"texture": "#1"
				}
			}
		},
		{
			"from": [6.66423, -0.04188, 7.16742],
			"to": [7.16685, 5.2356, 8.83294],
			"rotation": {
				"angle": -45,
				"axis": "y",
				"origin": [8.00002, 9.63384, 8.00056]
			},
			"faces": {
				"north": {
					"uv": [10.5, 8.125, 10.625, 9.43752],
					"texture": "#1"
				},
				"east": {
					"uv": [5, 3, 5.40624, 4.31252],
					"texture": "#1"
				},
				"south": {
					"uv": [0, 10.625, 0.125, 11.93752],
					"texture": "#1"
				},
				"west": {
					"uv": [5, 4.5, 5.40624, 5.81252],
					"texture": "#1"
				},
				"up": {
					"uv": [9.25, 2.90624, 9.125, 2.5],
					"texture": "#1"
				},
				"down": {
					"uv": [9.5, 1.875, 9.375, 2.28124],
					"texture": "#1"
				}
			}
		},
		{
			"from": [6.66502, -0.04188, 7.16738],
			"to": [7.16763, 5.2356, 8.83291],
			"rotation": {
				"angle": 45,
				"axis": "y",
				"origin": [8.00002, 9.63384, 8.00056]
			},
			"faces": {
				"north": {
					"uv": [10.625, 0, 10.75, 1.31252],
					"texture": "#1"
				},
				"east": {
					"uv": [5.625, 0, 6.03124, 1.31252],
					"texture": "#1"
				},
				"south": {
					"uv": [0.25, 10.625, 0.375, 11.93752],
					"texture": "#1"
				},
				"west": {
					"uv": [5.625, 1.5, 6.03124, 2.81252],
					"texture": "#1"
				},
				"up": {
					"uv": [9.5, 2.90624, 9.375, 2.5],
					"texture": "#1"
				},
				"down": {
					"uv": [10, 8.75, 9.875, 9.15624],
					"texture": "#1"
				}
			}
		},
		{
			"from": [8.83238, -0.04188, 7.16742],
			"to": [9.335, 5.2356, 8.83294],
			"rotation": {
				"angle": -45,
				"axis": "y",
				"origin": [8.00002, 9.63384, 8.00056]
			},
			"faces": {
				"north": {
					"uv": [0.5, 10.625, 0.625, 11.93752],
					"texture": "#1"
				},
				"east": {
					"uv": [5.625, 3, 6.03124, 4.31252],
					"texture": "#1"
				},
				"south": {
					"uv": [0.75, 10.625, 0.875, 11.93752],
					"texture": "#1"
				},
				"west": {
					"uv": [5.625, 4.5, 6.03124, 5.81252],
					"texture": "#1"
				},
				"up": {
					"uv": [7.25, 12.28124, 7.125, 11.875],
					"texture": "#1"
				},
				"down": {
					"uv": [6.25, 12, 6.125, 12.40624],
					"texture": "#1"
				}
			}
		},
		{
			"from": [8, -0.04188, 5.15677],
			"to": [8.50262, 5.2356, 6.82229],
			"rotation": {
				"angle": 0,
				"axis": "y",
				"origin": [8.00002, 9.63384, 8.00056]
			},
			"faces": {
				"north": {
					"uv": [1, 10.625, 1.125, 11.93752],
					"texture": "#1"
				},
				"east": {
					"uv": [0, 6, 0.40624, 7.31252],
					"texture": "#1"
				},
				"south": {
					"uv": [1.25, 10.625, 1.375, 11.93752],
					"texture": "#1"
				},
				"west": {
					"uv": [0.625, 6, 1.03124, 7.31252],
					"texture": "#1"
				},
				"up": {
					"uv": [7.5, 12.40624, 7.375, 12],
					"texture": "#1"
				},
				"down": {
					"uv": [7.75, 12, 7.625, 12.40624],
					"texture": "#1"
				}
			}
		},
		{
			"from": [7.49738, -0.04188, 5.15677],
			"to": [8, 5.2356, 6.82229],
			"rotation": {
				"angle": 0,
				"axis": "y",
				"origin": [8.00002, 9.63384, 8.00056]
			},
			"faces": {
				"north": {
					"uv": [10.625, 1.5, 10.75, 2.81252],
					"texture": "#1"
				},
				"east": {
					"uv": [1.25, 6, 1.65624, 7.31252],
					"texture": "#1"
				},
				"south": {
					"uv": [10.625, 3, 10.75, 4.31252],
					"texture": "#1"
				},
				"west": {
					"uv": [1.875, 6, 2.28124, 7.31252],
					"texture": "#1"
				},
				"up": {
					"uv": [8, 12.40624, 7.875, 12],
					"texture": "#1"
				},
				"down": {
					"uv": [8.25, 12, 8.125, 12.40624],
					"texture": "#1"
				}
			}
		},
		{
			"from": [7.49738, -0.04188, 9.17771],
			"to": [8, 5.2356, 10.84323],
			"rotation": {
				"angle": 0,
				"axis": "y",
				"origin": [8.00002, 9.63384, 8.00056]
			},
			"faces": {
				"north": {
					"uv": [10.625, 4.5, 10.75, 5.81252],
					"texture": "#1"
				},
				"east": {
					"uv": [2.5, 6, 2.90624, 7.31252],
					"texture": "#1"
				},
				"south": {
					"uv": [10.625, 6, 10.75, 7.31252],
					"texture": "#1"
				},
				"west": {
					"uv": [3.125, 6, 3.53124, 7.31252],
					"texture": "#1"
				},
				"up": {
					"uv": [8.5, 12.40624, 8.375, 12],
					"texture": "#1"
				},
				"down": {
					"uv": [8.75, 12, 8.625, 12.40624],
					"texture": "#1"
				}
			}
		},
		{
			"from": [8, -0.04188, 9.17771],
			"to": [8.50262, 5.2356, 10.84323],
			"rotation": {
				"angle": 0,
				"axis": "y",
				"origin": [8.00002, 9.63384, 8.00056]
			},
			"faces": {
				"north": {
					"uv": [10.625, 9.625, 10.75, 10.93752],
					"texture": "#1"
				},
				"east": {
					"uv": [3.75, 6, 4.15624, 7.31252],
					"texture": "#1"
				},
				"south": {
					"uv": [10.75, 7.5, 10.875, 8.81252],
					"texture": "#1"
				},
				"west": {
					"uv": [4.375, 6, 4.78124, 7.31252],
					"texture": "#1"
				},
				"up": {
					"uv": [12.125, 9.40624, 12, 9],
					"texture": "#1"
				},
				"down": {
					"uv": [9.625, 12, 9.5, 12.40624],
					"texture": "#1"
				}
			}
		},
		{
			"from": [12.35149, -0.04188, 7.16738],
			"to": [12.85411, 5.2356, 8.83291],
			"rotation": {
				"angle": 45,
				"axis": "y",
				"origin": [8.00002, 9.63384, 8.00056]
			},
			"faces": {
				"north": {
					"uv": [10.875, 0, 11, 1.31252],
					"texture": "#1"
				},
				"east": {
					"uv": [5, 6, 5.40624, 7.31252],
					"texture": "#1"
				},
				"south": {
					"uv": [1.5, 10.875, 1.625, 12.18752],
					"texture": "#1"
				},
				"west": {
					"uv": [5.625, 6, 6.03124, 7.31252],
					"texture": "#1"
				},
				"up": {
					"uv": [12.125, 10.03124, 12, 9.625],
					"texture": "#1"
				},
				"down": {
					"uv": [9.875, 12, 9.75, 12.40624],
					"texture": "#1"
				}
			}
		},
		{
			"from": [3.14591, -0.04188, 7.16742],
			"to": [3.64853, 5.2356, 8.83294],
			"rotation": {
				"angle": -45,
				"axis": "y",
				"origin": [8.00002, 9.63384, 8.00056]
			},
			"faces": {
				"north": {
					"uv": [10.875, 1.5, 11, 2.81252],
					"texture": "#1"
				},
				"east": {
					"uv": [6.25, 0, 6.65624, 1.31252],
					"texture": "#1"
				},
				"south": {
					"uv": [10.875, 3, 11, 4.31252],
					"texture": "#1"
				},
				"west": {
					"uv": [6.25, 1.5, 6.65624, 2.81252],
					"texture": "#1"
				},
				"up": {
					"uv": [10.125, 12.40624, 10, 12],
					"texture": "#1"
				},
				"down": {
					"uv": [10.375, 12, 10.25, 12.40624],
					"texture": "#1"
				}
			}
		},
		{
			"from": [3.14669, -0.04188, 7.16738],
			"to": [3.64931, 5.2356, 8.83291],
			"rotation": {
				"angle": 45,
				"axis": "y",
				"origin": [8.00002, 9.63384, 8.00056]
			},
			"faces": {
				"north": {
					"uv": [10.875, 4.5, 11, 5.81252],
					"texture": "#1"
				},
				"east": {
					"uv": [6.25, 3, 6.65624, 4.31252],
					"texture": "#1"
				},
				"south": {
					"uv": [10.875, 6, 11, 7.31252],
					"texture": "#1"
				},
				"west": {
					"uv": [6.25, 4.5, 6.65624, 5.81252],
					"texture": "#1"
				},
				"up": {
					"uv": [12.125, 10.65624, 12, 10.25],
					"texture": "#1"
				},
				"down": {
					"uv": [10.625, 12, 10.5, 12.40624],
					"texture": "#1"
				}
			}
		},
		{
			"from": [12.3507, -0.04188, 7.16742],
			"to": [12.85332, 5.2356, 8.83294],
			"rotation": {
				"angle": -45,
				"axis": "y",
				"origin": [8.00002, 9.63384, 8.00056]
			},
			"faces": {
				"north": {
					"uv": [10.875, 9, 11, 10.31252],
					"texture": "#1"
				},
				"east": {
					"uv": [6.25, 6, 6.65624, 7.31252],
					"texture": "#1"
				},
				"south": {
					"uv": [10.875, 10.5, 11, 11.81252],
					"texture": "#1"
				},
				"west": {
					"uv": [6.875, 0, 7.28124, 1.31252],
					"texture": "#1"
				},
				"up": {
					"uv": [10.875, 12.40624, 10.75, 12],
					"texture": "#1"
				},
				"down": {
					"uv": [12.125, 10.875, 12, 11.28124],
					"texture": "#1"
				}
			}
		},
		{
			"from": [11.51832, -0.04188, 5.15677],
			"to": [12.02094, 5.2356, 6.82229],
			"rotation": {
				"angle": 0,
				"axis": "y",
				"origin": [8.00002, 9.63384, 8.00056]
			},
			"faces": {
				"north": {
					"uv": [11, 7.5, 11.125, 8.81252],
					"texture": "#1"
				},
				"east": {
					"uv": [6.875, 1.5, 7.28124, 2.81252],
					"texture": "#1"
				},
				"south": {
					"uv": [11.125, 0, 11.25, 1.31252],
					"texture": "#1"
				},
				"west": {
					"uv": [6.875, 3, 7.28124, 4.31252],
					"texture": "#1"
				},
				"up": {
					"uv": [11.125, 12.40624, 11, 12],
					"texture": "#1"
				},
				"down": {
					"uv": [11.375, 12, 11.25, 12.40624],
					"texture": "#1"
				}
			}
		},
		{
			"from": [3.97906, -0.04188, 5.15677],
			"to": [4.48168, 5.2356, 6.82229],
			"rotation": {
				"angle": 0,
				"axis": "y",
				"origin": [8.00002, 9.63384, 8.00056]
			},
			"faces": {
				"north": {
					"uv": [11.125, 1.5, 11.25, 2.81252],
					"texture": "#1"
				},
				"east": {
					"uv": [6.875, 4.5, 7.28124, 5.81252],
					"texture": "#1"
				},
				"south": {
					"uv": [11.125, 3, 11.25, 4.31252],
					"texture": "#1"
				},
				"west": {
					"uv": [6.875, 6, 7.28124, 7.31252],
					"texture": "#1"
				},
				"up": {
					"uv": [11.625, 12.40624, 11.5, 12],
					"texture": "#1"
				},
				"down": {
					"uv": [12.125, 11.5, 12, 11.90624],
					"texture": "#1"
				}
			}
		},
		{
			"from": [3.97906, -0.04188, 9.17771],
			"to": [4.48168, 5.2356, 10.84323],
			"rotation": {
				"angle": 0,
				"axis": "y",
				"origin": [8.00002, 9.63384, 8.00056]
			},
			"faces": {
				"north": {
					"uv": [11.125, 4.5, 11.25, 5.81252],
					"texture": "#1"
				},
				"east": {
					"uv": [0, 7.5, 0.40624, 8.81252],
					"texture": "#1"
				},
				"south": {
					"uv": [11.125, 6, 11.25, 7.31252],
					"texture": "#1"
				},
				"west": {
					"uv": [7.5, 0, 7.90624, 1.31252],
					"texture": "#1"
				},
				"up": {
					"uv": [11.875, 12.40624, 11.75, 12],
					"texture": "#1"
				},
				"down": {
					"uv": [0.125, 12.125, 0, 12.53124],
					"texture": "#1"
				}
			}
		},
		{
			"from": [11.51832, -0.04188, 9.17771],
			"to": [12.02094, 5.2356, 10.84323],
			"rotation": {
				"angle": 0,
				"axis": "y",
				"origin": [8.00002, 9.63384, 8.00056]
			},
			"faces": {
				"north": {
					"uv": [11.125, 9, 11.25, 10.31252],
					"texture": "#1"
				},
				"east": {
					"uv": [0.625, 7.5, 1.03124, 8.81252],
					"texture": "#1"
				},
				"south": {
					"uv": [11.125, 10.5, 11.25, 11.81252],
					"texture": "#1"
				},
				"west": {
					"uv": [1.25, 7.5, 1.65624, 8.81252],
					"texture": "#1"
				},
				"up": {
					"uv": [0.375, 12.53124, 0.25, 12.125],
					"texture": "#1"
				},
				"down": {
					"uv": [0.625, 12.125, 0.5, 12.53124],
					"texture": "#1"
				}
			}
		},
		{
			"from": [6.22638, 5.2356, 3.37708],
			"to": [9.78492, 5.73822, 12.6152],
			"rotation": {
				"angle": -45,
				"axis": "y",
				"origin": [8.00188, 5.98953, 7.99578]
			},
			"faces": {
				"north": {
					"uv": [1.5625, 5.75, 2.65625, 5.90625],
					"texture": "#8"
				},
				"east": {
					"uv": [5.625, 0, 8.5, 0.15625],
					"texture": "#8"
				},
				"south": {
					"uv": [1.5625, 5.9375, 2.65625, 6.09375],
					"texture": "#8"
				},
				"west": {
					"uv": [5.625, 0.1875, 8.5, 0.34375],
					"texture": "#8"
				},
				"up": {
					"uv": [2.90625, 2.875, 1.8125, 0],
					"texture": "#8"
				},
				"down": {
					"uv": [2.90625, 2.875, 1.8125, 5.75],
					"texture": "#8"
				}
			}
		},
		{
			"from": [6.37214, 5.73822, 3.53468],
			"to": [9.6291, 6.24084, 12.46117],
			"rotation": {
				"angle": -45,
				"axis": "y",
				"origin": [8.00188, 5.98953, 7.99578]
			},
			"faces": {
				"north": {
					"uv": [1.5625, 6.125, 2.5625, 6.28125],
					"texture": "#8"
				},
				"east": {
					"uv": [5.625, 0.375, 8.40625, 0.53125],
					"texture": "#8"
				},
				"south": {
					"uv": [6.1875, 1.125, 7.1875, 1.28125],
					"texture": "#8"
				},
				"west": {
					"uv": [5.625, 0.5625, 8.40625, 0.71875],
					"texture": "#8"
				},
				"up": {
					"uv": [3.9375, 6.28125, 2.9375, 3.5],
					"texture": "#8"
				},
				"down": {
					"uv": [1, 3.625, 0, 6.40625],
					"texture": "#8"
				}
			}
		},
		{
			"from": [6.51611, 6.24084, 3.67218],
			"to": [9.48156, 6.74346, 12.3172],
			"rotation": {
				"angle": -45,
				"axis": "y",
				"origin": [8.00188, 5.98953, 7.99578]
			},
			"faces": {
				"north": {
					"uv": [6.1875, 1.3125, 7.125, 1.46875],
					"texture": "#8"
				},
				"east": {
					"uv": [5.625, 0.75, 8.3125, 0.90625],
					"texture": "#8"
				},
				"south": {
					"uv": [6.1875, 1.5, 7.125, 1.65625],
					"texture": "#8"
				},
				"west": {
					"uv": [5.625, 0.9375, 8.3125, 1.09375],
					"texture": "#8"
				},
				"up": {
					"uv": [4.875, 6.1875, 3.9375, 3.5],
					"texture": "#8"
				},
				"down": {
					"uv": [5.625, 0, 4.6875, 2.6875],
					"texture": "#8"
				}
			}
		},
		{
			"from": [3.3848, 5.2356, 6.22638],
			"to": [12.62292, 5.73822, 9.78492],
			"rotation": {
				"angle": -45,
				"axis": "y",
				"origin": [8.00422, 5.98953, 8.00188]
			},
			"faces": {
				"north": {
					"uv": [5.625, 0.1875, 8.5, 0.34375],
					"texture": "#8"
				},
				"east": {
					"uv": [1.5625, 5.75, 2.65625, 5.90625],
					"texture": "#8"
				},
				"south": {
					"uv": [5.625, 0, 8.5, 0.15625],
					"texture": "#8"
				},
				"west": {
					"uv": [1.5625, 5.9375, 2.65625, 6.09375],
					"texture": "#8"
				},
				"up": {
					"uv": [2.90625, 2.875, 1.8125, 0],
					"rotation": 90,
					"texture": "#8"
				},
				"down": {
					"uv": [2.90625, 2.875, 1.8125, 5.75],
					"rotation": 270,
					"texture": "#8"
				}
			}
		},
		{
			"from": [3.53883, 5.73822, 6.37214],
			"to": [12.46532, 6.24084, 9.6291],
			"rotation": {
				"angle": -45,
				"axis": "y",
				"origin": [8.00422, 5.98953, 8.00188]
			},
			"faces": {
				"north": {
					"uv": [5.625, 0.5625, 8.40625, 0.71875],
					"texture": "#8"
				},
				"east": {
					"uv": [1.5625, 6.125, 2.5625, 6.28125],
					"texture": "#8"
				},
				"south": {
					"uv": [5.625, 0.375, 8.40625, 0.53125],
					"texture": "#8"
				},
				"west": {
					"uv": [6.1875, 1.125, 7.1875, 1.28125],
					"texture": "#8"
				},
				"up": {
					"uv": [3.9375, 6.28125, 2.9375, 3.5],
					"rotation": 90,
					"texture": "#8"
				},
				"down": {
					"uv": [1, 3.625, 0, 6.40625],
					"rotation": 270,
					"texture": "#8"
				}
			}
		},
		{
			"from": [3.6828, 6.24084, 6.51611],
			"to": [12.32782, 6.74346, 9.48156],
			"rotation": {
				"angle": -45,
				"axis": "y",
				"origin": [8.00422, 5.98953, 8.00188]
			},
			"faces": {
				"north": {
					"uv": [5.625, 0.9375, 8.3125, 1.09375],
					"texture": "#8"
				},
				"east": {
					"uv": [6.1875, 1.3125, 7.125, 1.46875],
					"texture": "#8"
				},
				"south": {
					"uv": [5.625, 0.75, 8.3125, 0.90625],
					"texture": "#8"
				},
				"west": {
					"uv": [6.1875, 1.5, 7.125, 1.65625],
					"texture": "#8"
				},
				"up": {
					"uv": [4.875, 6.1875, 3.9375, 3.5],
					"rotation": 90,
					"texture": "#8"
				},
				"down": {
					"uv": [5.625, 0, 4.6875, 2.6875],
					"rotation": 270,
					"texture": "#8"
				}
			}
		},
		{
			"from": [9.50785, 7.74869, 6.6178],
			"to": [10.83979, 17.67539, 7.12042],
			"rotation": {
				"angle": 0,
				"axis": "y",
				"origin": [8.00002, 7.62337, 8.00056]
			},
			"faces": {
				"north": {
					"uv": [2.125, 1.75, 2.46876, 4.21876],
					"texture": "#3"
				},
				"east": {
					"uv": [3, 7.625, 3.125, 10.09376],
					"texture": "#3"
				},
				"south": {
					"uv": [0, 2.25, 0.34376, 4.71876],
					"texture": "#3"
				},
				"west": {
					"uv": [3.25, 7.625, 3.375, 10.09376],
					"texture": "#3"
				},
				"up": {
					"uv": [5.34376, 9.75, 5, 9.625],
					"texture": "#3"
				},
				"down": {
					"uv": [5.84376, 9.625, 5.5, 9.75],
					"texture": "#3"
				}
			}
		},
		{
			"from": [9.50785, 7.74869, 8.87958],
			"to": [10.83979, 17.67539, 9.3822],
			"rotation": {
				"angle": 0,
				"axis": "y",
				"origin": [8.00002, 7.62337, 8.00056]
			},
			"faces": {
				"north": {
					"uv": [1.125, 1.75, 1.46876, 4.21876],
					"texture": "#3"
				},
				"east": {
					"uv": [7.625, 2.125, 7.75, 4.59376],
					"texture": "#3"
				},
				"south": {
					"uv": [1.625, 1.75, 1.96876, 4.21876],
					"texture": "#3"
				},
				"west": {
					"uv": [2.75, 7.625, 2.875, 10.09376],
					"texture": "#3"
				},
				"up": {
					"uv": [9.84376, 9.25, 9.5, 9.125],
					"texture": "#3"
				},
				"down": {
					"uv": [4.84376, 9.625, 4.5, 9.75],
					"texture": "#3"
				}
			}
		},
		{
			"from": [6.74346, 11.71068, 8.47729],
			"to": [9.25654, 12.2133, 10.48776],
			"rotation": {
				"angle": -45,
				"axis": "x",
				"origin": [8.00002, 7.62337, 8.00056]
			},
			"faces": {
				"north": {
					"uv": [8.5, 6.875, 9.125, 7],
					"texture": "#3"
				},
				"east": {
					"uv": [7, 2.875, 7.5, 3],
					"texture": "#3"
				},
				"south": {
					"uv": [8.5, 7.125, 9.125, 7.25],
					"texture": "#3"
				},
				"west": {
					"uv": [9, 7.625, 9.5, 7.75],
					"texture": "#3"
				},
				"up": {
					"uv": [2.125, 7.5, 1.5, 7],
					"texture": "#3"
				},
				"down": {
					"uv": [7.625, 1.5, 7, 2],
					"texture": "#3"
				}
			}
		},
		{
			"from": [5.10126, 6.40969, 6.74346],
			"to": [7.11173, 6.9123, 9.25654],
			"rotation": {
				"angle": -45,
				"axis": "z",
				"origin": [8.00002, 7.62337, 8.00056]
			},
			"faces": {
				"north": {
					"uv": [8, 4, 12, 5],
					"texture": "#6"
				},
				"east": {
					"uv": [8, 0, 13, 1],
					"texture": "#6"
				},
				"south": {
					"uv": [8, 5, 12, 6],
					"texture": "#6"
				},
				"west": {
					"uv": [8, 1, 13, 2],
					"texture": "#6"
				},
				"up": {
					"uv": [4, 5, 0, 0],
					"texture": "#6"
				},
				"down": {
					"uv": [8, 0, 4, 5],
					"texture": "#6"
				}
			}
		},
		{
			"from": [6.86911, 5.2356, 6.36649],
			"to": [9.13089, 7.74869, 6.86911],
			"rotation": {
				"angle": 0,
				"axis": "y",
				"origin": [8.00002, 7.62337, 8.00056]
			},
			"faces": {
				"north": {
					"uv": [4.375, 6.5, 4.93752, 7.125],
					"texture": "#3"
				},
				"east": {
					"uv": [0.75, 4.875, 0.875, 5.5],
					"texture": "#3"
				},
				"south": {
					"uv": [6.125, 6.5, 6.68752, 7.125],
					"texture": "#3"
				},
				"west": {
					"uv": [4.375, 5.25, 4.5, 5.875],
					"texture": "#3"
				},
				"up": {
					"uv": [9.56252, 4.375, 9, 4.25],
					"texture": "#3"
				},
				"down": {
					"uv": [9.56252, 4.5, 9, 4.625],
					"texture": "#3"
				}
			}
		},
		{
			"from": [5.48691, 5.98953, 6.49215],
			"to": [10.51309, 6.49215, 9.50785],
			"rotation": {
				"angle": 0,
				"axis": "y",
				"origin": [8.00002, 7.62337, 8.00056]
			},
			"faces": {
				"north": {
					"uv": [8.125, 5.125, 9.375, 5.25],
					"texture": "#3"
				},
				"east": {
					"uv": [7.625, 8.125, 8.375, 8.25],
					"texture": "#3"
				},
				"south": {
					"uv": [8.125, 5.375, 9.375, 5.5],
					"texture": "#3"
				},
				"west": {
					"uv": [8.25, 0, 9, 0.125],
					"texture": "#3"
				},
				"up": {
					"uv": [2.375, 0.75, 1.125, 0],
					"texture": "#3"
				},
				"down": {
					"uv": [2.375, 0.875, 1.125, 1.625],
					"texture": "#3"
				}
			}
		},
		{
			"from": [6.74346, 6.4101, 8.88844],
			"to": [9.25654, 6.91272, 10.89891],
			"rotation": {
				"angle": -45,
				"axis": "x",
				"origin": [8.00002, 7.62337, 8.00056]
			},
			"faces": {
				"north": {
					"uv": [1.5, 8.625, 2.125, 8.75],
					"texture": "#3"
				},
				"east": {
					"uv": [8.25, 9.125, 8.75, 9.25],
					"texture": "#3"
				},
				"south": {
					"uv": [4.5, 8.625, 5.125, 8.75],
					"texture": "#3"
				},
				"west": {
					"uv": [8.875, 9.125, 9.375, 9.25],
					"texture": "#3"
				},
				"up": {
					"uv": [7.625, 5.25, 7, 4.75],
					"texture": "#3"
				},
				"down": {
					"uv": [7.625, 5.375, 7, 5.875],
					"texture": "#3"
				}
			}
		},
		{
			"from": [6.74404, 6.40973, 5.10072],
			"to": [9.25713, 6.91235, 7.11118],
			"rotation": {
				"angle": 45,
				"axis": "x",
				"origin": [8.00002, 7.62337, 7.99944]
			},
			"faces": {
				"north": {
					"uv": [5.25, 8.625, 5.875, 8.75],
					"texture": "#3"
				},
				"east": {
					"uv": [9.25, 5.625, 9.75, 5.75],
					"texture": "#3"
				},
				"south": {
					"uv": [6, 8.625, 6.625, 8.75],
					"texture": "#3"
				},
				"west": {
					"uv": [9.25, 5.875, 9.75, 6],
					"texture": "#3"
				},
				"up": {
					"uv": [0.625, 7.21876, 0, 7.71876],
					"texture": "#3"
				},
				"down": {
					"uv": [5, 7.25, 4.375, 7.75],
					"texture": "#3"
				}
			}
		},
		{
			"from": [6.86911, 5.2356, 9.13089],
			"to": [9.13089, 7.74869, 9.63351],
			"rotation": {
				"angle": 0,
				"axis": "y",
				"origin": [8.00002, 7.62337, 8.00056]
			},
			"faces": {
				"north": {
					"uv": [6.875, 0, 7.43752, 0.625],
					"texture": "#3"
				},
				"east": {
					"uv": [5.5, 0, 5.625, 0.625],
					"texture": "#3"
				},
				"south": {
					"uv": [6.875, 0.75, 7.43752, 1.375],
					"texture": "#3"
				},
				"west": {
					"uv": [5.5, 0.75, 5.625, 1.375],
					"texture": "#3"
				},
				"up": {
					"uv": [9.56252, 4.875, 9, 4.75],
					"texture": "#3"
				},
				"down": {
					"uv": [9.56252, 7.375, 9, 7.5],
					"texture": "#3"
				}
			}
		},
		{
			"from": [6.36649, 5.2356, 6.86911],
			"to": [6.86911, 7.74869, 9.13089],
			"rotation": {
				"angle": 0,
				"axis": "y",
				"origin": [8.00002, 7.62337, 8.00056]
			},
			"faces": {
				"north": {
					"uv": [0.75, 5.625, 0.875, 6.25],
					"texture": "#3"
				},
				"east": {
					"uv": [6.875, 3.25, 7.43752, 3.875],
					"texture": "#3"
				},
				"south": {
					"uv": [7.625, 6.375, 7.75, 7],
					"texture": "#3"
				},
				"west": {
					"uv": [6.875, 4, 7.43752, 4.625],
					"texture": "#3"
				},
				"up": {
					"uv": [9.25, 0.56252, 9.125, 0],
					"texture": "#3"
				},
				"down": {
					"uv": [9.25, 0.75, 9.125, 1.31252],
					"texture": "#3"
				}
			}
		},
		{
			"from": [6.49215, 5.98953, 9.50785],
			"to": [9.50785, 6.49215, 10.51309],
			"rotation": {
				"angle": 0,
				"axis": "y",
				"origin": [8.00002, 7.62337, 8.00056]
			},
			"faces": {
				"north": {
					"uv": [8.25, 0.25, 9, 0.375],
					"texture": "#3"
				},
				"east": {
					"uv": [6.375, 9.125, 6.625, 9.25],
					"texture": "#3"
				},
				"south": {
					"uv": [8.25, 0.5, 9, 0.625],
					"texture": "#3"
				},
				"west": {
					"uv": [1.5, 9.875, 1.75, 10],
					"texture": "#3"
				},
				"up": {
					"uv": [7.75, 6.25, 7, 6],
					"texture": "#3"
				},
				"down": {
					"uv": [8.875, 4, 8.125, 4.25],
					"texture": "#3"
				}
			}
		},
		{
			"from": [6.49215, 5.98953, 5.48691],
			"to": [9.50785, 6.49215, 6.49215],
			"rotation": {
				"angle": 0,
				"axis": "y",
				"origin": [8.00002, 7.62337, 8.00056]
			},
			"faces": {
				"north": {
					"uv": [8.25, 0.75, 9, 0.875],
					"texture": "#3"
				},
				"east": {
					"uv": [6.25, 9.875, 6.5, 10],
					"texture": "#3"
				},
				"south": {
					"uv": [8.25, 1, 9, 1.125],
					"texture": "#3"
				},
				"west": {
					"uv": [9.875, 6.375, 10.125, 6.5],
					"texture": "#3"
				},
				"up": {
					"uv": [8.875, 4.625, 8.125, 4.375],
					"texture": "#3"
				},
				"down": {
					"uv": [8.875, 4.75, 8.125, 5],
					"texture": "#3"
				}
			}
		},
		{
			"from": [9.13089, 5.2356, 6.86911],
			"to": [9.63351, 7.74869, 9.13089],
			"rotation": {
				"angle": 0,
				"axis": "y",
				"origin": [8.00002, 7.62337, 8.00056]
			},
			"faces": {
				"north": {
					"uv": [2.375, 8.375, 2.5, 9],
					"texture": "#3"
				},
				"east": {
					"uv": [6.875, 6.5, 7.43752, 7.125],
					"texture": "#3"
				},
				"south": {
					"uv": [6.75, 8.625, 6.875, 9.25],
					"texture": "#3"
				},
				"west": {
					"uv": [0.75, 7, 1.31252, 7.625],
					"texture": "#3"
				},
				"up": {
					"uv": [1.625, 9.68752, 1.5, 9.125],
					"texture": "#3"
				},
				"down": {
					"uv": [1.875, 9.125, 1.75, 9.68752],
					"texture": "#3"
				}
			}
		},
		{
			"from": [5.98953, 12.30488, 5.98953],
			"to": [10.01047, 12.8075, 10.01047],
			"rotation": {
				"angle": 0,
				"axis": "y",
				"origin": [2.4712, 11.67661, 5.48691]
			},
			"faces": {
				"north": {
					"uv": [8.125, 5.625, 9.125, 5.75],
					"texture": "#3"
				},
				"east": {
					"uv": [8.125, 5.875, 9.125, 6],
					"texture": "#3"
				},
				"south": {
					"uv": [8.125, 6.125, 9.125, 6.25],
					"texture": "#3"
				},
				"west": {
					"uv": [8.125, 6.375, 9.125, 6.5],
					"texture": "#3"
				},
				"up": {
					"uv": [1, 1, 0, 0],
					"texture": "#3"
				},
				"down": {
					"uv": [1, 1.125, 0, 2.125],
					"texture": "#3"
				}
			}
		},
		{
			"from": [6.74346, 11.55458, 6.23888],
			"to": [9.25654, 12.0572, 8.07343],
			"rotation": {
				"angle": 45,
				"axis": "x",
				"origin": [8, 13.8861, 8]
			},
			"faces": {
				"north": {
					"uv": [8.875, 8.875, 9.5, 9],
					"texture": "#3"
				},
				"east": {
					"uv": [6.375, 9.375, 6.84376, 9.5],
					"texture": "#3"
				},
				"south": {
					"uv": [9, 4, 9.625, 4.125],
					"texture": "#3"
				},
				"west": {
					"uv": [9.375, 6.625, 9.84376, 6.75],
					"texture": "#3"
				},
				"up": {
					"uv": [8.5, 7.96876, 7.875, 7.5],
					"texture": "#3"
				},
				"down": {
					"uv": [5.75, 8, 5.125, 8.46876],
					"texture": "#3"
				}
			}
		},
		{
			"from": [6.74346, 11.55458, 7.92657],
			"to": [9.25654, 12.0572, 9.76112],
			"rotation": {
				"angle": -45,
				"axis": "x",
				"origin": [8, 13.8861, 8]
			},
			"faces": {
				"north": {
					"uv": [9, 4, 9.625, 4.125],
					"texture": "#3"
				},
				"east": {
					"uv": [9.375, 6.625, 9.84376, 6.75],
					"texture": "#3"
				},
				"south": {
					"uv": [8.875, 8.875, 9.5, 9],
					"texture": "#3"
				},
				"west": {
					"uv": [6.375, 9.375, 6.84376, 9.5],
					"texture": "#3"
				},
				"up": {
					"uv": [7.875, 7.5, 8.5, 7.96876],
					"texture": "#3"
				},
				"down": {
					"uv": [5.125, 8.46876, 5.75, 8],
					"texture": "#3"
				}
			}
		},
		{
			"from": [5.6207, 11.29853, 6.74346],
			"to": [7.45525, 11.80114, 9.25654],
			"rotation": {
				"angle": -45,
				"axis": "z",
				"origin": [8, 13.01186, 8]
			},
			"faces": {
				"north": {
					"uv": [6.375, 9.375, 6.84376, 9.5],
					"texture": "#3"
				},
				"east": {
					"uv": [9, 4, 9.625, 4.125],
					"texture": "#3"
				},
				"south": {
					"uv": [9.375, 6.625, 9.84376, 6.75],
					"texture": "#3"
				},
				"west": {
					"uv": [8.875, 8.875, 9.5, 9],
					"texture": "#3"
				},
				"up": {
					"uv": [7.875, 7.5, 8.5, 7.96876],
					"rotation": 90,
					"texture": "#3"
				},
				"down": {
					"uv": [5.125, 8.46876, 5.75, 8],
					"rotation": 270,
					"texture": "#3"
				}
			}
		},
		{
			"from": [8.54475, 11.29853, 6.74346],
			"to": [10.3793, 11.80114, 9.25654],
			"rotation": {
				"angle": 45,
				"axis": "z",
				"origin": [8, 13.01186, 8]
			},
			"faces": {
				"north": {
					"uv": [9.375, 6.625, 9.84376, 6.75],
					"texture": "#3"
				},
				"east": {
					"uv": [8.875, 8.875, 9.5, 9],
					"texture": "#3"
				},
				"south": {
					"uv": [6.375, 9.375, 6.84376, 9.5],
					"texture": "#3"
				},
				"west": {
					"uv": [9, 4, 9.625, 4.125],
					"texture": "#3"
				},
				"up": {
					"uv": [8.5, 7.96876, 7.875, 7.5],
					"rotation": 90,
					"texture": "#3"
				},
				"down": {
					"uv": [5.75, 8, 5.125, 8.46876],
					"rotation": 270,
					"texture": "#3"
				}
			}
		},
		{
			"from": [5.41363, 18.1716, 6.6178],
			"to": [7.49949, 18.42291, 9.3822],
			"rotation": {
				"angle": 22.5,
				"axis": "z",
				"origin": [8, 17.65794, 8]
			},
			"faces": {
				"north": {
					"uv": [9.875, 3.625, 10.40624, 3.68752],
					"texture": "#3"
				},
				"east": {
					"uv": [7, 9.75, 7.68752, 9.81252],
					"texture": "#3"
				},
				"south": {
					"uv": [4.5, 9.875, 5.03124, 9.93752],
					"texture": "#3"
				},
				"west": {
					"uv": [9.75, 7.375, 10.43752, 7.43752],
					"texture": "#3"
				},
				"up": {
					"uv": [6.65624, 0.68752, 6.125, 0],
					"texture": "#3"
				},
				"down": {
					"uv": [6.65624, 0.875, 6.125, 1.56252],
					"texture": "#3"
				}
			}
		},
		{
			"from": [6.99476, 17.83368, 6.99476],
			"to": [9.00524, 18.08499, 9.00524],
			"rotation": {
				"angle": 0,
				"axis": "y",
				"origin": [2.4712, 16.9541, 5.48691]
			},
			"faces": {
				"north": {
					"uv": [9.875, 6.875, 10.375, 6.93752],
					"texture": "#3"
				},
				"east": {
					"uv": [9.875, 7.125, 10.375, 7.18752],
					"texture": "#3"
				},
				"south": {
					"uv": [9.875, 8.125, 10.375, 8.18752],
					"texture": "#3"
				},
				"west": {
					"uv": [9.875, 8.375, 10.375, 8.43752],
					"texture": "#3"
				},
				"up": {
					"uv": [8.625, 3.25, 8.125, 2.75],
					"texture": "#3"
				},
				"down": {
					"uv": [8.625, 3.375, 8.125, 3.875],
					"texture": "#3"
				}
			}
		},
		{
			"from": [6.6178, 17.69102, 8.70924],
			"to": [9.3822, 17.94233, 10.7951],
			"rotation": {
				"angle": 22.5,
				"axis": "x",
				"origin": [8, 17.94233, 9.31238]
			},
			"faces": {
				"north": {
					"uv": [7.875, 9.75, 8.56252, 9.81252],
					"texture": "#3"
				},
				"east": {
					"uv": [9.875, 4.875, 10.40624, 4.93752],
					"texture": "#3"
				},
				"south": {
					"uv": [8.75, 9.75, 9.43752, 9.81252],
					"texture": "#3"
				},
				"west": {
					"uv": [9.875, 5.125, 10.40624, 5.18752],
					"texture": "#3"
				},
				"up": {
					"uv": [6.81252, 2.28124, 6.125, 1.75],
					"texture": "#3"
				},
				"down": {
					"uv": [6.81252, 2.5, 6.125, 3.03124],
					"texture": "#3"
				}
			}
		},
		{
			"from": [8.50051, 18.1716, 6.6178],
			"to": [10.58637, 18.42291, 9.3822],
			"rotation": {
				"angle": -22.5,
				"axis": "z",
				"origin": [8, 17.65794, 8]
			},
			"faces": {
				"north": {
					"uv": [5.25, 9.875, 5.78124, 9.93752],
					"texture": "#3"
				},
				"east": {
					"uv": [9.875, 2.625, 10.56252, 2.68752],
					"texture": "#3"
				},
				"south": {
					"uv": [9.875, 5.625, 10.40624, 5.68752],
					"texture": "#3"
				},
				"west": {
					"uv": [9.875, 2.875, 10.56252, 2.93752],
					"texture": "#3"
				},
				"up": {
					"uv": [6.65624, 3.93752, 6.125, 3.25],
					"texture": "#3"
				},
				"down": {
					"uv": [6.65624, 4.125, 6.125, 4.81252],
					"texture": "#3"
				}
			}
		},
		{
			"from": [6.6178, 17.69102, 5.2049],
			"to": [9.3822, 17.94233, 7.29076],
			"rotation": {
				"angle": -22.5,
				"axis": "x",
				"origin": [8, 17.94233, 6.68762]
			},
			"faces": {
				"north": {
					"uv": [9.875, 3.125, 10.56252, 3.18752],
					"texture": "#3"
				},
				"east": {
					"uv": [9.875, 5.875, 10.40624, 5.93752],
					"texture": "#3"
				},
				"south": {
					"uv": [9.875, 3.375, 10.56252, 3.43752],
					"texture": "#3"
				},
				"west": {
					"uv": [9.875, 6.125, 10.40624, 6.18752],
					"texture": "#3"
				},
				"up": {
					"uv": [6.81252, 5.53124, 6.125, 5],
					"texture": "#3"
				},
				"down": {
					"uv": [6.81252, 5.75, 6.125, 6.28124],
					"texture": "#3"
				}
			}
		},
		{
			"from": [6.49215, 11.89529, 6.49215],
			"to": [9.50785, 12.39791, 9.50785],
			"rotation": {
				"angle": 0,
				"axis": "y",
				"origin": [8.00002, 7.62337, 8.00056]
			},
			"faces": {
				"north": {
					"uv": [8.25, 1.25, 9, 1.375],
					"texture": "#3"
				},
				"east": {
					"uv": [1.5, 8.375, 2.25, 8.5],
					"texture": "#3"
				},
				"south": {
					"uv": [7.625, 8.375, 8.375, 8.5],
					"texture": "#3"
				},
				"west": {
					"uv": [8.5, 6.625, 9.25, 6.75],
					"texture": "#3"
				},
				"up": {
					"uv": [5.375, 0.75, 4.625, 0],
					"texture": "#3"
				},
				"down": {
					"uv": [5.375, 0.875, 4.625, 1.625],
					"texture": "#3"
				}
			}
		},
		{
			"from": [8.47713, 11.7103, 6.74346],
			"to": [10.4876, 12.21292, 9.25654],
			"rotation": {
				"angle": 45,
				"axis": "z",
				"origin": [8.00002, 7.62337, 8.00056]
			},
			"faces": {
				"north": {
					"uv": [9.375, 0, 9.875, 0.125],
					"texture": "#3"
				},
				"east": {
					"uv": [8.875, 1.75, 9.5, 1.875],
					"texture": "#3"
				},
				"south": {
					"uv": [9.375, 0.25, 9.875, 0.375],
					"texture": "#3"
				},
				"west": {
					"uv": [8.875, 2, 9.5, 2.125],
					"texture": "#3"
				},
				"up": {
					"uv": [2, 8.25, 1.5, 7.625],
					"texture": "#3"
				},
				"down": {
					"uv": [2.625, 7.625, 2.125, 8.25],
					"texture": "#3"
				}
			}
		},
		{
			"from": [5.51241, 11.71026, 6.74346],
			"to": [7.52289, 12.21288, 9.25654],
			"rotation": {
				"angle": -45,
				"axis": "z",
				"origin": [8.00002, 7.62337, 8.00056]
			},
			"faces": {
				"north": {
					"uv": [9.25, 8.125, 9.75, 8.25],
					"texture": "#3"
				},
				"east": {
					"uv": [1.5, 8.875, 2.125, 9],
					"texture": "#3"
				},
				"south": {
					"uv": [9.25, 8.375, 9.75, 8.5],
					"texture": "#3"
				},
				"west": {
					"uv": [8.875, 1.5, 9.5, 1.625],
					"texture": "#3"
				},
				"up": {
					"uv": [8.125, 0.625, 7.625, 0],
					"texture": "#3"
				},
				"down": {
					"uv": [8.125, 0.75, 7.625, 1.375],
					"texture": "#3"
				}
			}
		},
		{
			"from": [6.74346, 11.70989, 5.51257],
			"to": [9.25654, 12.21251, 7.52304],
			"rotation": {
				"angle": 45,
				"axis": "x",
				"origin": [8.00002, 7.62337, 8.00056]
			},
			"faces": {
				"north": {
					"uv": [8.75, 3.5, 9.375, 3.625],
					"texture": "#3"
				},
				"east": {
					"uv": [9.25, 6.875, 9.75, 7],
					"texture": "#3"
				},
				"south": {
					"uv": [8.75, 3.75, 9.375, 3.875],
					"texture": "#3"
				},
				"west": {
					"uv": [9.25, 7.125, 9.75, 7.25],
					"texture": "#3"
				},
				"up": {
					"uv": [7, 7.75, 6.375, 7.25],
					"texture": "#3"
				},
				"down": {
					"uv": [7.75, 7.25, 7.125, 7.75],
					"texture": "#3"
				}
			}
		},
		{
			"from": [8.8887, 6.40932, 6.74398],
			"to": [10.89917, 6.91193, 9.25707],
			"rotation": {
				"angle": 45,
				"axis": "z",
				"origin": [8.00002, 7.62337, 8.00056]
			},
			"faces": {
				"north": {
					"uv": [8, 6, 12, 7],
					"texture": "#6"
				},
				"east": {
					"uv": [8, 2, 13, 3],
					"texture": "#6"
				},
				"south": {
					"uv": [8, 7, 12, 8],
					"texture": "#6"
				},
				"west": {
					"uv": [8, 3, 13, 4],
					"texture": "#6"
				},
				"up": {
					"uv": [4, 10, 0, 5],
					"texture": "#6"
				},
				"down": {
					"uv": [8, 5, 4, 10],
					"texture": "#6"
				}
			}
		},
		{
			"from": [5.30621, 7.62304, 7.55593],
			"to": [6.31145, 8.87958, 8.44556],
			"rotation": {
				"angle": -45,
				"axis": "y",
				"origin": [8.00002, 7.62337, 8.00056]
			},
			"faces": {
				"north": {
					"uv": [8.5, 8.625, 8.75, 8.93752],
					"texture": "#3"
				},
				"east": {
					"uv": [5.625, 9.125, 5.84376, 9.43752],
					"texture": "#3"
				},
				"south": {
					"uv": [8.75, 2.75, 9, 3.06252],
					"texture": "#3"
				},
				"west": {
					"uv": [6, 9.125, 6.21876, 9.43752],
					"texture": "#3"
				},
				"up": {
					"uv": [9.875, 2.46876, 9.625, 2.25],
					"texture": "#3"
				},
				"down": {
					"uv": [2.625, 9.625, 2.375, 9.84376],
					"texture": "#3"
				}
			}
		},
		{
			"from": [9.68778, 7.62304, 7.55481],
			"to": [10.69302, 8.87958, 8.44444],
			"rotation": {
				"angle": -45,
				"axis": "y",
				"origin": [8.00002, 7.62337, 8.00056]
			},
			"faces": {
				"north": {
					"uv": [7.75, 8.625, 8, 8.93752],
					"texture": "#3"
				},
				"east": {
					"uv": [4.875, 9.125, 5.09376, 9.43752],
					"texture": "#3"
				},
				"south": {
					"uv": [8.125, 8.625, 8.375, 8.93752],
					"texture": "#3"
				},
				"west": {
					"uv": [5.25, 9.125, 5.46876, 9.43752],
					"texture": "#3"
				},
				"up": {
					"uv": [9.875, 2.09376, 9.625, 1.875],
					"texture": "#3"
				},
				"down": {
					"uv": [2.25, 9.625, 2, 9.84376],
					"texture": "#3"
				}
			}
		},
		{
			"from": [5.30699, 7.62304, 7.55477],
			"to": [6.31223, 8.87958, 8.4444],
			"rotation": {
				"angle": 45,
				"axis": "y",
				"origin": [8.00002, 7.62337, 8.00056]
			},
			"faces": {
				"north": {
					"uv": [7.375, 8.625, 7.625, 8.93752],
					"texture": "#3"
				},
				"east": {
					"uv": [9.125, 2.75, 9.34376, 3.06252],
					"texture": "#3"
				},
				"south": {
					"uv": [8.625, 7.375, 8.875, 7.68752],
					"texture": "#3"
				},
				"west": {
					"uv": [4.5, 9.125, 4.71876, 9.43752],
					"texture": "#3"
				},
				"up": {
					"uv": [9.75, 5.21876, 9.5, 5],
					"texture": "#3"
				},
				"down": {
					"uv": [9.875, 1.5, 9.625, 1.71876],
					"texture": "#3"
				}
			}
		},
		{
			"from": [9.68857, 7.62304, 7.55589],
			"to": [10.69381, 8.87958, 8.44552],
			"rotation": {
				"angle": 45,
				"axis": "y",
				"origin": [8.00002, 7.62337, 8.00056]
			},
			"faces": {
				"north": {
					"uv": [5.875, 8, 6.125, 8.31252],
					"texture": "#3"
				},
				"east": {
					"uv": [2, 9.125, 2.21876, 9.43752],
					"texture": "#3"
				},
				"south": {
					"uv": [7, 8.625, 7.25, 8.93752],
					"texture": "#3"
				},
				"west": {
					"uv": [2.375, 9.125, 2.59376, 9.43752],
					"texture": "#3"
				},
				"up": {
					"uv": [9.75, 3.34376, 9.5, 3.125],
					"texture": "#3"
				},
				"down": {
					"uv": [9.75, 3.5, 9.5, 3.71876],
					"texture": "#3"
				}
			}
		},
		{
			"from": [9.93909, 8.87958, 7.55481],
			"to": [10.94433, 17.67539, 8.44444],
			"rotation": {
				"angle": -45,
				"axis": "y",
				"origin": [8.00002, 7.62337, 8.00056]
			},
			"faces": {
				"north": {
					"uv": [2.5, 5.25, 2.75, 7.43752],
					"texture": "#3"
				},
				"east": {
					"uv": [5.75, 2.375, 5.96876, 4.56252],
					"texture": "#3"
				},
				"south": {
					"uv": [2.875, 5.25, 3.125, 7.43752],
					"texture": "#3"
				},
				"west": {
					"uv": [5.75, 4.75, 5.96876, 6.93752],
					"texture": "#3"
				},
				"up": {
					"uv": [9.5, 9.59376, 9.25, 9.375],
					"texture": "#3"
				},
				"down": {
					"uv": [9.75, 2.75, 9.5, 2.96876],
					"texture": "#3"
				}
			}
		},
		{
			"from": [8.87958, 7.74869, 9.50785],
			"to": [9.3822, 17.67539, 10.83979],
			"rotation": {
				"angle": 0,
				"axis": "y",
				"origin": [8.00002, 7.62337, 8.00056]
			},
			"faces": {
				"north": {
					"uv": [7.875, 4.125, 8, 6.59376],
					"texture": "#3"
				},
				"east": {
					"uv": [1.5, 4.375, 1.84376, 6.84376],
					"texture": "#3"
				},
				"south": {
					"uv": [4.25, 7.875, 4.375, 10.34376],
					"texture": "#3"
				},
				"west": {
					"uv": [2, 4.375, 2.34376, 6.84376],
					"texture": "#3"
				},
				"up": {
					"uv": [9.875, 4.21876, 9.75, 3.875],
					"texture": "#3"
				},
				"down": {
					"uv": [9.875, 4.375, 9.75, 4.71876],
					"texture": "#3"
				}
			}
		},
		{
			"from": [6.6178, 7.74869, 9.50785],
			"to": [7.12042, 17.67539, 10.83979],
			"rotation": {
				"angle": 0,
				"axis": "y",
				"origin": [8.00002, 7.62337, 8.00056]
			},
			"faces": {
				"north": {
					"uv": [0.5, 7.875, 0.625, 10.34376],
					"texture": "#3"
				},
				"east": {
					"uv": [4.125, 2.625, 4.46876, 5.09376],
					"texture": "#3"
				},
				"south": {
					"uv": [7.875, 1.5, 8, 3.96876],
					"texture": "#3"
				},
				"west": {
					"uv": [1, 4.375, 1.34376, 6.84376],
					"texture": "#3"
				},
				"up": {
					"uv": [6.875, 9.96876, 6.75, 9.625],
					"texture": "#3"
				},
				"down": {
					"uv": [9.75, 9.375, 9.625, 9.71876],
					"texture": "#3"
				}
			}
		},
		{
			"from": [5.05569, 8.87958, 7.55477],
			"to": [6.06092, 17.67539, 8.4444],
			"rotation": {
				"angle": 45,
				"axis": "y",
				"origin": [8.00002, 7.62337, 8.00056]
			},
			"faces": {
				"north": {
					"uv": [5, 1.75, 5.25, 3.93752],
					"texture": "#3"
				},
				"east": {
					"uv": [5.375, 4.125, 5.59376, 6.31252],
					"texture": "#3"
				},
				"south": {
					"uv": [5, 4.125, 5.25, 6.31252],
					"texture": "#3"
				},
				"west": {
					"uv": [5.75, 0, 5.96876, 2.18752],
					"texture": "#3"
				},
				"up": {
					"uv": [8.75, 9.59376, 8.5, 9.375],
					"texture": "#3"
				},
				"down": {
					"uv": [9.125, 9.375, 8.875, 9.59376],
					"texture": "#3"
				}
			}
		},
		{
			"from": [5.16021, 7.74869, 8.87958],
			"to": [6.49215, 17.67539, 9.3822],
			"rotation": {
				"angle": 0,
				"axis": "y",
				"origin": [8.00002, 7.62337, 8.00056]
			},
			"faces": {
				"north": {
					"uv": [3.625, 2.625, 3.96876, 5.09376],
					"texture": "#3"
				},
				"east": {
					"uv": [0, 7.875, 0.125, 10.34376],
					"texture": "#3"
				},
				"south": {
					"uv": [4.125, 0, 4.46876, 2.46876],
					"texture": "#3"
				},
				"west": {
					"uv": [0.25, 7.875, 0.375, 10.34376],
					"texture": "#3"
				},
				"up": {
					"uv": [9.96876, 8.75, 9.625, 8.625],
					"texture": "#3"
				},
				"down": {
					"uv": [9.96876, 8.875, 9.625, 9],
					"texture": "#3"
				}
			}
		},
		{
			"from": [5.16021, 7.74869, 6.6178],
			"to": [6.49215, 17.67539, 7.12042],
			"rotation": {
				"angle": 0,
				"axis": "y",
				"origin": [8.00002, 7.62337, 8.00056]
			},
			"faces": {
				"north": {
					"uv": [3.125, 2.625, 3.46876, 5.09376],
					"texture": "#3"
				},
				"east": {
					"uv": [1, 7.75, 1.125, 10.21876],
					"texture": "#3"
				},
				"south": {
					"uv": [3.625, 0, 3.96876, 2.46876],
					"texture": "#3"
				},
				"west": {
					"uv": [1.25, 7.75, 1.375, 10.21876],
					"texture": "#3"
				},
				"up": {
					"uv": [6.59376, 9.75, 6.25, 9.625],
					"texture": "#3"
				},
				"down": {
					"uv": [9.96876, 7.625, 9.625, 7.75],
					"texture": "#3"
				}
			}
		},
		{
			"from": [5.0549, 8.87958, 7.55593],
			"to": [6.06014, 17.67539, 8.44556],
			"rotation": {
				"angle": -45,
				"axis": "y",
				"origin": [8.00002, 7.62337, 8.00056]
			},
			"faces": {
				"north": {
					"uv": [0, 4.875, 0.25, 7.06252],
					"texture": "#3"
				},
				"east": {
					"uv": [4, 5.25, 4.21876, 7.43752],
					"texture": "#3"
				},
				"south": {
					"uv": [0.375, 4.875, 0.625, 7.06252],
					"texture": "#3"
				},
				"west": {
					"uv": [5.375, 1.75, 5.59376, 3.93752],
					"texture": "#3"
				},
				"up": {
					"uv": [8, 9.59376, 7.75, 9.375],
					"texture": "#3"
				},
				"down": {
					"uv": [8.375, 9.375, 8.125, 9.59376],
					"texture": "#3"
				}
			}
		},
		{
			"from": [6.6178, 7.74869, 5.16021],
			"to": [7.12042, 17.67539, 6.49215],
			"rotation": {
				"angle": 0,
				"axis": "y",
				"origin": [8.00002, 7.62337, 8.00056]
			},
			"faces": {
				"north": {
					"uv": [4, 7.625, 4.125, 10.09376],
					"texture": "#3"
				},
				"east": {
					"uv": [2.625, 2.625, 2.96876, 5.09376],
					"texture": "#3"
				},
				"south": {
					"uv": [0.75, 7.75, 0.875, 10.21876],
					"texture": "#3"
				},
				"west": {
					"uv": [3.125, 0, 3.46876, 2.46876],
					"texture": "#3"
				},
				"up": {
					"uv": [2.375, 7.34376, 2.25, 7],
					"texture": "#3"
				},
				"down": {
					"uv": [6.125, 9.625, 6, 9.96876],
					"texture": "#3"
				}
			}
		},
		{
			"from": [8.87958, 7.74869, 5.16021],
			"to": [9.3822, 17.67539, 6.49215],
			"rotation": {
				"angle": 0,
				"axis": "y",
				"origin": [8.00002, 7.62337, 8.00056]
			},
			"faces": {
				"north": {
					"uv": [3.5, 7.625, 3.625, 10.09376],
					"texture": "#3"
				},
				"east": {
					"uv": [0.5, 2.25, 0.84376, 4.71876],
					"texture": "#3"
				},
				"south": {
					"uv": [3.75, 7.625, 3.875, 10.09376],
					"texture": "#3"
				},
				"west": {
					"uv": [2.625, 0, 2.96876, 2.46876],
					"texture": "#3"
				},
				"up": {
					"uv": [4.5, 6.34376, 4.375, 6],
					"texture": "#3"
				},
				"down": {
					"uv": [0.875, 6.375, 0.75, 6.71876],
					"texture": "#3"
				}
			}
		},
		{
			"from": [9.93988, 8.87958, 7.55589],
			"to": [10.94512, 17.67539, 8.44552],
			"rotation": {
				"angle": 45,
				"axis": "y",
				"origin": [8.00002, 7.62337, 8.00056]
			},
			"faces": {
				"north": {
					"uv": [4.625, 1.75, 4.875, 3.93752],
					"texture": "#3"
				},
				"east": {
					"uv": [3.25, 5.25, 3.46876, 7.43752],
					"texture": "#3"
				},
				"south": {
					"uv": [4.625, 4.125, 4.875, 6.31252],
					"texture": "#3"
				},
				"west": {
					"uv": [3.625, 5.25, 3.84376, 7.43752],
					"texture": "#3"
				},
				"up": {
					"uv": [7.25, 9.59376, 7, 9.375],
					"texture": "#3"
				},
				"down": {
					"uv": [7.625, 9.375, 7.375, 9.59376],
					"texture": "#3"
				}
			}
		}
	]
}