{
    "model": {
      "type": "minecraft:select",
      "property": "minecraft:custom_model_data",
      "index": 0,
      "cases": [
        {
          "when": "gui",
          "model": {
            "type": "minecraft:select",
            "property": "minecraft:custom_model_data",
            "index": 1,
            "cases": [
              {
                "when": "flash",
                "model": {
                  "type": "minecraft:model",
                  "model": "expansion:blocks/oxygenator/gui/flash"
                }
              }
            ],
            "fallback": {
              "type": "minecraft:model",
              "model": "expansion:blocks/oxygenator/gui/main"
            }
          }
        },
        {
          "when": "animated",
          "model": {
            "type": "minecraft:model",
            "model": "expansion:blocks/oxygenator/oxygenator_animated"
          }
        }
      ],
      "fallback": {
        "type": "minecraft:model",
        "model": "expansion:blocks/oxygenator/oxygenator"
      }
    },
    "oversized_in_gui": true
  }