{
    "model": {
      "type": "minecraft:select",
      "property": "minecraft:custom_model_data",
      "index": 0,
      "cases": [
        {
          "when": "gui",
          "model": {
              "type": "minecraft:model",
              "model": "expansion:blocks/tesla_turret/tesla_turret"
          }
        }
      ],
      "fallback": {
        "type": "minecraft:model",
        "model": "expansion:blocks/tesla_turret/tesla_turret"
      }
    },
    "oversized_in_gui": true
  }