{
    "function":"set_lore",
    "entity":"this",
    "lore":
    [
        {
            "storage":"expansion:temp",
            "nbt":"icons.layer1",
            "interpret":true,
            "font":"expansion:module_icons",
            "color":"white",
            "italic":false,
            "separator":{"text":""},
            "shadow_color": 0
        },
        {
            "storage":"expansion:temp",
            "nbt":"icons.layer2",
            "interpret":true,
            "font":"expansion:module_icons",
            "color":"white",
            "italic":false,
            "separator":{"text":""},
            "shadow_color": 0
        }
    ],
    "mode":"replace_section",
    "offset":2,
    "size":2
}