[
    {
      "function": "minecraft:set_lore",
      "entity": "this",
      "lore": [
        [
          [
            {
              "translate": "exp_modules_oxygenlvl_lore"
            },
            {
              "score": {
                "name": "#output",
                "objective": "exp.percentage"
              },
              "color": "aqua",
              "bold": true
            },
            {
              "text": "%",
              "color": "aqua",
              "bold": true
            }
          ]
        ],
        {
          "text": ""
        }
      ],
      "mode": "replace_section",
      "size": 2,
      "offset": 5
    }
  ]