{
	"format_version": "1.21.6",
	"credit": "Made with Blockbench",
	"texture_size": [128, 128],
	"textures": {
		"2": "expansion:blocks/lacrymae_extractor/lacrymae_extractor",
		"particle": "expansion:blocks/lacrymae_extractor/lacrymae_extractor"
	},
	"elements": [
		{
			"from": [2.08934, 21.756, 8.00356],
			"to": [3.08934, 23.754, 9.75356],
			"rotation": {"angle": 45, "axis": "y", "origin": [3.5, 22.75503, 8]},
			"faces": {
				"north": {"uv": [8.75, 4.375, 8.625, 4.625], "texture": "#2"},
				"east": {"uv": [4.875, 7.5, 4.625, 7.75], "texture": "#2"},
				"south": {"uv": [3.625, 4.625, 3.5, 4.875], "texture": "#2"},
				"west": {"uv": [7.75, 5.375, 7.5, 5.625], "texture": "#2"},
				"up": {"uv": [8.75, 5.125, 8.625, 5.375], "texture": "#2"},
				"down": {"uv": [8.75, 5.75, 8.625, 5.5], "texture": "#2"}
			}
		},
		{
			"from": [1.02868, 21.75503, 10.47842],
			"to": [1.72868, 23.75503, 11.87842],
			"rotation": {"angle": 45, "axis": "y", "origin": [3.5, 22.75503, 8]},
			"faces": {
				"north": {"uv": [6.625, 8.625, 6.5, 8.875], "texture": "#2"},
				"east": {"uv": [8.75, 6.25, 8.625, 6.5], "texture": "#2"},
				"south": {"uv": [8.75, 5.875, 8.625, 6.125], "texture": "#2"},
				"west": {"uv": [8, 8.625, 7.875, 8.875], "texture": "#2"},
				"up": {"uv": [2.25, 7.125, 2.125, 7.25], "texture": "#2"},
				"down": {"uv": [4.25, 7.25, 4.125, 7.125], "texture": "#2"}
			}
		},
		{
			"from": [4.49498, 21.75503, 11.48995],
			"to": [6.49498, 23.75503, 12.48995],
			"rotation": {"angle": 0, "axis": "y", "origin": [3.5, 22.75503, 8]},
			"faces": {
				"north": {"uv": [6.75, 7.5, 6.5, 7.75], "texture": "#2"},
				"east": {"uv": [8.25, 8.625, 8.125, 8.875], "texture": "#2"},
				"south": {"uv": [7.75, 5.75, 7.5, 6], "texture": "#2"},
				"west": {"uv": [8.5, 8.625, 8.375, 8.875], "texture": "#2"},
				"up": {"uv": [6.125, 3, 5.875, 3.125], "texture": "#2"},
				"down": {"uv": [7.5, 0.625, 7.25, 0.5], "texture": "#2"}
			}
		},
		{
			"from": [3.50503, 21.75503, 9],
			"to": [4.50503, 23.75503, 11.5],
			"rotation": {"angle": 0, "axis": "x", "origin": [3.5, 22.75503, 8]},
			"faces": {
				"north": {"uv": [4.625, 8.75, 4.5, 9], "texture": "#2"},
				"east": {"uv": [7.25, 1.75, 6.875, 2], "texture": "#2"},
				"south": {"uv": [8.875, 3.75, 8.75, 4], "texture": "#2"},
				"west": {"uv": [7.25, 3.25, 6.875, 3.5], "texture": "#2"},
				"up": {"uv": [0.375, 8.5, 0.25, 8.875], "texture": "#2"},
				"down": {"uv": [0.625, 8.875, 0.5, 8.5], "texture": "#2"}
			}
		},
		{
			"from": [3.50503, 19.25503, 7],
			"to": [4.50503, 21.75503, 9],
			"rotation": {"angle": 0, "axis": "y", "origin": [3.5, 22.75503, 8]},
			"faces": {
				"north": {"uv": [0.125, 8.5, 0, 8.875], "texture": "#2"},
				"east": {"uv": [7, 0.75, 6.75, 1.125], "texture": "#2"},
				"south": {"uv": [6.375, 8.375, 6.25, 8.75], "texture": "#2"},
				"west": {"uv": [7.125, 1.25, 6.875, 1.625], "texture": "#2"},
				"up": {"uv": [8.875, 1.125, 8.75, 1.375], "texture": "#2"},
				"down": {"uv": [1.625, 9, 1.5, 8.75], "texture": "#2"}
			}
		},
		{
			"from": [1.02868, 18.8766, 7],
			"to": [1.72868, 20.2766, 9],
			"rotation": {"angle": 45, "axis": "z", "origin": [3.5, 22.75503, 8]},
			"faces": {
				"north": {"uv": [8.125, 3, 8, 3.125], "texture": "#2"},
				"east": {"uv": [9, 1.75, 8.75, 1.875], "texture": "#2"},
				"south": {"uv": [7.875, 1.875, 7.75, 2], "texture": "#2"},
				"west": {"uv": [9, 2, 8.75, 2.125], "texture": "#2"},
				"up": {"uv": [8.875, 2.25, 8.75, 2.5], "texture": "#2"},
				"down": {"uv": [8.875, 2.875, 8.75, 2.625], "texture": "#2"}
			}
		},
		{
			"from": [4.49498, 18.26508, 7],
			"to": [6.49498, 19.26508, 9],
			"rotation": {"angle": 0, "axis": "y", "origin": [3.5, 22.75503, 8]},
			"faces": {
				"north": {"uv": [9, 3.25, 8.75, 3.375], "texture": "#2"},
				"east": {"uv": [3.5, 8.75, 3.25, 8.875], "texture": "#2"},
				"south": {"uv": [3.125, 8.75, 2.875, 8.875], "texture": "#2"},
				"west": {"uv": [9, 3.5, 8.75, 3.625], "texture": "#2"},
				"up": {"uv": [7.125, 7.625, 6.875, 7.875], "texture": "#2"},
				"down": {"uv": [7.875, 7.25, 7.625, 7], "texture": "#2"}
			}
		},
		{
			"from": [2.08934, 21.00147, 7.001],
			"to": [3.08934, 22.75147, 8.999],
			"rotation": {"angle": 45, "axis": "z", "origin": [3.5, 22.75503, 8]},
			"faces": {
				"north": {"uv": [8.875, 0, 8.75, 0.25], "texture": "#2"},
				"east": {"uv": [5.25, 7.625, 5, 7.875], "texture": "#2"},
				"south": {"uv": [8.75, 8.625, 8.625, 8.875], "texture": "#2"},
				"west": {"uv": [6.375, 7.625, 6.125, 7.875], "texture": "#2"},
				"up": {"uv": [8.875, 0.375, 8.75, 0.625], "texture": "#2"},
				"down": {"uv": [8.875, 1, 8.75, 0.75], "texture": "#2"}
			}
		},
		{
			"from": [8.00356, 16.84436, 7.001],
			"to": [9.75356, 17.84436, 8.999],
			"rotation": {"angle": 45, "axis": "z", "origin": [8, 18.25503, 8]},
			"faces": {
				"north": {"uv": [2.75, 8.875, 2.5, 9], "texture": "#2"},
				"east": {"uv": [2.375, 8.875, 2.125, 9], "texture": "#2"},
				"south": {"uv": [2, 8.875, 1.75, 9], "texture": "#2"},
				"west": {"uv": [4.25, 8.875, 4, 9], "texture": "#2"},
				"up": {"uv": [4.25, 7.75, 4, 8], "texture": "#2"},
				"down": {"uv": [5.625, 8, 5.375, 7.75], "texture": "#2"}
			}
		},
		{
			"from": [10.47842, 15.7837, 7],
			"to": [11.87842, 16.4837, 9],
			"rotation": {"angle": 45, "axis": "z", "origin": [8, 18.25503, 8]},
			"faces": {
				"north": {"uv": [5.625, 9.25, 5.5, 9.375], "texture": "#2"},
				"east": {"uv": [9.125, 4.125, 8.875, 4.25], "texture": "#2"},
				"south": {"uv": [5.375, 9.25, 5.25, 9.375], "texture": "#2"},
				"west": {"uv": [9.125, 4.375, 8.875, 4.5], "texture": "#2"},
				"up": {"uv": [1.375, 8.875, 1.25, 9.125], "texture": "#2"},
				"down": {"uv": [9, 5.375, 8.875, 5.125], "texture": "#2"}
			}
		},
		{
			"from": [11.48995, 19.25, 7],
			"to": [12.48995, 21.25, 9],
			"rotation": {"angle": 0, "axis": "y", "origin": [8, 18.25503, 8]},
			"faces": {
				"north": {"uv": [9, 5.875, 8.875, 6.125], "texture": "#2"},
				"east": {"uv": [6, 7.75, 5.75, 8], "texture": "#2"},
				"south": {"uv": [9, 5.5, 8.875, 5.75], "texture": "#2"},
				"west": {"uv": [7.875, 7.75, 7.625, 8], "texture": "#2"},
				"up": {"uv": [6.25, 8.875, 6.125, 9.125], "texture": "#2"},
				"down": {"uv": [9, 6.5, 8.875, 6.25], "texture": "#2"}
			}
		},
		{
			"from": [9, 18.26005, 7],
			"to": [11.5, 19.26005, 9],
			"rotation": {"angle": 0, "axis": "x", "origin": [8, 18.25503, 8]},
			"faces": {
				"north": {"uv": [8.875, 1.5, 8.5, 1.625], "texture": "#2"},
				"east": {"uv": [9.125, 8.5, 8.875, 8.625], "texture": "#2"},
				"south": {"uv": [8.75, 4.125, 8.375, 4.25], "texture": "#2"},
				"west": {"uv": [9.125, 8.75, 8.875, 8.875], "texture": "#2"},
				"up": {"uv": [7.375, 4.125, 7, 4.375], "texture": "#2"},
				"down": {"uv": [4.75, 7.25, 4.375, 7], "texture": "#2"}
			}
		},
		{
			"from": [7, 18.26005, 9],
			"to": [9, 19.26005, 11.5],
			"rotation": {"angle": 0, "axis": "y", "origin": [8, 18.25503, 8]},
			"faces": {
				"north": {"uv": [9.25, 0, 9, 0.125], "texture": "#2"},
				"east": {"uv": [5.375, 8.5, 5, 8.625], "texture": "#2"},
				"south": {"uv": [0.25, 9, 0, 9.125], "texture": "#2"},
				"west": {"uv": [1.375, 8.625, 1, 8.75], "texture": "#2"},
				"up": {"uv": [7.25, 4.5, 7, 4.875], "texture": "#2"},
				"down": {"uv": [5.125, 7.375, 4.875, 7], "texture": "#2"}
			}
		},
		{
			"from": [7, 15.78371, 10.47842],
			"to": [9, 16.48371, 11.87842],
			"rotation": {"angle": -45, "axis": "x", "origin": [8, 18.25503, 8]},
			"faces": {
				"north": {"uv": [0.625, 9, 0.375, 9.125], "texture": "#2"},
				"east": {"uv": [6.125, 9.25, 6, 9.375], "texture": "#2"},
				"south": {"uv": [9.25, 0.25, 9, 0.375], "texture": "#2"},
				"west": {"uv": [9.375, 6.625, 9.25, 6.75], "texture": "#2"},
				"up": {"uv": [9.25, 0.5, 9, 0.625], "texture": "#2"},
				"down": {"uv": [9.25, 0.875, 9, 0.75], "texture": "#2"}
			}
		},
		{
			"from": [7, 19.25, 11.48995],
			"to": [9, 21.25, 12.48995],
			"rotation": {"angle": 0, "axis": "y", "origin": [8, 18.25503, 8]},
			"faces": {
				"north": {"uv": [2.25, 7.875, 2, 8.125], "texture": "#2"},
				"east": {"uv": [0.875, 9, 0.75, 9.25], "texture": "#2"},
				"south": {"uv": [1.375, 7.875, 1.125, 8.125], "texture": "#2"},
				"west": {"uv": [9.125, 1, 9, 1.25], "texture": "#2"},
				"up": {"uv": [9.25, 1.375, 9, 1.5], "texture": "#2"},
				"down": {"uv": [9.25, 2.375, 9, 2.25], "texture": "#2"}
			}
		},
		{
			"from": [7, 14.84081, 6],
			"to": [9, 16.84081, 8],
			"rotation": {"angle": 45, "axis": "x", "origin": [8, 15.84081, 7]},
			"faces": {
				"north": {"uv": [8.5, 5.25, 8.25, 5.5], "texture": "#2"},
				"east": {"uv": [8.5, 4.375, 8.25, 4.625], "texture": "#2"},
				"south": {"uv": [4.5, 8.25, 4.25, 8.5], "texture": "#2"},
				"west": {"uv": [8.5, 5.625, 8.25, 5.875], "texture": "#2"},
				"up": {"uv": [8.5, 6, 8.25, 6.25], "texture": "#2"},
				"down": {"uv": [8.5, 6.625, 8.25, 6.375], "texture": "#2"}
			}
		},
		{
			"from": [7, 14.84081, 8],
			"to": [9, 16.84081, 10],
			"rotation": {"angle": -45, "axis": "x", "origin": [8, 15.84081, 9]},
			"faces": {
				"north": {"uv": [8.625, 0, 8.375, 0.25], "texture": "#2"},
				"east": {"uv": [8.25, 8.25, 8, 8.5], "texture": "#2"},
				"south": {"uv": [6.75, 8.25, 6.5, 8.5], "texture": "#2"},
				"west": {"uv": [8.625, 0.375, 8.375, 0.625], "texture": "#2"},
				"up": {"uv": [8.625, 0.75, 8.375, 1], "texture": "#2"},
				"down": {"uv": [8.625, 1.375, 8.375, 1.125], "texture": "#2"}
			}
		},
		{
			"from": [7.70711, 14.1337, 7],
			"to": [9.70711, 16.1337, 9],
			"rotation": {"angle": 45, "axis": "z", "origin": [8, 15.84081, 8]},
			"faces": {
				"north": {"uv": [4.875, 8.375, 4.625, 8.625], "texture": "#2"},
				"east": {"uv": [8.625, 3.75, 8.375, 4], "texture": "#2"},
				"south": {"uv": [8.625, 3.375, 8.375, 3.625], "texture": "#2"},
				"west": {"uv": [8.625, 4.75, 8.375, 5], "texture": "#2"},
				"up": {"uv": [6.125, 8.375, 5.875, 8.625], "texture": "#2"},
				"down": {"uv": [8.625, 7, 8.375, 6.75], "texture": "#2"}
			}
		},
		{
			"from": [6.29289, 14.1337, 7],
			"to": [8.29289, 16.1337, 9],
			"rotation": {"angle": -45, "axis": "z", "origin": [8, 15.84081, 8]},
			"faces": {
				"north": {"uv": [8.625, 2.25, 8.375, 2.5], "texture": "#2"},
				"east": {"uv": [8.625, 1.875, 8.375, 2.125], "texture": "#2"},
				"south": {"uv": [1.75, 8.375, 1.5, 8.625], "texture": "#2"},
				"west": {"uv": [8.625, 2.625, 8.375, 2.875], "texture": "#2"},
				"up": {"uv": [3.25, 8.375, 3, 8.625], "texture": "#2"},
				"down": {"uv": [3.625, 8.625, 3.375, 8.375], "texture": "#2"}
			}
		},
		{
			"from": [7.001, 16.84437, 8.00355],
			"to": [8.999, 17.84437, 9.75355],
			"rotation": {"angle": -45, "axis": "x", "origin": [8, 18.25503, 8]},
			"faces": {
				"north": {"uv": [3.125, 9, 2.875, 9.125], "texture": "#2"},
				"east": {"uv": [9.25, 2.75, 9, 2.875], "texture": "#2"},
				"south": {"uv": [9.25, 2.5, 9, 2.625], "texture": "#2"},
				"west": {"uv": [3.5, 9, 3.25, 9.125], "texture": "#2"},
				"up": {"uv": [8.125, 3.25, 7.875, 3.5], "texture": "#2"},
				"down": {"uv": [4.625, 8.125, 4.375, 7.875], "texture": "#2"}
			}
		},
		{
			"from": [6.24644, 28.34436, 7.001],
			"to": [7.99644, 29.34436, 8.999],
			"rotation": {"angle": -45, "axis": "z", "origin": [8, 29.75503, 8]},
			"faces": {
				"north": {"uv": [9.25, 4.625, 9, 4.75], "texture": "#2"},
				"east": {"uv": [9.25, 3.75, 9, 3.875], "texture": "#2"},
				"south": {"uv": [3.875, 9, 3.625, 9.125], "texture": "#2"},
				"west": {"uv": [9.25, 4.875, 9, 5], "texture": "#2"},
				"up": {"uv": [8.125, 4.5, 7.875, 4.75], "texture": "#2"},
				"down": {"uv": [8.125, 5.5, 7.875, 5.25], "texture": "#2"}
			}
		},
		{
			"from": [6.24644, 27.65564, 7.001],
			"to": [7.99644, 28.65564, 8.999],
			"rotation": {"angle": 45, "axis": "z", "origin": [8, 27.24498, 8]},
			"faces": {
				"north": {"uv": [9.5, 4, 9.25, 4.125], "texture": "#2"},
				"east": {"uv": [3.875, 9.25, 3.625, 9.375], "texture": "#2"},
				"south": {"uv": [3.5, 9.25, 3.25, 9.375], "texture": "#2"},
				"west": {"uv": [9.5, 4.25, 9.25, 4.375], "texture": "#2"},
				"up": {"uv": [7.5, 8.375, 7.25, 8.625], "texture": "#2"},
				"down": {"uv": [8.625, 7.75, 8.375, 7.5], "texture": "#2"}
			}
		},
		{
			"from": [8.00356, 28.34436, 7.001],
			"to": [9.75356, 29.34436, 8.999],
			"rotation": {"angle": 45, "axis": "z", "origin": [8, 29.75503, 8]},
			"faces": {
				"north": {"uv": [9.5, 1, 9.25, 1.125], "texture": "#2"},
				"east": {"uv": [1.25, 9.25, 1, 9.375], "texture": "#2"},
				"south": {"uv": [0.625, 9.25, 0.375, 9.375], "texture": "#2"},
				"west": {"uv": [3.125, 9.25, 2.875, 9.375], "texture": "#2"},
				"up": {"uv": [8.375, 1.5, 8.125, 1.75], "texture": "#2"},
				"down": {"uv": [4.125, 8.375, 3.875, 8.125], "texture": "#2"}
			}
		},
		{
			"from": [4.12158, 29.0163, 7],
			"to": [5.52158, 29.7163, 9],
			"rotation": {"angle": 45, "axis": "z", "origin": [8, 27.24498, 8]},
			"faces": {
				"north": {"uv": [8, 9.25, 7.875, 9.375], "texture": "#2"},
				"east": {"uv": [5.25, 9, 5, 9.125], "texture": "#2"},
				"south": {"uv": [9.375, 7.625, 9.25, 7.75], "texture": "#2"},
				"west": {"uv": [5.625, 9, 5.375, 9.125], "texture": "#2"},
				"up": {"uv": [5.875, 9, 5.75, 9.25], "texture": "#2"},
				"down": {"uv": [6.5, 9.25, 6.375, 9], "texture": "#2"}
			}
		},
		{
			"from": [3.51005, 24.25, 7],
			"to": [4.51005, 26.25, 9],
			"rotation": {"angle": 0, "axis": "y", "origin": [8, 27.24498, 8]},
			"faces": {
				"north": {"uv": [7.125, 9, 7, 9.25], "texture": "#2"},
				"east": {"uv": [8.125, 5.625, 7.875, 5.875], "texture": "#2"},
				"south": {"uv": [9.125, 6.625, 9, 6.875], "texture": "#2"},
				"west": {"uv": [8.125, 6, 7.875, 6.25], "texture": "#2"},
				"up": {"uv": [7.75, 9, 7.625, 9.25], "texture": "#2"},
				"down": {"uv": [9.125, 8, 9, 7.75], "texture": "#2"}
			}
		},
		{
			"from": [4.5, 26.23995, 7],
			"to": [7, 27.23995, 9],
			"rotation": {"angle": 0, "axis": "x", "origin": [8, 27.24498, 8]},
			"faces": {
				"north": {"uv": [2.75, 8.625, 2.375, 8.75], "texture": "#2"},
				"east": {"uv": [8.125, 9, 7.875, 9.125], "texture": "#2"},
				"south": {"uv": [2.25, 8.625, 1.875, 8.75], "texture": "#2"},
				"west": {"uv": [9.25, 8.125, 9, 8.25], "texture": "#2"},
				"up": {"uv": [7.375, 5.5, 7, 5.75], "texture": "#2"},
				"down": {"uv": [7.375, 6.125, 7, 5.875], "texture": "#2"}
			}
		},
		{
			"from": [11.49498, 23.75503, 7],
			"to": [12.49498, 26.25503, 9],
			"rotation": {"angle": 0, "axis": "y", "origin": [12.5, 22.75503, 8]},
			"faces": {
				"north": {"uv": [3.875, 8.5, 3.75, 8.875], "texture": "#2"},
				"east": {"uv": [7.125, 3.625, 6.875, 4], "texture": "#2"},
				"south": {"uv": [0.875, 8.5, 0.75, 8.875], "texture": "#2"},
				"west": {"uv": [6, 6.875, 5.75, 7.25], "texture": "#2"},
				"up": {"uv": [4.875, 8.75, 4.75, 9], "texture": "#2"},
				"down": {"uv": [8.875, 5, 8.75, 4.75], "texture": "#2"}
			}
		},
		{
			"from": [14.27132, 25.23345, 7],
			"to": [14.97132, 26.63345, 9],
			"rotation": {"angle": 45, "axis": "z", "origin": [12.5, 22.75503, 8]},
			"faces": {
				"north": {"uv": [5.125, 9.25, 5, 9.375], "texture": "#2"},
				"east": {"uv": [5.25, 8.75, 5, 8.875], "texture": "#2"},
				"south": {"uv": [6, 8.125, 5.875, 8.25], "texture": "#2"},
				"west": {"uv": [6, 8.75, 5.75, 8.875], "texture": "#2"},
				"up": {"uv": [8.875, 6.625, 8.75, 6.875], "texture": "#2"},
				"down": {"uv": [6.875, 9, 6.75, 8.75], "texture": "#2"}
			}
		},
		{
			"from": [9.50503, 26.24498, 7],
			"to": [11.50503, 27.24498, 9],
			"rotation": {"angle": 0, "axis": "y", "origin": [12.5, 22.75503, 8]},
			"faces": {
				"north": {"uv": [9, 7.25, 8.75, 7.375], "texture": "#2"},
				"east": {"uv": [9, 7, 8.75, 7.125], "texture": "#2"},
				"south": {"uv": [7.25, 8.75, 7, 8.875], "texture": "#2"},
				"west": {"uv": [9, 7.5, 8.75, 7.625], "texture": "#2"},
				"up": {"uv": [7.5, 7.625, 7.25, 7.875], "texture": "#2"},
				"down": {"uv": [7.875, 7.625, 7.625, 7.375], "texture": "#2"}
			}
		},
		{
			"from": [11.499, 21.75503, 7],
			"to": [13.999, 23.75503, 9],
			"rotation": {"angle": 0, "axis": "x", "origin": [8, 22.75503, 8]},
			"faces": {
				"north": {"uv": [7.6875, 6.625, 7.375, 6.875], "texture": "#2"},
				"east": {"uv": [8.625, 7.875, 8.375, 8.125], "texture": "#2"},
				"south": {"uv": [7.75, 6.25, 7.4375, 6.5], "texture": "#2"},
				"west": {"uv": [8.625, 8.25, 8.375, 8.5], "texture": "#2"},
				"up": {"uv": [1.5, 7.5, 1.125, 7.75], "texture": "#2"},
				"down": {"uv": [7.875, 4.375, 7.5625, 4.125], "texture": "#2"}
			}
		},
		{
			"from": [2.001, 21.75503, 7],
			"to": [4.501, 23.75503, 9],
			"rotation": {"angle": 0, "axis": "x", "origin": [8, 22.75503, 8]},
			"faces": {
				"north": {"uv": [7.375, 6.625, 7.6875, 6.875], "texture": "#2"},
				"east": {"uv": [8.375, 8.25, 8.625, 8.5], "texture": "#2"},
				"south": {"uv": [7.375, 6.25, 7.75, 6.5], "texture": "#2"},
				"west": {"uv": [8.375, 7.875, 8.625, 8.125], "texture": "#2"},
				"up": {"uv": [1.1875, 7.75, 1.5, 7.5], "texture": "#2"},
				"down": {"uv": [7.5, 4.375, 7.875, 4.125], "texture": "#2"}
			}
		},
		{
			"from": [7, 16.75602, 7],
			"to": [9, 19.25603, 9],
			"rotation": {"angle": 0, "axis": "x", "origin": [8, 22.75503, 8]},
			"faces": {
				"north": {"uv": [7.6875, 6.875, 7.375, 6.625], "rotation": 270, "texture": "#2"},
				"east": {"uv": [7.5, 4.375, 7.875, 4.125], "rotation": 270, "texture": "#2"},
				"south": {"uv": [7.75, 6.5, 7.375, 6.25], "rotation": 90, "texture": "#2"},
				"west": {"uv": [7.6875, 6.625, 7.375, 6.875], "rotation": 270, "texture": "#2"},
				"up": {"uv": [8.375, 8.25, 8.625, 8.5], "rotation": 270, "texture": "#2"},
				"down": {"uv": [8.375, 7.875, 8.625, 8.125], "rotation": 270, "texture": "#2"}
			}
		},
		{
			"from": [7, 26.24398, 7],
			"to": [9, 29.76398, 9],
			"rotation": {"angle": 0, "axis": "x", "origin": [8, 22.74498, 8]},
			"faces": {
				"north": {"uv": [7.375, 6.875, 7.8125, 6.625], "rotation": 270, "texture": "#2"},
				"east": {"uv": [7.875, 4.125, 7.4375, 4.375], "rotation": 270, "texture": "#2"},
				"south": {"uv": [7.3125, 6.5, 7.75, 6.25], "rotation": 90, "texture": "#2"},
				"west": {"uv": [1.5, 7.5, 1.0625, 7.75], "rotation": 270, "texture": "#2"},
				"up": {"uv": [8.625, 7.875, 8.375, 8.125], "rotation": 270, "texture": "#2"},
				"down": {"uv": [8.625, 8.25, 8.375, 8.5], "rotation": 270, "texture": "#2"}
			}
		},
		{
			"from": [7, 21.75503, 11.499],
			"to": [9, 23.75503, 13.999],
			"rotation": {"angle": 0, "axis": "x", "origin": [8, 22.75503, 8]},
			"faces": {
				"north": {"uv": [8.625, 8.25, 8.375, 8.5], "rotation": 270, "texture": "#2"},
				"east": {"uv": [1.5, 7.5, 1.125, 7.75], "rotation": 180, "texture": "#2"},
				"south": {"uv": [8.625, 7.875, 8.375, 8.125], "rotation": 90, "texture": "#2"},
				"west": {"uv": [7.875, 4.375, 7.5625, 4.125], "texture": "#2"},
				"up": {"uv": [7.375, 6.5, 7.75, 6.25], "rotation": 270, "texture": "#2"},
				"down": {"uv": [7.375, 6.875, 7.6875, 6.625], "rotation": 270, "texture": "#2"}
			}
		},
		{
			"from": [12.91066, 22.75858, 7.001],
			"to": [13.91066, 24.50858, 8.999],
			"rotation": {"angle": 45, "axis": "z", "origin": [12.5, 22.75503, 8]},
			"faces": {
				"north": {"uv": [8.875, 7.75, 8.75, 8], "texture": "#2"},
				"east": {"uv": [1, 7.75, 0.75, 8], "texture": "#2"},
				"south": {"uv": [7.5, 8.75, 7.375, 9], "texture": "#2"},
				"west": {"uv": [8, 1.5, 7.75, 1.75], "texture": "#2"},
				"up": {"uv": [8.875, 8.125, 8.75, 8.375], "texture": "#2"},
				"down": {"uv": [1.125, 9.125, 1, 8.875], "texture": "#2"}
			}
		},
		{
			"from": [8.00244, 21.756, 12.91178],
			"to": [9.75244, 23.754, 13.91178],
			"rotation": {"angle": 45, "axis": "y", "origin": [7.99889, 22.75503, 12.50111]},
			"faces": {
				"north": {"uv": [8.25, 2.625, 8, 2.875], "texture": "#2"},
				"east": {"uv": [8.375, 9, 8.25, 9.25], "texture": "#2"},
				"south": {"uv": [8.25, 2.25, 8, 2.5], "texture": "#2"},
				"west": {"uv": [8.625, 9, 8.5, 9.25], "texture": "#2"},
				"up": {"uv": [9, 9, 8.75, 9.125], "texture": "#2"},
				"down": {"uv": [1.75, 9.25, 1.5, 9.125], "texture": "#2"}
			}
		},
		{
			"from": [10.47731, 21.75503, 14.27244],
			"to": [11.87731, 23.75503, 14.97244],
			"rotation": {"angle": 45, "axis": "y", "origin": [7.99889, 22.75503, 12.50111]},
			"faces": {
				"north": {"uv": [2.25, 9.125, 2.125, 9.375], "texture": "#2"},
				"east": {"uv": [2, 9.125, 1.875, 9.375], "texture": "#2"},
				"south": {"uv": [9.25, 1.625, 9.125, 1.875], "texture": "#2"},
				"west": {"uv": [2.5, 9.125, 2.375, 9.375], "texture": "#2"},
				"up": {"uv": [9.375, 7.875, 9.25, 8], "texture": "#2"},
				"down": {"uv": [9.375, 8.5, 9.25, 8.375], "texture": "#2"}
			}
		},
		{
			"from": [11.48884, 21.75503, 9.50614],
			"to": [12.48884, 23.75503, 11.50614],
			"rotation": {"angle": 0, "axis": "y", "origin": [7.99889, 22.75503, 12.50111]},
			"faces": {
				"north": {"uv": [9.25, 3, 9.125, 3.25], "texture": "#2"},
				"east": {"uv": [3.375, 8, 3.125, 8.25], "texture": "#2"},
				"south": {"uv": [2.75, 9.125, 2.625, 9.375], "texture": "#2"},
				"west": {"uv": [3.75, 8, 3.5, 8.25], "texture": "#2"},
				"up": {"uv": [9.25, 3.375, 9.125, 3.625], "texture": "#2"},
				"down": {"uv": [4.125, 9.375, 4, 9.125], "texture": "#2"}
			}
		},
		{
			"from": [8.99889, 21.75503, 11.49609],
			"to": [11.49889, 23.75503, 12.49609],
			"rotation": {"angle": 0, "axis": "x", "origin": [7.99889, 22.75503, 12.50111]},
			"faces": {
				"north": {"uv": [7.5, 2.5, 7.125, 2.75], "texture": "#2"},
				"east": {"uv": [4.375, 9.125, 4.25, 9.375], "texture": "#2"},
				"south": {"uv": [7.5, 2.125, 7.125, 2.375], "texture": "#2"},
				"west": {"uv": [4.625, 9.125, 4.5, 9.375], "texture": "#2"},
				"up": {"uv": [9, 3, 8.625, 3.125], "texture": "#2"},
				"down": {"uv": [4.375, 8.75, 4, 8.625], "texture": "#2"}
			}
		},
		{
			"from": [6.99889, 23.75503, 11.49609],
			"to": [8.99889, 26.25503, 12.49609],
			"rotation": {"angle": 0, "axis": "y", "origin": [7.99889, 22.75503, 12.50111]},
			"faces": {
				"north": {"uv": [4, 7.125, 3.75, 7.5], "texture": "#2"},
				"east": {"uv": [5.625, 8.5, 5.5, 8.875], "texture": "#2"},
				"south": {"uv": [3.625, 7.125, 3.375, 7.5], "texture": "#2"},
				"west": {"uv": [7.75, 8.5, 7.625, 8.875], "texture": "#2"},
				"up": {"uv": [9.375, 2, 9.125, 2.125], "texture": "#2"},
				"down": {"uv": [9.375, 5.25, 9.125, 5.125], "texture": "#2"}
			}
		},
		{
			"from": [6.99889, 25.23345, 14.27243],
			"to": [8.99889, 26.63345, 14.97243],
			"rotation": {"angle": -45, "axis": "x", "origin": [7.99889, 22.75503, 12.50111]},
			"faces": {
				"north": {"uv": [9.375, 5.625, 9.125, 5.75], "texture": "#2"},
				"east": {"uv": [9.375, 8.625, 9.25, 8.75], "texture": "#2"},
				"south": {"uv": [9.375, 5.375, 9.125, 5.5], "texture": "#2"},
				"west": {"uv": [8.875, 9.25, 8.75, 9.375], "texture": "#2"},
				"up": {"uv": [9.375, 5.875, 9.125, 6], "texture": "#2"},
				"down": {"uv": [9.375, 6.25, 9.125, 6.125], "texture": "#2"}
			}
		},
		{
			"from": [6.99889, 26.24498, 9.50614],
			"to": [8.99889, 27.24498, 11.50614],
			"rotation": {"angle": 0, "axis": "y", "origin": [7.99889, 22.75503, 12.50111]},
			"faces": {
				"north": {"uv": [9.375, 7, 9.125, 7.125], "texture": "#2"},
				"east": {"uv": [6.875, 9.125, 6.625, 9.25], "texture": "#2"},
				"south": {"uv": [9.375, 6.375, 9.125, 6.5], "texture": "#2"},
				"west": {"uv": [7.5, 9.125, 7.25, 9.25], "texture": "#2"},
				"up": {"uv": [8.25, 3.625, 8, 3.875], "texture": "#2"},
				"down": {"uv": [8.25, 4.25, 8, 4], "texture": "#2"}
			}
		},
		{
			"from": [7.001, 22.75858, 12.91177],
			"to": [8.998, 24.50858, 13.91177],
			"rotation": {"angle": -45, "axis": "x", "origin": [7.99889, 22.75503, 12.50111]},
			"faces": {
				"north": {"uv": [8.25, 6.75, 8, 7], "texture": "#2"},
				"east": {"uv": [4.875, 9.125, 4.75, 9.375], "texture": "#2"},
				"south": {"uv": [6.375, 8, 6.125, 8.25], "texture": "#2"},
				"west": {"uv": [9.25, 7.25, 9.125, 7.5], "texture": "#2"},
				"up": {"uv": [9.375, 9, 9.125, 9.125], "texture": "#2"},
				"down": {"uv": [0.25, 9.375, 0, 9.25], "texture": "#2"}
			}
		},
		{
			"from": [13.52425, 29.61266, 7.001],
			"to": [16.35425, 31.61266, 8.999],
			"rotation": {"angle": -45, "axis": "z", "origin": [13.93426, 31.11266, 8]},
			"faces": {
				"north": {"uv": [4.75, 6.625, 4.375, 6.875], "texture": "#2"},
				"east": {"uv": [7.875, 0, 7.625, 0.25], "texture": "#2"},
				"south": {"uv": [6.75, 1.625, 6.375, 1.875], "texture": "#2"},
				"west": {"uv": [7.875, 0.375, 7.625, 0.625], "texture": "#2"},
				"up": {"uv": [5.25, 6.625, 4.875, 6.875], "texture": "#2"},
				"down": {"uv": [7, 5.375, 6.625, 5.125], "texture": "#2"}
			}
		},
		{
			"from": [-0.35425, 29.61266, 7.001],
			"to": [2.47575, 31.61266, 8.999],
			"rotation": {"angle": 45, "axis": "z", "origin": [2.06574, 31.11266, 8]},
			"faces": {
				"north": {"uv": [4.5, 7.375, 4.125, 7.625], "texture": "#2"},
				"east": {"uv": [7.125, 8.375, 6.875, 8.625], "texture": "#2"},
				"south": {"uv": [7.75, 3.25, 7.375, 3.5], "texture": "#2"},
				"west": {"uv": [8.625, 7.125, 8.375, 7.375], "texture": "#2"},
				"up": {"uv": [7.75, 4.5, 7.375, 4.75], "texture": "#2"},
				"down": {"uv": [6, 7.625, 5.625, 7.375], "texture": "#2"}
			}
		},
		{
			"from": [1.99889, 29.75614, 7],
			"to": [13.99889, 31.75614, 9],
			"rotation": {"angle": 0, "axis": "x", "origin": [10.99889, 26.25614, 8]},
			"faces": {
				"north": {"uv": [5.75, 2.125, 4.25, 2.375], "texture": "#2"},
				"east": {"uv": [7.875, 0.75, 7.625, 1], "texture": "#2"},
				"south": {"uv": [3.625, 4.25, 2.125, 4.5], "texture": "#2"},
				"west": {"uv": [7.875, 1.125, 7.625, 1.375], "texture": "#2"},
				"up": {"uv": [5.75, 2.5, 4.25, 2.75], "texture": "#2"},
				"down": {"uv": [5.75, 3.125, 4.25, 2.875], "texture": "#2"}
			}
		},
		{
			"from": [7, 29.75725, 8.99778],
			"to": [9, 31.75725, 11.99778],
			"rotation": {"angle": 0, "axis": "x", "origin": [8, 26.25725, 6.99778]},
			"faces": {
				"north": {"uv": [8.25, 1.875, 8, 2.125], "texture": "#2"},
				"east": {"uv": [7.5, 0.75, 7.125, 1], "texture": "#2"},
				"south": {"uv": [1.75, 8, 1.5, 8.25], "texture": "#2"},
				"west": {"uv": [1.625, 7.125, 1.25, 7.375], "texture": "#2"},
				"up": {"uv": [6.75, 7, 6.5, 7.375], "texture": "#2"},
				"down": {"uv": [2, 7.5, 1.75, 7.125], "texture": "#2"}
			}
		},
		{
			"from": [7.001, 28.45069, 11.04237],
			"to": [8.999, 30.45069, 16.70237],
			"rotation": {"angle": 45, "axis": "x", "origin": [8, 29.95069, 13.09723]},
			"faces": {
				"north": {"uv": [8.25, 0.375, 8, 0.625], "texture": "#2"},
				"east": {"uv": [6.5, 5.25, 5.75, 5.5], "texture": "#2"},
				"south": {"uv": [8.25, 0, 8, 0.25], "texture": "#2"},
				"west": {"uv": [6.5, 5.625, 5.75, 5.875], "texture": "#2"},
				"up": {"uv": [4.75, 5.75, 4.5, 6.5], "texture": "#2"},
				"down": {"uv": [6.125, 2.875, 5.875, 2.125], "texture": "#2"}
			}
		},
		{
			"from": [13.999, 16, 11],
			"to": [15.999, 19.25, 13],
			"rotation": {"angle": 0, "axis": "x", "origin": [12.5, 18.21949, 11.94975]},
			"faces": {
				"north": {"uv": [0.25, 6.75, 0, 7.125], "texture": "#2"},
				"east": {"uv": [6.875, 5.5, 6.625, 5.875], "texture": "#2"},
				"south": {"uv": [5.625, 6.625, 5.375, 7], "texture": "#2"},
				"west": {"uv": [0.625, 6.75, 0.375, 7.125], "texture": "#2"},
				"up": {"uv": [1.875, 7.625, 1.625, 7.875], "texture": "#2"},
				"down": {"uv": [7.875, 2.375, 7.625, 2.125], "texture": "#2"}
			}
		},
		{
			"from": [13.999, 21.78553, 8.05025],
			"to": [15.999, 23.78553, 14.05025],
			"rotation": {"angle": 45, "axis": "x", "origin": [12.50502, 22.78553, 8.05025]},
			"faces": {
				"north": {"uv": [7.875, 2.875, 7.625, 3.125], "texture": "#2"},
				"east": {"uv": [6.375, 3.25, 5.625, 3.5], "texture": "#2"},
				"south": {"uv": [7.875, 2.5, 7.625, 2.75], "texture": "#2"},
				"west": {"uv": [6.375, 3.625, 5.625, 3.875], "texture": "#2"},
				"up": {"uv": [3.875, 5.625, 3.625, 6.375], "texture": "#2"},
				"down": {"uv": [6, 5.125, 5.75, 4.375], "texture": "#2"}
			}
		},
		{
			"from": [13.999, 21.36396, -2.22183],
			"to": [15.999, 23.36396, 7.77817],
			"rotation": {"angle": -45, "axis": "x", "origin": [12.50502, 22.36396, 7.77817]},
			"faces": {
				"north": {"uv": [3.875, 7.625, 3.625, 7.875], "texture": "#2"},
				"east": {"uv": [5.5, 3.25, 4.25, 3.5], "texture": "#2"},
				"south": {"uv": [3.5, 7.625, 3.25, 7.875], "texture": "#2"},
				"west": {"uv": [5.5, 3.625, 4.25, 3.875], "texture": "#2"},
				"up": {"uv": [4, 4.25, 3.75, 5.5], "texture": "#2"},
				"down": {"uv": [4.5, 5.25, 4.25, 4], "texture": "#2"}
			}
		},
		{
			"from": [13.999, 21.75503, 7],
			"to": [15.999, 29.75503, 9],
			"rotation": {"angle": 0, "axis": "x", "origin": [12.5, 22.75503, 8]},
			"faces": {
				"north": {"uv": [3.5, 5, 3.25, 6], "texture": "#2"},
				"east": {"uv": [3.125, 5, 2.875, 6], "texture": "#2"},
				"south": {"uv": [2.75, 5, 2.5, 6], "texture": "#2"},
				"west": {"uv": [5.25, 4.375, 5, 5.375], "texture": "#2"},
				"up": {"uv": [7.875, 3.625, 7.625, 3.875], "texture": "#2"},
				"down": {"uv": [7.875, 5.125, 7.625, 4.875], "texture": "#2"}
			}
		},
		{
			"from": [0.001, 21.36396, -2.22183],
			"to": [2.001, 23.36396, 7.77817],
			"rotation": {"angle": -45, "axis": "x", "origin": [3.49498, 22.36396, 7.77817]},
			"faces": {
				"north": {"uv": [8.5, 3, 8.25, 3.25], "texture": "#2"},
				"east": {"uv": [3.375, 4.625, 2.125, 4.875], "texture": "#2"},
				"south": {"uv": [2.875, 8.25, 2.625, 8.5], "texture": "#2"},
				"west": {"uv": [5.875, 4, 4.625, 4.25], "texture": "#2"},
				"up": {"uv": [4.875, 4.375, 4.625, 5.625], "texture": "#2"},
				"down": {"uv": [2.375, 6.25, 2.125, 5], "texture": "#2"}
			}
		},
		{
			"from": [0.001, 16, 11],
			"to": [2.001, 19.25, 13],
			"rotation": {"angle": 0, "axis": "x", "origin": [3.5, 18.21949, 11.94975]},
			"faces": {
				"north": {"uv": [2.75, 7.375, 2.5, 7.75], "texture": "#2"},
				"east": {"uv": [2.375, 7.375, 2.125, 7.75], "texture": "#2"},
				"south": {"uv": [7.625, 1.625, 7.375, 2], "texture": "#2"},
				"west": {"uv": [3.125, 7.375, 2.875, 7.75], "texture": "#2"},
				"up": {"uv": [2.125, 8.25, 1.875, 8.5], "texture": "#2"},
				"down": {"uv": [2.5, 8.5, 2.25, 8.25], "texture": "#2"}
			}
		},
		{
			"from": [0.001, 21.78553, 8.05025],
			"to": [2.001, 23.78553, 14.05025],
			"rotation": {"angle": 45, "axis": "x", "origin": [3.49498, 22.78553, 8.05025]},
			"faces": {
				"north": {"uv": [1.375, 8.25, 1.125, 8.5], "texture": "#2"},
				"east": {"uv": [7.125, 0, 6.375, 0.25], "texture": "#2"},
				"south": {"uv": [7.875, 8.125, 7.625, 8.375], "texture": "#2"},
				"west": {"uv": [7.125, 0.375, 6.375, 0.625], "texture": "#2"},
				"up": {"uv": [6.625, 0.75, 6.375, 1.5], "texture": "#2"},
				"down": {"uv": [1.125, 7.125, 0.875, 6.375], "texture": "#2"}
			}
		},
		{
			"from": [0.001, 21.75503, 7],
			"to": [2.001, 29.75503, 9],
			"rotation": {"angle": 0, "axis": "x", "origin": [3.5, 22.75503, 8]},
			"faces": {
				"north": {"uv": [5.25, 5.5, 5, 6.5], "texture": "#2"},
				"east": {"uv": [5.625, 4.375, 5.375, 5.375], "texture": "#2"},
				"south": {"uv": [4.375, 5.375, 4.125, 6.375], "texture": "#2"},
				"west": {"uv": [5.625, 5.5, 5.375, 6.5], "texture": "#2"},
				"up": {"uv": [5.375, 8.125, 5.125, 8.375], "texture": "#2"},
				"down": {"uv": [5.75, 8.375, 5.5, 8.125], "texture": "#2"}
			}
		},
		{
			"from": [3, 16, 14],
			"to": [5, 19.25, 16],
			"rotation": {"angle": 0, "axis": "x", "origin": [4.04914, 18.21949, 12.50111]},
			"faces": {
				"north": {"uv": [7.5, 0, 7.25, 0.375], "texture": "#2"},
				"east": {"uv": [0.25, 7.25, 0, 7.625], "texture": "#2"},
				"south": {"uv": [7.125, 7.125, 6.875, 7.5], "texture": "#2"},
				"west": {"uv": [0.625, 7.25, 0.375, 7.625], "texture": "#2"},
				"up": {"uv": [8.25, 7.875, 8, 8.125], "texture": "#2"},
				"down": {"uv": [0.25, 8.375, 0, 8.125], "texture": "#2"}
			}
		},
		{
			"from": [1.94975, 21.78553, 14],
			"to": [7.94975, 23.78553, 16],
			"rotation": {"angle": 45, "axis": "z", "origin": [7.94975, 22.78553, 12.50614]},
			"faces": {
				"north": {"uv": [7, 2.5, 6.25, 2.75], "texture": "#2"},
				"east": {"uv": [7.5, 8, 7.25, 8.25], "texture": "#2"},
				"south": {"uv": [7, 2.125, 6.25, 2.375], "texture": "#2"},
				"west": {"uv": [8.25, 7.5, 8, 7.75], "texture": "#2"},
				"up": {"uv": [7, 2.875, 6.25, 3.125], "texture": "#2"},
				"down": {"uv": [0.75, 6.625, 0, 6.375], "texture": "#2"}
			}
		},
		{
			"from": [8.05025, 21.78553, 14],
			"to": [14.05025, 23.78553, 16],
			"rotation": {"angle": -45, "axis": "z", "origin": [8.05025, 22.78553, 12.50614]},
			"faces": {
				"north": {"uv": [6.875, 4.375, 6.125, 4.625], "texture": "#2"},
				"east": {"uv": [7.125, 8, 6.875, 8.25], "texture": "#2"},
				"south": {"uv": [6.75, 4, 6, 4.25], "texture": "#2"},
				"west": {"uv": [8.25, 7.125, 8, 7.375], "texture": "#2"},
				"up": {"uv": [6.875, 4.75, 6.125, 5], "texture": "#2"},
				"down": {"uv": [6.875, 6.25, 6.125, 6], "texture": "#2"}
			}
		},
		{
			"from": [11, 16, 14],
			"to": [13, 19.25, 16],
			"rotation": {"angle": 0, "axis": "x", "origin": [11.94864, 18.21949, 12.50111]},
			"faces": {
				"north": {"uv": [7.5, 3.625, 7.25, 4], "texture": "#2"},
				"east": {"uv": [7.5, 1.125, 7.25, 1.5], "texture": "#2"},
				"south": {"uv": [1, 7.25, 0.75, 7.625], "texture": "#2"},
				"west": {"uv": [7.5, 7.125, 7.25, 7.5], "texture": "#2"},
				"up": {"uv": [0.625, 8.125, 0.375, 8.375], "texture": "#2"},
				"down": {"uv": [1, 8.375, 0.75, 8.125], "texture": "#2"}
			}
		},
		{
			"from": [7, 21.75503, 14],
			"to": [9, 27.75503, 16],
			"rotation": {"angle": 0, "axis": "x", "origin": [7.99889, 22.75503, 12.50111]},
			"faces": {
				"north": {"uv": [3.125, 6.125, 2.875, 6.875], "texture": "#2"},
				"east": {"uv": [2.75, 6.125, 2.5, 6.875], "texture": "#2"},
				"south": {"uv": [6, 6, 5.75, 6.75], "texture": "#2"},
				"west": {"uv": [3.5, 6.125, 3.25, 6.875], "texture": "#2"},
				"up": {"uv": [8.25, 0.75, 8, 1], "texture": "#2"},
				"down": {"uv": [8.25, 1.375, 8, 1.125], "texture": "#2"}
			}
		},
		{
			"from": [0, 0, 0],
			"to": [16, 16, 16],
			"rotation": {"angle": 0, "axis": "y", "origin": [0, 0, 16]},
			"faces": {
				"north": {"uv": [4.125, 0, 2.125, 2], "texture": "#2"},
				"east": {"uv": [2, 2.125, 0, 4.125], "texture": "#2"},
				"south": {"uv": [2, 0, 0, 2], "texture": "#2"},
				"west": {"uv": [4.125, 2.125, 2.125, 4.125], "texture": "#2"},
				"up": {"uv": [2, 4.25, 0, 6.25], "texture": "#2"},
				"down": {"uv": [6.25, 2, 4.25, 0], "texture": "#2"}
			}
		}
	],
	"display": {
		"thirdperson_righthand": {
			"rotation": [75, 45, 0],
			"translation": [0, 2.5, 0],
			"scale": [0.375, 0.375, 0.375]
		},
		"thirdperson_lefthand": {
			"rotation": [75, 45, 0],
			"translation": [0, 2.5, 0],
			"scale": [0.375, 0.375, 0.375]
		},
		"firstperson_righthand": {
			"rotation": [0, 45, 0],
			"scale": [0.4, 0.4, 0.4]
		},
		"firstperson_lefthand": {
			"rotation": [0, -135, 0],
			"scale": [0.4, 0.4, 0.4]
		},
		"ground": {
			"translation": [0, 3, 0],
			"scale": [0.25, 0.25, 0.25]
		},
		"gui": {
			"rotation": [30, -135, 0],
			"translation": [0, -2.4, 80],
			"scale": [0.44, 0.44, 0.44]
		},
		"head": {
			"translation": [0, -30.5, 0],
			"scale": [1.602, 1.61, 1.602]
		},
		"fixed": {
			"scale": [0.5, 0.5, 0.5]
		}
	},
	"groups": [
		{
			"name": "group",
			"origin": [9, 17.14738, 9],
			"color": 3,
			"children": [
				{
					"name": "group",
					"origin": [8, 30.14652, 8],
					"color": 0,
					"children": [
						{
							"name": "group",
							"origin": [6.64645, 25.68934, 8],
							"color": 0,
							"children": [0, 1, 2, 3, 4, 5, 6, 7]
						},
						{
							"name": "group",
							"origin": [6.64645, 25.68934, 8],
							"color": 0,
							"children": [8, 9, 10, 11, 12, 13, 14, 15, 16, 17, 18, 19]
						},
						{
							"name": "group",
							"origin": [6.64645, 25.68934, 8],
							"color": 0,
							"children": [20, 21, 22, 23, 24, 25]
						},
						{
							"name": "group",
							"origin": [6.64645, 25.68934, 8],
							"color": 0,
							"children": [26, 27, 28, 29, 30, 31, 32, 33, 34]
						},
						{
							"name": "group",
							"origin": [6.64645, 25.68934, 8],
							"color": 0,
							"children": [35, 36, 37, 38, 39, 40, 41, 42]
						},
						{
							"name": "group",
							"origin": [6.64645, 25.68934, 8],
							"color": 0,
							"children": []
						}
					]
				},
				{
					"name": "group",
					"origin": [8, 30.14652, 8],
					"color": 0,
					"children": [
						43,
						44,
						45,
						46,
						47,
						{
							"name": "group",
							"origin": [6.64645, 25.68934, 8],
							"color": 0,
							"children": []
						},
						{
							"name": "group",
							"origin": [6.64645, 25.68934, 8],
							"color": 0,
							"children": [48, 49, 50, 51, 52, 53, 54, 55, 56, 57, 58, 59, 60]
						}
					]
				}
			]
		},
		61
	]
}