{
	"textures": {
		"particle": "#0"
	},
	"elements": [
		{
			"from": [5, 0, 5],
			"to": [11, 6, 11],
			"faces": {
				"north": {"uv": [0, 10, 6, 16], "texture": "#0"},
				"east": {"uv": [0, 10, 6, 16], "texture": "#0"},
				"south": {"uv": [0, 10, 6, 16], "texture": "#0"},
				"west": {"uv": [0, 10, 6, 16], "texture": "#0"},
				"up": {"uv": [0, 4, 6, 10], "texture": "#0"},
				"down": {"uv": [0, 10, 6, 16], "texture": "#0"}
			}
		},
		{
			"from": [6.005, 6, 6.005],
			"to": [9.995, 4, 9.995],
			"rotation": {"angle": 0, "axis": "y", "origin": [3, 0, 4]},
			"faces": {
				"north": {"uv": [1, 10, 5, 12], "texture": "#0"},
				"east": {"uv": [1, 10, 5, 12], "texture": "#0"},
				"south": {"uv": [1, 10, 5, 12], "texture": "#0"},
				"west": {"uv": [1, 10, 5, 12], "texture": "#0"},
				"up": {"uv": [7, 5, 11, 9], "texture": "#0"}
			}
		}
	]
}