{
  "type": "minecraft:entity",
  "pools": [
    {
      "bonus_rolls": 0.0,
      "entries": [
        {
          "type": "minecraft:item",
          "functions": [
            {
              "add": false,
              "count": {
                "type": "minecraft:uniform",
                "max": 2.0,
                "min": 0.0
              },
              "function": "minecraft:set_count"
            },
            {
              "count": {
                "type": "minecraft:uniform",
                "max": 1.0,
                "min": 0.0
              },
              "enchantment": "minecraft:looting",
              "function": "minecraft:enchanted_count_increase"
            }
          ],
          "name": "minecraft:rotten_flesh"
        }
      ],
      "rolls": 1.0
    },
    {
      "bonus_rolls": 0.0,
      "conditions": [
        {
          "condition": "minecraft:killed_by_player"
        },
        {
          "condition": "minecraft:random_chance_with_enchanted_bonus",
          "enchanted_chance": {
            "type": "minecraft:linear",
            "base": 0.13,
            "per_level_above_first": 0.02
          },
          "enchantment": "minecraft:looting",
          "unenchanted_chance": 0.11
        }
      ],
      "entries": [
        {
          "type": "minecraft:item",
          "name": "minecraft:copper_ingot"
        }
      ],
      "rolls": 1.0
    },
    {
      "rolls": 1,
      "entries": [
        {
          "type": "item",
          "weight": 1,
          "name": "minecraft:copper_nugget",
          "functions": [
            {
              "function": "set_count",
              "count": {
                "min": 0,
                "max": 1
              }
            },
            {

              "enchantment": "minecraft:looting",
              "function": "minecraft:enchanted_count_increase",
              "count": {
                "min": 0,
                "max": 1
              }
            }
          ]
        }
      ]
    }
  ],
  "random_sequence": "minecraft:entities/drowned",
  "__smithed__": {
    "rules": [
      {
        "type": "append",
        "target": "pools",
        "source": {
          "type": "reference",
          "path": "pools[2]"
        }
      }
    ]
  }
}