{
  "type": "minecraft:entity",
  "pools": [
    {
      "bonus_rolls": 0.0,
      "entries": [
        {
          "type": "minecraft:item",
          "functions": [
            {
              "add": false,
              "count": {
                "type": "minecraft:uniform",
                "max": 1.0,
                "min": 0.0
              },
              "function": "minecraft:set_count"
            },
            {
              "count": {
                "type": "minecraft:uniform",
                "max": 1.0,
                "min": 0.0
              },
              "enchantment": "minecraft:looting",
              "function": "minecraft:enchanted_count_increase"
            },
            {
              "add": true,
              "count": 2,
              "function": "minecraft:set_count",
              "conditions": [
                {
                  "condition": "minecraft:reference",
                  "name": "tcc:entity_properties/slots/armor.head/witch_hat_attacker"
                }
              ]
            }
          ],
          "name": "minecraft:ghast_tear"
        }
      ],
      "rolls": 1.0
    },
    {
      "bonus_rolls": 0.0,
      "entries": [
        {
          "type": "minecraft:item",
          "functions": [
            {
              "add": false,
              "count": {
                "type": "minecraft:uniform",
                "max": 2.0,
                "min": 0.0
              },
              "function": "minecraft:set_count"
            },
            {
              "count": {
                "type": "minecraft:uniform",
                "max": 1.0,
                "min": 0.0
              },
              "enchantment": "minecraft:looting",
              "function": "minecraft:enchanted_count_increase"
            },
            {
              "add": true,
              "count": 2,
              "function": "minecraft:set_count",
              "conditions": [
                {
                  "condition": "minecraft:reference",
                  "name": "tcc:entity_properties/slots/armor.head/witch_hat_attacker"
                }
              ]
            }
          ],
          "name": "minecraft:gunpowder"
        }
      ],
      "rolls": 1.0
    },
    {
      "bonus_rolls": 0.0,
      "conditions": [
        {
          "condition": "minecraft:damage_source_properties",
          "predicate": {
            "direct_entity": {
              "type": "minecraft:fireball"
            },
            "tags": [
              {
                "expected": true,
                "id": "minecraft:is_projectile"
              }
            ]
          }
        },
        {
          "condition": "minecraft:killed_by_player"
        }
      ],
      "entries": [
        {
          "type": "minecraft:item",
          "name": "minecraft:music_disc_tears"
        }
      ],
      "functions": [
        {
          "add": false,
          "count": 1.0,
          "function": "minecraft:set_count"
        }
      ],
      "rolls": 1.0
    }
  ],
  "random_sequence": "minecraft:entities/ghast",
  "__smithed__": {
    "rules": [
      {
        "type": "append",
        "target": "pools[0].entries[0].functions",
        "source": {
          "type": "reference",
          "path": "pools[0].entries[0].functions[2]"
        }
      },
      {
        "type": "append",
        "target": "pools[1].entries[0].functions",
        "source": {
          "type": "reference",
          "path": "pools[1].entries[0].functions[2]"
        }
      }
    ]
  }
}