{
  "type": "minecraft:entity",
  "pools": [
    {
      "rolls": 1,
      "bonus_rolls": 0,
      "entries": [
        {
          "type": "minecraft:item",
          "functions": [
            {
              "function": "minecraft:set_count",
              "count": 1,
              "add": false
            }
          ],
          "name": "minecraft:saddle"
        }
      ]
    },
    {
      "rolls": 1,
      "bonus_rolls": 0,
      "entries": [
        {
          "weight": 9,
          "type": "minecraft:empty"
        },
        {
          "weight": 1,
          "type": "minecraft:item",
          "name": "minecraft:sentry_armor_trim_smithing_template"
        }
      ]
    }
  ],
  "random_sequence": "minecraft:entities/ravager",
  "__smithed__": {
    "rules": [
      {
        "type": "append",
        "target": "pools",
        "source": {
          "type": "reference",
          "path": "pools[1]"
        }
      }
    ]
  }
}
