{
  "type": "minecraft:entity",
  "pools": [
    {
      "rolls": 1,
      "bonus_rolls": 0,
      "entries": [
        {
          "type": "minecraft:item",
          "name": "minecraft:shulker_shell",
          "functions": [
            {
              "function": "minecraft:set_count",
              "count": 1,
              "add": true,
              "conditions": [
                {
                  "condition": "minecraft:random_chance_with_enchanted_bonus",
                  "enchanted_chance": {
                    "type": "minecraft:linear",
                    "base": 0.66666666,
                    "per_level_above_first": 0.33333333
                  },
                  "enchantment": "minecraft:looting",
                  "unenchanted_chance": 0.5
                }
              ]
            }
          ]
        }
      ]
    }
  ],
  "random_sequence": "minecraft:entities/shulker",
  "__smithed__": {
    "rules": [
      {
        "type": "merge",
        "target": "pools[0]",
        "source": {
          "type": "reference",
          "path": "pools[0]"
        }
      }
    ]
  }
}