{
  "type": "minecraft:entity",
  "pools": [
    {
      "rolls": 1,
      "entries": [
        {
          "type": "minecraft:loot_table",
          "functions": [
            {
              "function": "minecraft:set_count",
              "count": {
                "type": "minecraft:uniform",
                "min": 1,
                "max": 3
              },
              "add": false
            },
            {
              "function": "minecraft:enchanted_count_increase",
              "enchantment": "minecraft:looting",
              "count": {
                "type": "minecraft:uniform",
                "min": 0,
                "max": 1
              }
            }
          ],
          "value": "tcc:items/rotten_porkchop"
        }
      ]
    }
  ],
  "random_sequence": "minecraft:entities/zoglin",
  "__smithed__": {
    "rules": [
      {
        "type": "merge",
        "target": "pools[0].entries[0]",
        "source": {
          "type": "reference",
          "path": "pools[0].entries[0]"
        }
      }
    ]
  }
}
