{
  "pools": [
    {
      "rolls": 1,
      "entries": [
        {
          "type": "minecraft:item",
          "name": "minecraft:carrot_on_a_stick",
          "functions": [
            {
              "function": "minecraft:set_components",
              "components": {
                "minecraft:item_model": "ulg:backpack/chest_christmas2"
              }
            },
            {
              "function": "minecraft:set_custom_data",
              "tag": {
                "bp": {
                  "Inventory": [],
                  "Opened": false,
                  "newV": 2
                }
              }
            },
            {
              "function": "minecraft:set_custom_model_data",
              "colors": {
                "values": [],
                "mode": "replace_all"
              }
            },
            {
              "function": "minecraft:set_count",
              "count": 1
            },
            {
              "function": "minecraft:set_name",
              "entity": "this",
              "target": "item_name",
              "name": {
                "translate": "ulg.item.backpack.chest_christmas",
                "color": "gold",
                "italic": false
              }
            }
          ]
        }
      ]
    }
  ]
}
