{
  "criteria": {
    "requirement": {
      "trigger": "minecraft:location",
      "conditions": {
        "player": [
          {
            "condition": "minecraft:location_check",
            "predicate": {
              "position": {
                "y": {
                  "min": 400
                }
              },
              "dimension": "minecraft:overworld"
            }
          }
        ]
      }
    }
  },
  "rewards": {
    "function": "fktid:systems/links/go_islands_bot"
  }
}