[
    {
      "function": "minecraft:copy_custom_data",
      "source": "this",
      "ops": [
        {
          "source": "equipment.feet",
          "target": "ArmorStorage.boots",
          "op": "append"
        },
        {
          "source": "equipment.legs",
          "target": "ArmorStorage.leggings",
          "op": "append"
        },
        {
          "source": "equipment.chest",
          "target": "ArmorStorage.chestplate",
          "op": "append"
        }
      ]
    },
    {
      "function": "minecraft:copy_custom_data",
      "source": {
        "type": "minecraft:storage",
        "source": "exp:store_equipment"
      },
      "ops": [
        {
          "source": "data.Equipment",
          "target": "ArmorStorage.helmet",
          "op": "append"
        }
      ]
    }
  ]
  