{
	"textures": {
		"1": "animated_java:blueprint/mech_legs/mech",
		"particle": "minecraft:item/pufferfish"
	},
	"display": {
		"head": {
			"rotation": [0, 180, 0]
		}
	},
	"elements": [
		{
			"from": [4.16278, -6.1527, 5.52056],
			"to": [6.16278, 12.8473, 12.02056],
			"rotation": {
				"angle": 0,
				"axis": "y",
				"origin": [20.16278, 7.84733, 8.52056]
			},
			"faces": {
				"north": {
					"uv": [3.0625, 5.3125, 3.1875, 6.5],
					"texture": "#1"
				},
				"east": {
					"uv": [0, 2.9375, 0.40625, 4.125],
					"texture": "#1"
				},
				"south": {
					"uv": [3.25, 5.3125, 3.375, 6.5],
					"texture": "#1"
				},
				"west": {
					"uv": [2.9375, 1.375, 3.34375, 2.5625],
					"texture": "#1"
				},
				"up": {
					"uv": [2.6875, 7.71875, 2.5625, 7.3125],
					"texture": "#1"
				},
				"down": {
					"uv": [7.4375, 5.4375, 7.3125, 5.84375],
					"texture": "#1"
				}
			}
		},
		{
			"from": [5.63765, 11.40796, 5.53056],
			"to": [7.63765, 14.40796, 12.01056],
			"rotation": {
				"angle": -45,
				"axis": "z",
				"origin": [6.63765, 13.90796, 8.52056]
			},
			"faces": {
				"north": {
					"uv": [3.25, 7.6875, 3.375, 7.875],
					"texture": "#1"
				},
				"east": {
					"uv": [2.0625, 7.0625, 2.46875, 7.25],
					"texture": "#1"
				},
				"south": {
					"uv": [6.3125, 7.6875, 6.4375, 7.875],
					"texture": "#1"
				},
				"west": {
					"uv": [7.0625, 3.875, 7.46875, 4.0625],
					"texture": "#1"
				},
				"up": {
					"uv": [7.4375, 6.34375, 7.3125, 5.9375],
					"texture": "#1"
				},
				"down": {
					"uv": [7.5, 1.5, 7.375, 1.90625],
					"texture": "#1"
				}
			}
		},
		{
			"from": [8.68791, 11.40796, 5.53056],
			"to": [10.68791, 14.40796, 12.01056],
			"rotation": {
				"angle": 45,
				"axis": "z",
				"origin": [9.68791, 13.90796, 8.52056]
			},
			"faces": {
				"north": {
					"uv": [0.375, 7.8125, 0.5, 8],
					"texture": "#1"
				},
				"east": {
					"uv": [7.0625, 4.125, 7.46875, 4.3125],
					"texture": "#1"
				},
				"south": {
					"uv": [2.375, 7.8125, 2.5, 8],
					"texture": "#1"
				},
				"west": {
					"uv": [7.125, 0.5, 7.53125, 0.6875],
					"texture": "#1"
				},
				"up": {
					"uv": [7.5, 2.40625, 7.375, 2],
					"texture": "#1"
				},
				"down": {
					"uv": [3.5625, 7.375, 3.4375, 7.78125],
					"texture": "#1"
				}
			}
		},
		{
			"from": [6.16278, -0.1527, 4.52056],
			"to": [10.16278, 13.8473, 13.02056],
			"rotation": {
				"angle": 0,
				"axis": "y",
				"origin": [20.16278, 7.84733, 8.52056]
			},
			"faces": {
				"north": {
					"uv": [2.625, 4.125, 2.875, 5],
					"texture": "#1"
				},
				"east": {
					"uv": [3.0625, 0, 3.59375, 0.875],
					"texture": "#1"
				},
				"south": {
					"uv": [1.4375, 4.625, 1.6875, 5.5],
					"texture": "#1"
				},
				"west": {
					"uv": [0.5, 3.375, 1.03125, 4.25],
					"texture": "#1"
				},
				"up": {
					"uv": [4, 6.28125, 3.75, 5.75],
					"texture": "#1"
				},
				"down": {
					"uv": [4.3125, 5.75, 4.0625, 6.28125],
					"texture": "#1"
				}
			}
		},
		{
			"from": [5.16278, -4.1527, 3.52056],
			"to": [11.16278, 2.8473, 5.52056],
			"rotation": {
				"angle": 0,
				"axis": "y",
				"origin": [20.16278, 7.84733, 8.52056]
			},
			"faces": {
				"north": {
					"uv": [5.1875, 0, 5.5625, 0.4375],
					"texture": "#1"
				},
				"east": {
					"uv": [3.25, 7.1875, 3.375, 7.625],
					"texture": "#1"
				},
				"south": {
					"uv": [0.625, 5.1875, 1, 5.625],
					"texture": "#1"
				},
				"west": {
					"uv": [5, 7.1875, 5.125, 7.625],
					"texture": "#1"
				},
				"up": {
					"uv": [6.3125, 2, 5.9375, 1.875],
					"texture": "#1"
				},
				"down": {
					"uv": [6.4375, 0.25, 6.0625, 0.375],
					"texture": "#1"
				}
			}
		},
		{
			"from": [5.17278, -7.07661, -1.06957],
			"to": [11.15278, -3.07661, 0.93043],
			"rotation": {
				"angle": -22.5,
				"axis": "x",
				"origin": [20.16278, 7.92342, 3.93043]
			},
			"faces": {
				"north": {
					"uv": [6.6875, 3.0625, 7.0625, 3.3125],
					"texture": "#1"
				},
				"east": {
					"uv": [1.8125, 3.9375, 1.9375, 4.1875],
					"texture": "#1"
				},
				"south": {
					"uv": [6.6875, 3.375, 7.0625, 3.625],
					"texture": "#1"
				},
				"west": {
					"uv": [0.625, 6.75, 0.75, 7],
					"texture": "#1"
				},
				"up": {
					"uv": [7.8125, 0.125, 7.4375, 0],
					"texture": "#1"
				},
				"down": {
					"uv": [7.8125, 4.375, 7.4375, 4.5],
					"texture": "#1"
				}
			}
		},
		{
			"from": [5.16278, -8.6897, 5.28174],
			"to": [11.16278, -6.6897, 9.28174],
			"rotation": {
				"angle": 22.5,
				"axis": "x",
				"origin": [7.16278, -7.6897, 7.28174]
			},
			"faces": {
				"north": {
					"uv": [7.4375, 5.125, 7.8125, 5.25],
					"texture": "#1"
				},
				"east": {
					"uv": [7.6875, 5.6875, 7.9375, 5.8125],
					"texture": "#1"
				},
				"south": {
					"uv": [7.4375, 6.4375, 7.8125, 6.5625],
					"texture": "#1"
				},
				"west": {
					"uv": [7.6875, 5.875, 7.9375, 6],
					"texture": "#1"
				},
				"up": {
					"uv": [4.75, 6.9375, 4.375, 6.6875],
					"texture": "#1"
				},
				"down": {
					"uv": [7.0625, 5.625, 6.6875, 5.875],
					"texture": "#1"
				}
			}
		},
		{
			"from": [10.16278, -5.1527, 5.52056],
			"to": [12.16278, 12.8473, 12.02056],
			"rotation": {
				"angle": 0,
				"axis": "y",
				"origin": [20.16278, 7.84733, 8.52056]
			},
			"faces": {
				"north": {
					"uv": [1.0625, 5.5, 1.1875, 6.625],
					"texture": "#1"
				},
				"east": {
					"uv": [3.4375, 0.9375, 3.84375, 2.0625],
					"texture": "#1"
				},
				"south": {
					"uv": [1.25, 5.5, 1.375, 6.625],
					"texture": "#1"
				},
				"west": {
					"uv": [3.4375, 2.125, 3.84375, 3.25],
					"texture": "#1"
				},
				"up": {
					"uv": [4.4375, 7.78125, 4.3125, 7.375],
					"texture": "#1"
				},
				"down": {
					"uv": [4.625, 7.375, 4.5, 7.78125],
					"texture": "#1"
				}
			}
		}
	]
}