{
  "criteria": {
    "requirement": {
      "trigger": "minecraft:consume_item",
      "conditions": {
        "item": {
          "items": [
            "minecraft:cooked_beef",
            "minecraft:cooked_chicken",
            "minecraft:cooked_mutton",
            "minecraft:cooked_porkchop",
            "minecraft:cooked_rabbit",
            "minecraft:cooked_cod",
            "minecraft:cooked_salmon",
            "minecraft:pufferfish",
            "minecraft:tropical_fish",
            "minecraft:beef",
            "minecraft:porkchop",
            "minecraft:mutton",
            "minecraft:chicken",
            "minecraft:rabbit",
            "minecraft:rabbit_stew",
            "minecraft:rotten_flesh",
            "minecraft:spider_eye",
            "minecraft:salmon",
            "minecraft:cod"
          ]
        }
      }
    }
  },
  "rewards": {
    "function": "origins:origins/avian/avian_meat"
  }
}
