{
    "criteria": {
      "requirement": {
        "trigger": "minecraft:consume_item",
        "conditions": {
          "player": [
            {
              "condition": "minecraft:entity_properties",
              "entity": "this",
              "predicate": {
                "type": "minecraft:player",
                "nbt": "{Tags:[\"merling\"]}"
              }
            }
          ],
          "item": {
            "items": "minecraft:potion",
            "components": {
              "minecraft:potion_contents": "minecraft:water"
            }
          }
        }
      }
    },
    "rewards": {
      "function": "origins:origins/merling/drink_water"
    }
  }
  