{
  "criteria": {
    "requirement": {
      "trigger": "minecraft:player_interacted_with_entity",
      "conditions": {
        "player": [
          {
            "condition": "minecraft:entity_properties",
            "entity": "this",
            "predicate": {
              "nbt": "{Tags:[\"blazeborn\"]}"
            }
          }
        ],
        "entity": [
          {
            "condition": "minecraft:entity_properties",
            "entity": "this",
            "predicate": {
              "type": "minecraft:interaction",
              "nbt": "{Tags:[\"originsdp.blazeborn_summon\",\"originsdp.interaction\"]}"
            }
          }
        ]
      }
    }
  },
  "rewards": {
    "function": "origins:origins/blazeborn/blazeborn_check"
  }
}
