{
  "criteria": {
    "requirement": {
      "trigger": "minecraft:player_hurt_entity",
      "conditions": {
        "player": [
          {
            "condition": "minecraft:entity_properties",
            "entity": "this",
            "predicate": {
              "type": "minecraft:player",
              "nbt": "{Tags:[\"spider\"]}"
            }
          }
        ],
        "entity": []
      }
    }
  },
  "rewards": {
    "function": "origins:origins/spider/spider_cobweb"
  }
}
