{
  "biomes": "#terralith:has_structure/spire",
  "terrain_adaptation": "none",
  "spawn_overrides": {},
  "type": "minecraft:jigsaw",
  "start_pool": "terralith:spire/layer2",
  "size": 6,
  "step": "surface_structures",
  "start_height": {
    "type": "minecraft:uniform",
    "min_inclusive": {
      "absolute": 29
    },
    "max_inclusive": {
      "absolute": 250
    }
  },
  "project_start_to_heightmap": "WORLD_SURFACE",
  "max_distance_from_center": 128,
  "use_expansion_hack": false
}