{
    "display": {
      "title": {
        "text": "Veganism"
      },
      "description": {
        "text": "Eat any meat item and discover the horrors of the carnivorous diet ",
        "color": "yellow"
      },
      "icon": {
        "id": "minecraft:carrot"
      },
      "frame": "task",
      "show_toast": true,
      "announce_to_chat": true,
      "hidden": false
    },
    "criteria": {
      "c1": {
        "trigger": "minecraft:impossible"
      }
    },
    "parent": "origins:origins/avian"
  }