{
    "display": {
        "title": {
            "text": "Mining Maniac"
        },
        "description": {
            "text": "Discover your hidden mining abilities"
        },
        "icon": {
            "id": "minecraft:deepslate"
        },
        "frame": "task",
        "show_toast": true,
        "announce_to_chat": true,
        "hidden": false
    },
    "criteria": {
        "c1": {
            "trigger": "minecraft:impossible"
        }
    },
    "parent": "origins:origins/dwarf"
}