{
    "display": {
        "title": {
            "text": "To Infinity, and Beyond!"
        },
        "description": {
            "text": "Use the wind power to soar through the skies ",
            "color": "yellow"
        },
        "icon": {
            "id": "minecraft:firework_rocket"
        },
        "frame": "task",
        "show_toast": true,
        "announce_to_chat": true,
        "hidden": false
    },
    "criteria": {
        "c1": {
            "trigger": "minecraft:impossible"
        }
    },
    "parent": "origins:origins/elytrian"
}