{
    "display": {
        "title": {
            "text": "Pearl Navigator"
        },
        "description": {
            "text": "Discover your new teleport abilities",
            "color": "yellow"
        },
        "icon": {
            "id": "minecraft:ender_pearl"
        },
        "frame": "task",
        "show_toast": true,
        "announce_to_chat": true,
        "hidden": false
    },
    "criteria": {
        "c1": {
            "trigger": "minecraft:impossible"
        }
    },
    "parent": "origins:origins/enderian"
}