{
    "display": {
        "title": {
            "text": "Landlubber"
        },
        "description": {
            "text": "Avoid water at all costs",
            "color": "yellow"
        },
        "icon": {
            "id": "minecraft:water_bucket"
        },
        "frame": "task",
        "show_toast": true,
        "announce_to_chat": true,
        "hidden": false
    },
    "criteria": {
        "c1": {
            "trigger": "minecraft:impossible"
        }
    },
    "parent": "origins:origins/enderian"
}