{
  "display": {
    "icon": {
      "id": "minecraft:big_dripleaf"
    },
    "title": "Fee-Fi-Fo-Fum",
    "description": "Acquire a \"beanstalk\""
  },
  "parent": "origins:origins/giant",
  "criteria": {
    "requirement": {
      "trigger": "minecraft:inventory_changed",
      "conditions": {
        "player": [
          {
            "condition": "minecraft:entity_properties",
            "entity": "this",
            "predicate": {
              "nbt": "{Tags:[\"giant\"]}"
            }
          }
        ],
        "items": [
          {
            "items": "minecraft:big_dripleaf"
          }
        ]
      }
    }
  }
}
