{
    "display": {
        "title": {
            "text": "Gasping for Air"
        },
        "description": {
            "text": "Discover the need for water",
            "color": "yellow"
        },
        "icon": {
            "id": "minecraft:cooked_cod"
        },
        "frame": "task",
        "show_toast": true,
        "announce_to_chat": true,
        "hidden": false
    },
    "criteria": {
        "c1": {
            "trigger": "minecraft:impossible"
        }
    },
    "parent": "origins:origins/merling"
}