{
    "display": {
        "title": {
            "text": "Stay Hydrated"
        },
        "description": {
            "text": "Drink some water to rehydrate"
        },
        "icon": {
            "id": "minecraft:potion",
            "components": {
              "minecraft:potion_contents": {
                "potion": "minecraft:water"
              }
            }
          },
        "frame": "task",
        "show_toast": true,
        "announce_to_chat": true,
        "hidden": false
    },
    "criteria": {
      "requirement": {
        "trigger": "minecraft:consume_item",
        "conditions": {
          "player": [
            {
              "condition": "minecraft:entity_properties",
              "entity": "this",
              "predicate": {
                "type": "minecraft:player",
                "nbt": "{Tags:[\"merling\"]}"
              }
            }
          ],
          "item": {
            "items": "minecraft:potion",
            "components": {
              "minecraft:potion_contents": "minecraft:water"
            }
          }
        }
      }
    },
    "parent": "origins:origins/merling"
  }