{
    "display": {
        "title": {
            "text": "Spectral Vanish"
        },
        "description": {
            "text": "Hide amongst the shadows",
            "color": "yellow"
        },
        "icon": {
            "id": "minecraft:black_concrete"
        },
        "frame": "task",
        "show_toast": true,
        "announce_to_chat": true,
        "hidden": false
    },
    "criteria": {
        "c1": {
            "trigger": "minecraft:impossible"
        }
    },
    "parent": "origins:origins/wraith"
}