{
  "pools": [
    {
      "rolls": 1,
      "entries": [
        {
          "type": "minecraft:item",
          "name": "minecraft:poisonous_potato",
          "functions": [
            {
              "function": "minecraft:set_name",
              "entity": "this",
              "name": {
                "translate": "exp_suit_hazmat_helmet",
                "italic": false
              }
            },
            {
              "function": "minecraft:set_components",
              "components": {
                "!minecraft:consumable": {},
                "!minecraft:food": {},
                "minecraft:item_model": "expansion:armor/hazmat/helmet",
                "minecraft:max_stack_size": 1,
                "minecraft:max_damage": 500,
                "minecraft:damage": 0,
                "minecraft:equippable": {
                  "slot": "head",
                  "equip_sound": "minecraft:intentionally_empty",
                  "swappable": false
                }
              }
            },
            {
              "function": "minecraft:set_attributes",
              "modifiers": [
                  {
                    "attribute": "minecraft:armor",
                    "id": "exp.head_armor",
                    "amount": 2,
                    "operation": "add_value",
                    "slot": "head"
                  }
              ]
            },
            {
              "function": "minecraft:set_custom_data",
              "tag": "{exp_item:{name:\"hazmat_helmet\",crafting_count:1,max_stack_size:1},exp_armor:{Slot:103b,equipped:0b,set_name:\"hazmat\"},exp.enhanceable:1b,heat_resist:{base:16,modifier:0,total:16},cold_resist:{base:-6,modifier:0,total:-6},speed:{base:0.0,add_percent:0.0},max_damage:{base:500,add_percent:0},ModStorage:[{},{},{}],exp.enhanceID:103b}"
            },
            {
              "function": "minecraft:set_lore",
              "lore": [
                {
                  "text": "切切切",
                  "font": "expansion:module_icons",
                  "color": "white",
                  "italic": false 
                },
                {
                  "translate": "exp_modules_lore"
                },
                {
                  "text": ""
                },
                {
                  "text": ""
                },
                {
                  "text": ""
                },
                [
                  {
                    "translate": "exp_modules_coldresist_lore"
                  },
                  {
                    "text": "-6",
                    "color": "red",
                    "bold": true,
                    "italic": false
                  }
                ],
                [
                  {
                    "translate": "exp_modules_heatresist_lore"
                  },
                  {
                    "text": "16",
                    "color": "green",
                    "bold": true,
                    "italic": false
                  }
                ],
                {
                  "text": ""
                }
              ],
              "mode": "replace_all"
            }
          ]
        }
      ]
    }
  ]
}
