{
  "pools": [
    {
      "rolls": 1,
      "entries": [
        {
          "type": "minecraft:loot_table",
          "weight": 12,
          "value": "expansion:items/modules/random_mk1"
        },
        {
          "type": "minecraft:loot_table",
          "weight": 8,
          "value": "expansion:items/modules/random_mk2"
        },
        {
          "type": "minecraft:loot_table",
          "weight": 2,
          "value": "expansion:items/modules/slot"
        }
      ]
    }
  ]
}