{
    "model": {
        "type": "minecraft:select",
        "property": "minecraft:display_context",
        "cases": [
            {
                "when": "gui",
                "model": {
                    "type": "model",
                    "model": "expansion:vehicles/return_capsule/icon"
                }
            }
        ],
        "fallback": {
            "type": "model",
            "model": "expansion:vehicles/return_capsule/return_capsule"
        }
    }
}