{
  "model": {
    "type": "minecraft:condition",
    "component": "minecraft:lodestone_tracker",
    "on_false": {
      "type": "minecraft:select",
      "cases": [
        {
          "model": {
            "type": "minecraft:range_dispatch",
            "entries": [
              {
                "model": {
                  "type": "minecraft:model",
                  "model": "tcc:item/dyed_compass/purple/16"
                },
                "threshold": 0.0
              },
              {
                "model": {
                  "type": "minecraft:model",
                  "model": "tcc:item/dyed_compass/purple/17"
                },
                "threshold": 0.5
              },
              {
                "model": {
                  "type": "minecraft:model",
                  "model": "tcc:item/dyed_compass/purple/18"
                },
                "threshold": 1.5
              },
              {
                "model": {
                  "type": "minecraft:model",
                  "model": "tcc:item/dyed_compass/purple/19"
                },
                "threshold": 2.5
              },
              {
                "model": {
                  "type": "minecraft:model",
                  "model": "tcc:item/dyed_compass/purple/20"
                },
                "threshold": 3.5
              },
              {
                "model": {
                  "type": "minecraft:model",
                  "model": "tcc:item/dyed_compass/purple/21"
                },
                "threshold": 4.5
              },
              {
                "model": {
                  "type": "minecraft:model",
                  "model": "tcc:item/dyed_compass/purple/22"
                },
                "threshold": 5.5
              },
              {
                "model": {
                  "type": "minecraft:model",
                  "model": "tcc:item/dyed_compass/purple/23"
                },
                "threshold": 6.5
              },
              {
                "model": {
                  "type": "minecraft:model",
                  "model": "tcc:item/dyed_compass/purple/24"
                },
                "threshold": 7.5
              },
              {
                "model": {
                  "type": "minecraft:model",
                  "model": "tcc:item/dyed_compass/purple/25"
                },
                "threshold": 8.5
              },
              {
                "model": {
                  "type": "minecraft:model",
                  "model": "tcc:item/dyed_compass/purple/26"
                },
                "threshold": 9.5
              },
              {
                "model": {
                  "type": "minecraft:model",
                  "model": "tcc:item/dyed_compass/purple/27"
                },
                "threshold": 10.5
              },
              {
                "model": {
                  "type": "minecraft:model",
                  "model": "tcc:item/dyed_compass/purple/28"
                },
                "threshold": 11.5
              },
              {
                "model": {
                  "type": "minecraft:model",
                  "model": "tcc:item/dyed_compass/purple/29"
                },
                "threshold": 12.5
              },
              {
                "model": {
                  "type": "minecraft:model",
                  "model": "tcc:item/dyed_compass/purple/30"
                },
                "threshold": 13.5
              },
              {
                "model": {
                  "type": "minecraft:model",
                  "model": "tcc:item/dyed_compass/purple/31"
                },
                "threshold": 14.5
              },
              {
                "model": {
                  "type": "minecraft:model",
                  "model": "tcc:item/dyed_compass/purple/00"
                },
                "threshold": 15.5
              },
              {
                "model": {
                  "type": "minecraft:model",
                  "model": "tcc:item/dyed_compass/purple/01"
                },
                "threshold": 16.5
              },
              {
                "model": {
                  "type": "minecraft:model",
                  "model": "tcc:item/dyed_compass/purple/02"
                },
                "threshold": 17.5
              },
              {
                "model": {
                  "type": "minecraft:model",
                  "model": "tcc:item/dyed_compass/purple/03"
                },
                "threshold": 18.5
              },
              {
                "model": {
                  "type": "minecraft:model",
                  "model": "tcc:item/dyed_compass/purple/04"
                },
                "threshold": 19.5
              },
              {
                "model": {
                  "type": "minecraft:model",
                  "model": "tcc:item/dyed_compass/purple/05"
                },
                "threshold": 20.5
              },
              {
                "model": {
                  "type": "minecraft:model",
                  "model": "tcc:item/dyed_compass/purple/06"
                },
                "threshold": 21.5
              },
              {
                "model": {
                  "type": "minecraft:model",
                  "model": "tcc:item/dyed_compass/purple/07"
                },
                "threshold": 22.5
              },
              {
                "model": {
                  "type": "minecraft:model",
                  "model": "tcc:item/dyed_compass/purple/08"
                },
                "threshold": 23.5
              },
              {
                "model": {
                  "type": "minecraft:model",
                  "model": "tcc:item/dyed_compass/purple/09"
                },
                "threshold": 24.5
              },
              {
                "model": {
                  "type": "minecraft:model",
                  "model": "tcc:item/dyed_compass/purple/10"
                },
                "threshold": 25.5
              },
              {
                "model": {
                  "type": "minecraft:model",
                  "model": "tcc:item/dyed_compass/purple/11"
                },
                "threshold": 26.5
              },
              {
                "model": {
                  "type": "minecraft:model",
                  "model": "tcc:item/dyed_compass/purple/12"
                },
                "threshold": 27.5
              },
              {
                "model": {
                  "type": "minecraft:model",
                  "model": "tcc:item/dyed_compass/purple/13"
                },
                "threshold": 28.5
              },
              {
                "model": {
                  "type": "minecraft:model",
                  "model": "tcc:item/dyed_compass/purple/14"
                },
                "threshold": 29.5
              },
              {
                "model": {
                  "type": "minecraft:model",
                  "model": "tcc:item/dyed_compass/purple/15"
                },
                "threshold": 30.5
              },
              {
                "model": {
                  "type": "minecraft:model",
                  "model": "tcc:item/dyed_compass/purple/16"
                },
                "threshold": 31.5
              }
            ],
            "property": "minecraft:compass",
            "scale": 32.0,
            "target": "spawn"
          },
          "when": "minecraft:overworld"
        }
      ],
      "fallback": {
        "type": "minecraft:range_dispatch",
        "entries": [
          {
            "model": {
              "type": "minecraft:model",
              "model": "tcc:item/dyed_compass/purple/16"
            },
            "threshold": 0.0
          },
          {
            "model": {
              "type": "minecraft:model",
              "model": "tcc:item/dyed_compass/purple/17"
            },
            "threshold": 0.5
          },
          {
            "model": {
              "type": "minecraft:model",
              "model": "tcc:item/dyed_compass/purple/18"
            },
            "threshold": 1.5
          },
          {
            "model": {
              "type": "minecraft:model",
              "model": "tcc:item/dyed_compass/purple/19"
            },
            "threshold": 2.5
          },
          {
            "model": {
              "type": "minecraft:model",
              "model": "tcc:item/dyed_compass/purple/20"
            },
            "threshold": 3.5
          },
          {
            "model": {
              "type": "minecraft:model",
              "model": "tcc:item/dyed_compass/purple/21"
            },
            "threshold": 4.5
          },
          {
            "model": {
              "type": "minecraft:model",
              "model": "tcc:item/dyed_compass/purple/22"
            },
            "threshold": 5.5
          },
          {
            "model": {
              "type": "minecraft:model",
              "model": "tcc:item/dyed_compass/purple/23"
            },
            "threshold": 6.5
          },
          {
            "model": {
              "type": "minecraft:model",
              "model": "tcc:item/dyed_compass/purple/24"
            },
            "threshold": 7.5
          },
          {
            "model": {
              "type": "minecraft:model",
              "model": "tcc:item/dyed_compass/purple/25"
            },
            "threshold": 8.5
          },
          {
            "model": {
              "type": "minecraft:model",
              "model": "tcc:item/dyed_compass/purple/26"
            },
            "threshold": 9.5
          },
          {
            "model": {
              "type": "minecraft:model",
              "model": "tcc:item/dyed_compass/purple/27"
            },
            "threshold": 10.5
          },
          {
            "model": {
              "type": "minecraft:model",
              "model": "tcc:item/dyed_compass/purple/28"
            },
            "threshold": 11.5
          },
          {
            "model": {
              "type": "minecraft:model",
              "model": "tcc:item/dyed_compass/purple/29"
            },
            "threshold": 12.5
          },
          {
            "model": {
              "type": "minecraft:model",
              "model": "tcc:item/dyed_compass/purple/30"
            },
            "threshold": 13.5
          },
          {
            "model": {
              "type": "minecraft:model",
              "model": "tcc:item/dyed_compass/purple/31"
            },
            "threshold": 14.5
          },
          {
            "model": {
              "type": "minecraft:model",
              "model": "tcc:item/dyed_compass/purple/00"
            },
            "threshold": 15.5
          },
          {
            "model": {
              "type": "minecraft:model",
              "model": "tcc:item/dyed_compass/purple/01"
            },
            "threshold": 16.5
          },
          {
            "model": {
              "type": "minecraft:model",
              "model": "tcc:item/dyed_compass/purple/02"
            },
            "threshold": 17.5
          },
          {
            "model": {
              "type": "minecraft:model",
              "model": "tcc:item/dyed_compass/purple/03"
            },
            "threshold": 18.5
          },
          {
            "model": {
              "type": "minecraft:model",
              "model": "tcc:item/dyed_compass/purple/04"
            },
            "threshold": 19.5
          },
          {
            "model": {
              "type": "minecraft:model",
              "model": "tcc:item/dyed_compass/purple/05"
            },
            "threshold": 20.5
          },
          {
            "model": {
              "type": "minecraft:model",
              "model": "tcc:item/dyed_compass/purple/06"
            },
            "threshold": 21.5
          },
          {
            "model": {
              "type": "minecraft:model",
              "model": "tcc:item/dyed_compass/purple/07"
            },
            "threshold": 22.5
          },
          {
            "model": {
              "type": "minecraft:model",
              "model": "tcc:item/dyed_compass/purple/08"
            },
            "threshold": 23.5
          },
          {
            "model": {
              "type": "minecraft:model",
              "model": "tcc:item/dyed_compass/purple/09"
            },
            "threshold": 24.5
          },
          {
            "model": {
              "type": "minecraft:model",
              "model": "tcc:item/dyed_compass/purple/10"
            },
            "threshold": 25.5
          },
          {
            "model": {
              "type": "minecraft:model",
              "model": "tcc:item/dyed_compass/purple/11"
            },
            "threshold": 26.5
          },
          {
            "model": {
              "type": "minecraft:model",
              "model": "tcc:item/dyed_compass/purple/12"
            },
            "threshold": 27.5
          },
          {
            "model": {
              "type": "minecraft:model",
              "model": "tcc:item/dyed_compass/purple/13"
            },
            "threshold": 28.5
          },
          {
            "model": {
              "type": "minecraft:model",
              "model": "tcc:item/dyed_compass/purple/14"
            },
            "threshold": 29.5
          },
          {
            "model": {
              "type": "minecraft:model",
              "model": "tcc:item/dyed_compass/purple/15"
            },
            "threshold": 30.5
          },
          {
            "model": {
              "type": "minecraft:model",
              "model": "tcc:item/dyed_compass/purple/16"
            },
            "threshold": 31.5
          }
        ],
        "property": "minecraft:compass",
        "scale": 32.0,
        "target": "none"
      },
      "property": "minecraft:context_dimension"
    },
    "on_true": {
      "type": "minecraft:range_dispatch",
      "entries": [
        {
          "model": {
            "type": "minecraft:model",
            "model": "tcc:item/dyed_compass/purple/16"
          },
          "threshold": 0.0
        },
        {
          "model": {
            "type": "minecraft:model",
            "model": "tcc:item/dyed_compass/purple/17"
          },
          "threshold": 0.5
        },
        {
          "model": {
            "type": "minecraft:model",
            "model": "tcc:item/dyed_compass/purple/18"
          },
          "threshold": 1.5
        },
        {
          "model": {
            "type": "minecraft:model",
            "model": "tcc:item/dyed_compass/purple/19"
          },
          "threshold": 2.5
        },
        {
          "model": {
            "type": "minecraft:model",
            "model": "tcc:item/dyed_compass/purple/20"
          },
          "threshold": 3.5
        },
        {
          "model": {
            "type": "minecraft:model",
            "model": "tcc:item/dyed_compass/purple/21"
          },
          "threshold": 4.5
        },
        {
          "model": {
            "type": "minecraft:model",
            "model": "tcc:item/dyed_compass/purple/22"
          },
          "threshold": 5.5
        },
        {
          "model": {
            "type": "minecraft:model",
            "model": "tcc:item/dyed_compass/purple/23"
          },
          "threshold": 6.5
        },
        {
          "model": {
            "type": "minecraft:model",
            "model": "tcc:item/dyed_compass/purple/24"
          },
          "threshold": 7.5
        },
        {
          "model": {
            "type": "minecraft:model",
            "model": "tcc:item/dyed_compass/purple/25"
          },
          "threshold": 8.5
        },
        {
          "model": {
            "type": "minecraft:model",
            "model": "tcc:item/dyed_compass/purple/26"
          },
          "threshold": 9.5
        },
        {
          "model": {
            "type": "minecraft:model",
            "model": "tcc:item/dyed_compass/purple/27"
          },
          "threshold": 10.5
        },
        {
          "model": {
            "type": "minecraft:model",
            "model": "tcc:item/dyed_compass/purple/28"
          },
          "threshold": 11.5
        },
        {
          "model": {
            "type": "minecraft:model",
            "model": "tcc:item/dyed_compass/purple/29"
          },
          "threshold": 12.5
        },
        {
          "model": {
            "type": "minecraft:model",
            "model": "tcc:item/dyed_compass/purple/30"
          },
          "threshold": 13.5
        },
        {
          "model": {
            "type": "minecraft:model",
            "model": "tcc:item/dyed_compass/purple/31"
          },
          "threshold": 14.5
        },
        {
          "model": {
            "type": "minecraft:model",
            "model": "tcc:item/dyed_compass/purple/00"
          },
          "threshold": 15.5
        },
        {
          "model": {
            "type": "minecraft:model",
            "model": "tcc:item/dyed_compass/purple/01"
          },
          "threshold": 16.5
        },
        {
          "model": {
            "type": "minecraft:model",
            "model": "tcc:item/dyed_compass/purple/02"
          },
          "threshold": 17.5
        },
        {
          "model": {
            "type": "minecraft:model",
            "model": "tcc:item/dyed_compass/purple/03"
          },
          "threshold": 18.5
        },
        {
          "model": {
            "type": "minecraft:model",
            "model": "tcc:item/dyed_compass/purple/04"
          },
          "threshold": 19.5
        },
        {
          "model": {
            "type": "minecraft:model",
            "model": "tcc:item/dyed_compass/purple/05"
          },
          "threshold": 20.5
        },
        {
          "model": {
            "type": "minecraft:model",
            "model": "tcc:item/dyed_compass/purple/06"
          },
          "threshold": 21.5
        },
        {
          "model": {
            "type": "minecraft:model",
            "model": "tcc:item/dyed_compass/purple/07"
          },
          "threshold": 22.5
        },
        {
          "model": {
            "type": "minecraft:model",
            "model": "tcc:item/dyed_compass/purple/08"
          },
          "threshold": 23.5
        },
        {
          "model": {
            "type": "minecraft:model",
            "model": "tcc:item/dyed_compass/purple/09"
          },
          "threshold": 24.5
        },
        {
          "model": {
            "type": "minecraft:model",
            "model": "tcc:item/dyed_compass/purple/10"
          },
          "threshold": 25.5
        },
        {
          "model": {
            "type": "minecraft:model",
            "model": "tcc:item/dyed_compass/purple/11"
          },
          "threshold": 26.5
        },
        {
          "model": {
            "type": "minecraft:model",
            "model": "tcc:item/dyed_compass/purple/12"
          },
          "threshold": 27.5
        },
        {
          "model": {
            "type": "minecraft:model",
            "model": "tcc:item/dyed_compass/purple/13"
          },
          "threshold": 28.5
        },
        {
          "model": {
            "type": "minecraft:model",
            "model": "tcc:item/dyed_compass/purple/14"
          },
          "threshold": 29.5
        },
        {
          "model": {
            "type": "minecraft:model",
            "model": "tcc:item/dyed_compass/purple/15"
          },
          "threshold": 30.5
        },
        {
          "model": {
            "type": "minecraft:model",
            "model": "tcc:item/dyed_compass/purple/16"
          },
          "threshold": 31.5
        }
      ],
      "property": "minecraft:compass",
      "scale": 32.0,
      "target": "lodestone"
    },
    "property": "minecraft:has_component"
  }
}