{
	"textures": {
		"0": "animated_java:blueprint/compressor/texture",
		"particle": "minecraft:item/pufferfish"
	},
	"display": {
		"head": {
			"rotation": [0, 180, 0]
		}
	},
	"elements": [
		{
			"from": [6.99, 7.69366, 12.34633],
			"to": [9.01, 10.72366, 14.36633],
			"rotation": {
				"angle": -45,
				"axis": "x",
				"origin": [7.495, 2.64366, 13.35633]
			},
			"faces": {
				"north": {
					"uv": [4.75, 5.75, 5, 6.125],
					"texture": "#0"
				},
				"east": {
					"uv": [5.625, 6.5, 5.875, 6.875],
					"texture": "#0"
				},
				"south": {
					"uv": [4.375, 6.625, 4.625, 7],
					"texture": "#0"
				},
				"west": {
					"uv": [3.875, 7.75, 4.125, 8.125],
					"texture": "#0"
				},
				"up": {
					"uv": [7.5, 8.25, 7.25, 8],
					"texture": "#0"
				},
				"down": {
					"uv": [7.875, 8, 7.625, 8.25],
					"texture": "#0"
				}
			}
		},
		{
			"from": [5.98, 10.72366, 11.33633],
			"to": [10.02, 11.73366, 15.37633],
			"rotation": {
				"angle": -45,
				"axis": "x",
				"origin": [7.495, 2.64366, 13.35633]
			},
			"faces": {
				"north": {
					"uv": [8, 8, 8.5, 8.125],
					"texture": "#0"
				},
				"east": {
					"uv": [0, 8.125, 0.5, 8.25],
					"texture": "#0"
				},
				"south": {
					"uv": [0.625, 8.125, 1.125, 8.25],
					"texture": "#0"
				},
				"west": {
					"uv": [8.125, 3.5, 8.625, 3.625],
					"texture": "#0"
				},
				"up": {
					"uv": [4.875, 7.625, 4.375, 7.125],
					"texture": "#0"
				},
				"down": {
					"uv": [5.5, 7.125, 5, 7.625],
					"texture": "#0"
				}
			}
		}
	]
}