{
	"textures": {
		"0": "animated_java:blueprint/compressor/texture",
		"particle": "minecraft:item/pufferfish"
	},
	"display": {
		"head": {
			"rotation": [0, 180, 0]
		}
	},
	"elements": [
		{
			"from": [5.98, 8.505, 5.98],
			"to": [10.02, 9.515, 10.02],
			"rotation": {
				"angle": 45,
				"axis": "x",
				"origin": [8, 8, 8]
			},
			"faces": {
				"north": {
					"uv": [8.125, 5.5, 8.625, 5.625],
					"texture": "#0"
				},
				"east": {
					"uv": [8.125, 5.75, 8.625, 5.875],
					"texture": "#0"
				},
				"south": {
					"uv": [8.125, 6, 8.625, 6.125],
					"texture": "#0"
				},
				"west": {
					"uv": [8.125, 6.25, 8.625, 6.375],
					"texture": "#0"
				},
				"up": {
					"uv": [7.75, 1.75, 7.25, 1.25],
					"texture": "#0"
				},
				"down": {
					"uv": [3, 7.25, 2.5, 7.75],
					"texture": "#0"
				}
			}
		},
		{
			"from": [6.99, 5.475, 6.99],
			"to": [9.01, 8.505, 9.01],
			"rotation": {
				"angle": 45,
				"axis": "x",
				"origin": [8, 8, 8]
			},
			"faces": {
				"north": {
					"uv": [7.875, 0, 8.125, 0.375],
					"texture": "#0"
				},
				"east": {
					"uv": [7.875, 0.5, 8.125, 0.875],
					"texture": "#0"
				},
				"south": {
					"uv": [7.875, 1, 8.125, 1.375],
					"texture": "#0"
				},
				"west": {
					"uv": [2.5, 7.875, 2.75, 8.25],
					"texture": "#0"
				},
				"up": {
					"uv": [8.375, 6.75, 8.125, 6.5],
					"texture": "#0"
				},
				"down": {
					"uv": [8.375, 6.875, 8.125, 7.125],
					"texture": "#0"
				}
			}
		}
	]
}