{
    "model": {
      "type": "minecraft:select",
      "property": "minecraft:custom_model_data",
      "cases": [        
        {
            "when": "pk_waystones:gui_filler",
            "model": {
              "type": "minecraft:model",
              "model": "waystones_rp:custom_gui/waystone/button/filler"
            }
          },
        {"when": "pk_waystones:gui_page_waystones_count_0","model": {"type": "minecraft:model","model": "waystones_rp:custom_gui/waystone/background/background_0"}},
        {"when": "pk_waystones:gui_page_waystones_count_1","model": {"type": "minecraft:model","model": "waystones_rp:custom_gui/waystone/background/background_1"}},
        {"when": "pk_waystones:gui_page_waystones_count_2","model": {"type": "minecraft:model","model": "waystones_rp:custom_gui/waystone/background/background_2"}},
        {"when": "pk_waystones:gui_page_waystones_count_3","model": {"type": "minecraft:model","model": "waystones_rp:custom_gui/waystone/background/background_3"}},
        {"when": "pk_waystones:gui_page_waystones_count_4","model": {"type": "minecraft:model","model": "waystones_rp:custom_gui/waystone/background/background_4"}},
        {"when": "pk_waystones:gui_page_waystones_count_5","model": {"type": "minecraft:model","model": "waystones_rp:custom_gui/waystone/background/background_5"}},
        {"when": "pk_waystones:gui_page_waystones_count_6","model": {"type": "minecraft:model","model": "waystones_rp:custom_gui/waystone/background/background_6"}},
        {"when": "pk_waystones:gui_page_waystones_count_7","model": {"type": "minecraft:model","model": "waystones_rp:custom_gui/waystone/background/background_7"}},
        {"when": "pk_waystones:gui_page_waystones_count_8","model": {"type": "minecraft:model","model": "waystones_rp:custom_gui/waystone/background/background_8"}},
        {"when": "pk_waystones:gui_page_waystones_count_9","model": {"type": "minecraft:model","model": "waystones_rp:custom_gui/waystone/background/background_9"}},
        {"when": "pk_waystones:gui_page_waystones_count_10","model": {"type": "minecraft:model","model": "waystones_rp:custom_gui/waystone/background/background_10"}},
        {"when": "pk_waystones:gui_page_waystones_count_11","model": {"type": "minecraft:model","model": "waystones_rp:custom_gui/waystone/background/background_11"}},
        {"when": "pk_waystones:gui_page_waystones_count_12","model": {"type": "minecraft:model","model": "waystones_rp:custom_gui/waystone/background/background_12"}},
        {"when": "pk_waystones:gui_page_waystones_count_13","model": {"type": "minecraft:model","model": "waystones_rp:custom_gui/waystone/background/background_13"}},
        {"when": "pk_waystones:gui_page_waystones_count_14","model": {"type": "minecraft:model","model": "waystones_rp:custom_gui/waystone/background/background_14"}},
        {"when": "pk_waystones:gui_page_waystones_count_15","model": {"type": "minecraft:model","model": "waystones_rp:custom_gui/waystone/background/background_15"}},
        {"when": "pk_waystones:gui_page_waystones_count_16","model": {"type": "minecraft:model","model": "waystones_rp:custom_gui/waystone/background/background_16"}},
        {"when": "pk_waystones:gui_page_waystones_count_17","model": {"type": "minecraft:model","model": "waystones_rp:custom_gui/waystone/background/background_17"}},
        {"when": "pk_waystones:gui_page_waystones_count_18","model": {"type": "minecraft:model","model": "waystones_rp:custom_gui/waystone/background/background_18"}}

      ],
      "fallback": {
        "type": "minecraft:model",
        "model": "minecraft:item/black_stained_glass_pane"
      }
    },
    "oversized_in_gui": true
  }