{
  "model": {
    "type": "minecraft:composite",
    "models": [
      {
        "type": "minecraft:condition",
        "property": "minecraft:custom_model_data",
        "on_false": {
          "type": "minecraft:model",
          "model": "tcc:entity/geomancer/body/normal"
        },
        "on_true": {
          "type": "minecraft:model",
          "model": "tcc:entity/geomancer/body/hurt"
        }
      },
      {
        "type": "minecraft:condition",
        "property": "minecraft:custom_model_data",
        "on_false": {
          "type": "minecraft:model",
          "model": "tcc:entity/geomancer/necklace/normal"
        },
        "on_true": {
          "type": "minecraft:model",
          "model": "tcc:entity/geomancer/necklace/hurt"
        }
      },
      {
        "type": "minecraft:condition",
        "property": "minecraft:custom_model_data",
        "index": 2,
        "on_false": {
          "type": "minecraft:condition",
          "property": "minecraft:custom_model_data",
          "on_false": {
            "type": "minecraft:model",
            "model": "tcc:entity/geomancer/arms/crossed/normal"
          },
          "on_true": {
            "type": "minecraft:model",
            "model": "tcc:entity/geomancer/arms/crossed/hurt"
          }
        },
        "on_true": {
          "type": "minecraft:condition",
          "property": "minecraft:custom_model_data",
          "on_false": {
            "type": "minecraft:composite",
            "models": [
              {
                "type": "minecraft:model",
                "model": "tcc:entity/geomancer/arms/spellcasting/left/normal"
              },
              {
                "type": "minecraft:model",
                "model": "tcc:entity/geomancer/arms/spellcasting/right/0/normal"
              },
              {
                "type": "minecraft:model",
                "model": "tcc:entity/geomancer/arms/spellcasting/right/1/normal"
              },
              {
                "type": "minecraft:model",
                "model": "tcc:entity/geomancer/arms/spellcasting/right/2/normal"
              },
              {
                "type": "minecraft:model",
                "model": "tcc:entity/geomancer/arms/spellcasting/right/3/normal"
              },
              {
                "type": "minecraft:model",
                "model": "tcc:entity/geomancer/arms/spellcasting/right/4/normal"
              },
              {
                "type": "minecraft:model",
                "model": "tcc:entity/geomancer/arms/spellcasting/right/5/normal"
              },
              {
                "type": "minecraft:model",
                "model": "tcc:entity/geomancer/arms/spellcasting/right/6/normal"
              },
              {
                "type": "minecraft:model",
                "model": "tcc:entity/geomancer/arms/spellcasting/right/7/normal"
              },
              {
                "type": "minecraft:model",
                "model": "tcc:entity/geomancer/arms/spellcasting/right/8/normal"
              },
              {
                "type": "minecraft:model",
                "model": "tcc:entity/geomancer/arms/spellcasting/right/9/normal"
              },
              {
                "type": "minecraft:model",
                "model": "tcc:entity/geomancer/arms/spellcasting/right/10/normal"
              },
              {
                "type": "minecraft:model",
                "model": "tcc:entity/geomancer/arms/spellcasting/right/11/normal"
              }
            ]
          },
          "on_true": {
            "type": "minecraft:composite",
            "models": [
              {
                "type": "minecraft:model",
                "model": "tcc:entity/geomancer/arms/spellcasting/left/hurt"
              },
              {
                "type": "minecraft:model",
                "model": "tcc:entity/geomancer/arms/spellcasting/right/0/hurt"
              },
              {
                "type": "minecraft:model",
                "model": "tcc:entity/geomancer/arms/spellcasting/right/1/hurt"
              },
              {
                "type": "minecraft:model",
                "model": "tcc:entity/geomancer/arms/spellcasting/right/2/hurt"
              },
              {
                "type": "minecraft:model",
                "model": "tcc:entity/geomancer/arms/spellcasting/right/3/hurt"
              },
              {
                "type": "minecraft:model",
                "model": "tcc:entity/geomancer/arms/spellcasting/right/4/hurt"
              },
              {
                "type": "minecraft:model",
                "model": "tcc:entity/geomancer/arms/spellcasting/right/5/hurt"
              },
              {
                "type": "minecraft:model",
                "model": "tcc:entity/geomancer/arms/spellcasting/right/6/hurt"
              },
              {
                "type": "minecraft:model",
                "model": "tcc:entity/geomancer/arms/spellcasting/right/7/hurt"
              },
              {
                "type": "minecraft:model",
                "model": "tcc:entity/geomancer/arms/spellcasting/right/8/hurt"
              },
              {
                "type": "minecraft:model",
                "model": "tcc:entity/geomancer/arms/spellcasting/right/9/hurt"
              },
              {
                "type": "minecraft:model",
                "model": "tcc:entity/geomancer/arms/spellcasting/right/10/hurt"
              },
              {
                "type": "minecraft:model",
                "model": "tcc:entity/geomancer/arms/spellcasting/right/11/hurt"
              }
            ]
          }
        }
      },
      {
        "type": "minecraft:condition",
        "property": "minecraft:custom_model_data",
        "index": 1,
        "on_false": {
          "type": "minecraft:condition",
          "property": "minecraft:custom_model_data",
          "on_false": {
            "type": "minecraft:model",
            "model": "tcc:entity/geomancer/legs/static/normal"
          },
          "on_true": {
            "type": "minecraft:model",
            "model": "tcc:entity/geomancer/legs/static/hurt"
          }
        },
        "on_true": {
          "type": "minecraft:condition",
          "property": "minecraft:custom_model_data",
          "on_false": {
            "type": "minecraft:composite",
            "models": [
              {
                "type": "minecraft:model",
                "model": "tcc:entity/geomancer/legs/left/-4/normal"
              },
              {
                "type": "minecraft:model",
                "model": "tcc:entity/geomancer/legs/left/-3/normal"
              },
              {
                "type": "minecraft:model",
                "model": "tcc:entity/geomancer/legs/left/-2/normal"
              },
              {
                "type": "minecraft:model",
                "model": "tcc:entity/geomancer/legs/left/-1/normal"
              },
              {
                "type": "minecraft:model",
                "model": "tcc:entity/geomancer/legs/left/0/normal"
              },
              {
                "type": "minecraft:model",
                "model": "tcc:entity/geomancer/legs/left/1/normal"
              },
              {
                "type": "minecraft:model",
                "model": "tcc:entity/geomancer/legs/left/2/normal"
              },
              {
                "type": "minecraft:model",
                "model": "tcc:entity/geomancer/legs/left/3/normal"
              },
              {
                "type": "minecraft:model",
                "model": "tcc:entity/geomancer/legs/left/4/normal"
              },
              {
                "type": "minecraft:model",
                "model": "tcc:entity/geomancer/legs/right/-4/normal"
              },
              {
                "type": "minecraft:model",
                "model": "tcc:entity/geomancer/legs/right/-3/normal"
              },
              {
                "type": "minecraft:model",
                "model": "tcc:entity/geomancer/legs/right/-2/normal"
              },
              {
                "type": "minecraft:model",
                "model": "tcc:entity/geomancer/legs/right/-1/normal"
              },
              {
                "type": "minecraft:model",
                "model": "tcc:entity/geomancer/legs/right/0/normal"
              },
              {
                "type": "minecraft:model",
                "model": "tcc:entity/geomancer/legs/right/1/normal"
              },
              {
                "type": "minecraft:model",
                "model": "tcc:entity/geomancer/legs/right/2/normal"
              },
              {
                "type": "minecraft:model",
                "model": "tcc:entity/geomancer/legs/right/3/normal"
              },
              {
                "type": "minecraft:model",
                "model": "tcc:entity/geomancer/legs/right/4/normal"
              }
            ]
          },
          "on_true": {
            "type": "minecraft:composite",
            "models": [
              {
                "type": "minecraft:model",
                "model": "tcc:entity/geomancer/legs/left/-4/hurt"
              },
              {
                "type": "minecraft:model",
                "model": "tcc:entity/geomancer/legs/left/-3/hurt"
              },
              {
                "type": "minecraft:model",
                "model": "tcc:entity/geomancer/legs/left/-2/hurt"
              },
              {
                "type": "minecraft:model",
                "model": "tcc:entity/geomancer/legs/left/-1/hurt"
              },
              {
                "type": "minecraft:model",
                "model": "tcc:entity/geomancer/legs/left/0/hurt"
              },
              {
                "type": "minecraft:model",
                "model": "tcc:entity/geomancer/legs/left/1/hurt"
              },
              {
                "type": "minecraft:model",
                "model": "tcc:entity/geomancer/legs/left/2/hurt"
              },
              {
                "type": "minecraft:model",
                "model": "tcc:entity/geomancer/legs/left/3/hurt"
              },
              {
                "type": "minecraft:model",
                "model": "tcc:entity/geomancer/legs/left/4/hurt"
              },
              {
                "type": "minecraft:model",
                "model": "tcc:entity/geomancer/legs/right/-4/hurt"
              },
              {
                "type": "minecraft:model",
                "model": "tcc:entity/geomancer/legs/right/-3/hurt"
              },
              {
                "type": "minecraft:model",
                "model": "tcc:entity/geomancer/legs/right/-2/hurt"
              },
              {
                "type": "minecraft:model",
                "model": "tcc:entity/geomancer/legs/right/-1/hurt"
              },
              {
                "type": "minecraft:model",
                "model": "tcc:entity/geomancer/legs/right/0/hurt"
              },
              {
                "type": "minecraft:model",
                "model": "tcc:entity/geomancer/legs/right/1/hurt"
              },
              {
                "type": "minecraft:model",
                "model": "tcc:entity/geomancer/legs/right/2/hurt"
              },
              {
                "type": "minecraft:model",
                "model": "tcc:entity/geomancer/legs/right/3/hurt"
              },
              {
                "type": "minecraft:model",
                "model": "tcc:entity/geomancer/legs/right/4/hurt"
              }
            ]
          }
        }
      }
    ]
  }
}