{
  "logical_height": 384,
  "infiniburn": "#minecraft:infiniburn_overworld",
  "ambient_light": 0,
  "attributes": {
    "visual/sun_angle": 80,
    "visual/moon_angle": 180,
    "visual/star_brightness": 1.0,
    "visual/star_angle": 0,
    
    "visual/cloud_color": 0,
    "visual/cloud_fog_end_distance": 200,

    "visual/fog_color": 16748564,

    "visual/sky_color": 16757596,
    "visual/sky_light_color": 16777215,
    "visual/sky_light_factor": 1
  },
  "timelines": [
    "expansion:mars/day"
  ],
  "skybox": "overworld",
  "min_y": -64,
  "height": 384,
  "coordinate_scale": 1,
  "has_skylight": true,
  "has_ceiling": false,
  "monster_spawn_block_light_limit": 0,
  "monster_spawn_light_level": {
    "type": "minecraft:uniform",
      "min_inclusive": 0,
      "max_inclusive": 7
  }
}
