{
  "coordinate_scale": 1,
  "has_skylight": true,
  "has_ceiling": false,
  "min_y": -64,
  "height": 384,
  "logical_height": 384,
  "infiniburn": "#minecraft:infiniburn_nether",
  "ambient_light": 0,
    "attributes": {
      "visual/sun_angle": 80,

      "visual/moon_angle": 180,
      
      "visual/star_brightness": 0.3,
      
      "visual/sky_color": 16759552,
      "visual/cloud_height": 180,
      "visual/cloud_color": -989873408,
      "visual/cloud_fog_end_distance": 1000,

      "visual/fog_color": "#80661E",
      "visual/fog_start_distance": 0,
      "visual/fog_end_distance": 150,
      
      "visual/sky_fog_end_distance": 100,
      
      "visual/sky_light_factor": 1
  },
  "timelines": [
  ],
  "skybox": "overworld",
  "has_fixed_time": false,
  "cardinal_light": "default",
  "monster_spawn_block_light_limit": 0,
  "monster_spawn_light_level": {
    "type": "minecraft:uniform",
      "min_inclusive": 0,
      "max_inclusive": 7
  }
}
