{
  "providers": [
    {
      "type": "space",
      "advances": {
        " ": 1
      }
    },
    {
      "type": "bitmap",
      "file": "tcc:gui/emoji/expressionless.png",
      "ascent": 6,
      "height": 16,
      "chars": [
        "\uc001"
      ]
    },
    {
      "type": "bitmap",
      "file": "tcc:gui/emoji/angry.png",
      "ascent": 6,
      "height": 16,
      "chars": [
        "\uc002"
      ]
    },
    {
      "type": "bitmap",
      "file": "tcc:gui/emoji/confused.png",
      "ascent": 6,
      "height": 16,
      "chars": [
        "\uc003"
      ]
    },
    {
      "type": "bitmap",
      "file": "tcc:gui/emoji/sad.png",
      "ascent": 6,
      "height": 16,
      "chars": [
        "\uc004"
      ]
    },
    {
      "type": "bitmap",
      "file": "tcc:gui/emoji/scared.png",
      "ascent": 6,
      "height": 16,
      "chars": [
        "\uc005"
      ]
    },
    {
      "type": "bitmap",
      "file": "tcc:gui/emoji/queasy.png",
      "ascent": 6,
      "height": 16,
      "chars": [
        "\uc006"
      ]
    },
    {
      "type": "bitmap",
      "file": "tcc:gui/emoji/sobbing.png",
      "ascent": 6,
      "height": 16,
      "chars": [
        "\uc007"
      ]
    },
    {
      "type": "bitmap",
      "file": "tcc:gui/emoji/shrug.png",
      "ascent": 6,
      "height": 16,
      "chars": [
        "\uc008"
      ]
    },
    {
      "type": "bitmap",
      "file": "tcc:gui/emoji/crazy.png",
      "ascent": 6,
      "height": 16,
      "chars": [
        "\uc009"
      ]
    },
    {
      "type": "bitmap",
      "file": "tcc:gui/emoji/cool.png",
      "ascent": 6,
      "height": 16,
      "chars": [
        "\uc010"
      ]
    },
    {
      "type": "bitmap",
      "file": "tcc:gui/emoji/happy.png",
      "ascent": 6,
      "height": 16,
      "chars": [
        "\uc011"
      ]
    },
    {
      "type": "bitmap",
      "file": "tcc:gui/emoji/fancy.png",
      "ascent": 6,
      "height": 16,
      "chars": [
        "\uc012"
      ]
    },
    {
      "type": "bitmap",
      "file": "tcc:gui/emoji/nerd.png",
      "ascent": 6,
      "height": 16,
      "chars": [
        "\uc013"
      ]
    },
    {
      "type": "bitmap",
      "file": "tcc:gui/emoji/mindblown.png",
      "ascent": 6,
      "height": 16,
      "chars": [
        "\uc014"
      ]
    },
    {
      "type": "bitmap",
      "file": "tcc:gui/emoji/eye_roll.png",
      "ascent": 6,
      "height": 16,
      "chars": [
        "\uc015"
      ]
    },
    {
      "type": "bitmap",
      "file": "tcc:gui/emoji/love.png",
      "ascent": 6,
      "height": 16,
      "chars": [
        "\uc016"
      ]
    },
    {
      "type": "bitmap",
      "file": "tcc:gui/emoji/sleepy.png",
      "ascent": 6,
      "height": 16,
      "chars": [
        "\uc017"
      ]
    },
    {
      "type": "bitmap",
      "file": "tcc:gui/emoji/thumbs_up.png",
      "ascent": 6,
      "height": 16,
      "chars": [
        "\uc018"
      ]
    },
    {
      "type": "bitmap",
      "file": "tcc:gui/emoji/thumbs_down.png",
      "ascent": 6,
      "height": 16,
      "chars": [
        "\uc019"
      ]
    },
    {
      "type": "bitmap",
      "file": "tcc:gui/emoji/zombified.png",
      "ascent": 6,
      "height": 16,
      "chars": [
        "\uc020"
      ]
    },
    {
      "type": "bitmap",
      "file": "tcc:gui/emoji/spooky.png",
      "ascent": 6,
      "height": 16,
      "chars": [
        "\uc021"
      ]
    },
    {
      "type": "bitmap",
      "file": "tcc:gui/emoji/staring.png",
      "ascent": 6,
      "height": 16,
      "chars": [
        "\uc022"
      ]
    },
    {
      "type": "bitmap",
      "file": "tcc:gui/emoji/alien.png",
      "ascent": 6,
      "height": 16,
      "chars": [
        "\uc023"
      ]
    },
    {
      "type": "bitmap",
      "file": "tcc:gui/emoji/clown.png",
      "ascent": 6,
      "height": 16,
      "chars": [
        "\uc024"
      ]
    },
    {
      "type": "bitmap",
      "file": "tcc:gui/emoji/creeper.png",
      "ascent": 6,
      "height": 16,
      "chars": [
        "\uc025"
      ]
    },
    {
      "type": "bitmap",
      "file": "tcc:gui/emoji/dab.png",
      "ascent": 6,
      "height": 16,
      "chars": [
        "\uc026"
      ]
    },
    {
      "type": "bitmap",
      "file": "tcc:gui/emoji/flushed.png",
      "ascent": 6,
      "height": 16,
      "chars": [
        "\uc027"
      ]
    },
    {
      "type": "bitmap",
      "file": "tcc:gui/emoji/food.png",
      "ascent": 6,
      "height": 16,
      "chars": [
        "\uc028"
      ]
    },
    {
      "type": "bitmap",
      "file": "tcc:gui/emoji/hollow.png",
      "ascent": 6,
      "height": 16,
      "chars": [
        "\uc029"
      ]
    },
    {
      "type": "bitmap",
      "file": "tcc:gui/emoji/illager.png",
      "ascent": 6,
      "height": 16,
      "chars": [
        "\uc030"
      ]
    },
    {
      "type": "bitmap",
      "file": "tcc:gui/emoji/imp.png",
      "ascent": 6,
      "height": 16,
      "chars": [
        "\uc031"
      ]
    },
    {
      "type": "bitmap",
      "file": "tcc:gui/emoji/pickaxe.png",
      "ascent": 6,
      "height": 16,
      "chars": [
        "\uc032"
      ]
    },
    {
      "type": "bitmap",
      "file": "tcc:gui/emoji/skull.png",
      "ascent": 6,
      "height": 16,
      "chars": [
        "\uc033"
      ]
    },
    {
      "type": "bitmap",
      "file": "tcc:gui/emoji/sword.png",
      "ascent": 6,
      "height": 16,
      "chars": [
        "\uc034"
      ]
    },
    {
      "type": "bitmap",
      "file": "tcc:gui/emoji/troll.png",
      "ascent": 6,
      "height": 16,
      "chars": [
        "\uc035"
      ]
    },
    {
      "type": "bitmap",
      "file": "tcc:gui/emoji/works_as_intended.png",
      "ascent": 6,
      "height": 16,
      "chars": [
        "\uc036"
      ]
    },
    {
      "type": "bitmap",
      "file": "tcc:gui/emoji/facepalm.png",
      "ascent": 6,
      "height": 16,
      "chars": [
        "\uc037"
      ]
    },
    {
      "type": "bitmap",
      "file": "tcc:gui/emoji/laughing.png",
      "ascent": 6,
      "height": 16,
      "chars": [
        "\uc038"
      ]
    },
    {
      "type": "bitmap",
      "file": "tcc:gui/emoji/fire.png",
      "ascent": 6,
      "height": 16,
      "chars": [
        "\uc039"
      ]
    },
    {
      "type": "bitmap",
      "file": "tcc:gui/emoji/pleading.png",
      "ascent": 6,
      "height": 16,
      "chars": [
        "\uc040"
      ]
    },
    {
      "type": "bitmap",
      "file": "tcc:gui/emoji/sparkles.png",
      "ascent": 6,
      "height": 16,
      "chars": [
        "\uc041"
      ]
    },
    {
      "type": "bitmap",
      "file": "tcc:gui/emoji/smirk.png",
      "ascent": 6,
      "height": 16,
      "chars": [
        "\uc042"
      ]
    },
    {
      "type": "bitmap",
      "file": "tcc:gui/emoji/expressionless.png",
      "ascent": 9,
      "height": 13,
      "chars": [
        "\ue001"
      ]
    },
    {
      "type": "bitmap",
      "file": "tcc:gui/emoji/angry.png",
      "ascent": 9,
      "height": 13,
      "chars": [
        "\ue002"
      ]
    },
    {
      "type": "bitmap",
      "file": "tcc:gui/emoji/confused.png",
      "ascent": 9,
      "height": 13,
      "chars": [
        "\ue003"
      ]
    },
    {
      "type": "bitmap",
      "file": "tcc:gui/emoji/sad.png",
      "ascent": 9,
      "height": 13,
      "chars": [
        "\ue004"
      ]
    },
    {
      "type": "bitmap",
      "file": "tcc:gui/emoji/scared.png",
      "ascent": 9,
      "height": 13,
      "chars": [
        "\ue005"
      ]
    },
    {
      "type": "bitmap",
      "file": "tcc:gui/emoji/queasy.png",
      "ascent": 9,
      "height": 13,
      "chars": [
        "\ue006"
      ]
    },
    {
      "type": "bitmap",
      "file": "tcc:gui/emoji/sobbing.png",
      "ascent": 9,
      "height": 13,
      "chars": [
        "\ue007"
      ]
    },
    {
      "type": "bitmap",
      "file": "tcc:gui/emoji/shrug.png",
      "ascent": 10,
      "height": 14,
      "chars": [
        "\ue008"
      ]
    },
    {
      "type": "bitmap",
      "file": "tcc:gui/emoji/crazy.png",
      "ascent": 9,
      "height": 13,
      "chars": [
        "\ue009"
      ]
    },
    {
      "type": "bitmap",
      "file": "tcc:gui/emoji/cool.png",
      "ascent": 9,
      "height": 13,
      "chars": [
        "\ue010"
      ]
    },
    {
      "type": "bitmap",
      "file": "tcc:gui/emoji/happy.png",
      "ascent": 9,
      "height": 13,
      "chars": [
        "\ue011"
      ]
    },
    {
      "type": "bitmap",
      "file": "tcc:gui/emoji/fancy.png",
      "ascent": 9,
      "height": 13,
      "chars": [
        "\ue012"
      ]
    },
    {
      "type": "bitmap",
      "file": "tcc:gui/emoji/nerd.png",
      "ascent": 9,
      "height": 13,
      "chars": [
        "\ue013"
      ]
    },
    {
      "type": "bitmap",
      "file": "tcc:gui/emoji/mindblown.png",
      "ascent": 11,
      "height": 16,
      "chars": [
        "\ue014"
      ]
    },
    {
      "type": "bitmap",
      "file": "tcc:gui/emoji/eye_roll.png",
      "ascent": 9,
      "height": 13,
      "chars": [
        "\ue015"
      ]
    },
    {
      "type": "bitmap",
      "file": "tcc:gui/emoji/love.png",
      "ascent": 11,
      "height": 15,
      "chars": [
        "\ue016"
      ]
    },
    {
      "type": "bitmap",
      "file": "tcc:gui/emoji/sleepy.png",
      "ascent": 10,
      "height": 14,
      "chars": [
        "\ue017"
      ]
    },
    {
      "type": "bitmap",
      "file": "tcc:gui/emoji/thumbs_up.png",
      "ascent": 10,
      "height": 14,
      "chars": [
        "\ue018"
      ]
    },
    {
      "type": "bitmap",
      "file": "tcc:gui/emoji/thumbs_down.png",
      "ascent": 10,
      "height": 14,
      "chars": [
        "\ue019"
      ]
    },
    {
      "type": "bitmap",
      "file": "tcc:gui/emoji/zombified.png",
      "ascent": 9,
      "height": 13,
      "chars": [
        "\ue020"
      ]
    },
    {
      "type": "bitmap",
      "file": "tcc:gui/emoji/spooky.png",
      "ascent": 9,
      "height": 13,
      "chars": [
        "\ue021"
      ]
    },
    {
      "type": "bitmap",
      "file": "tcc:gui/emoji/staring.png",
      "ascent": 9,
      "height": 13,
      "chars": [
        "\ue022"
      ]
    },
    {
      "type": "bitmap",
      "file": "tcc:gui/emoji/alien.png",
      "ascent": 9,
      "height": 12,
      "chars": [
        "\ue023"
      ]
    },
    {
      "type": "bitmap",
      "file": "tcc:gui/emoji/clown.png",
      "ascent": 11,
      "height": 15,
      "chars": [
        "\ue024"
      ]
    },
    {
      "type": "bitmap",
      "file": "tcc:gui/emoji/creeper.png",
      "ascent": 8,
      "height": 10,
      "chars": [
        "\ue025"
      ]
    },
    {
      "type": "bitmap",
      "file": "tcc:gui/emoji/dab.png",
      "ascent": 9,
      "height": 12,
      "chars": [
        "\ue026"
      ]
    },
    {
      "type": "bitmap",
      "file": "tcc:gui/emoji/flushed.png",
      "ascent": 9,
      "height": 13,
      "chars": [
        "\ue027"
      ]
    },
    {
      "type": "bitmap",
      "file": "tcc:gui/emoji/food.png",
      "ascent": 8,
      "height": 10,
      "chars": [
        "\ue028"
      ]
    },
    {
      "type": "bitmap",
      "file": "tcc:gui/emoji/hollow.png",
      "ascent": 9,
      "height": 13,
      "chars": [
        "\ue029"
      ]
    },
    {
      "type": "bitmap",
      "file": "tcc:gui/emoji/illager.png",
      "ascent": 9,
      "height": 13,
      "chars": [
        "\ue030"
      ]
    },
    {
      "type": "bitmap",
      "file": "tcc:gui/emoji/imp.png",
      "ascent": 11,
      "height": 15,
      "chars": [
        "\ue031"
      ]
    },
    {
      "type": "bitmap",
      "file": "tcc:gui/emoji/pickaxe.png",
      "ascent": 8,
      "height": 10,
      "chars": [
        "\ue032"
      ]
    },
    {
      "type": "bitmap",
      "file": "tcc:gui/emoji/skull.png",
      "ascent": 9,
      "height": 12,
      "chars": [
        "\ue033"
      ]
    },
    {
      "type": "bitmap",
      "file": "tcc:gui/emoji/sword.png",
      "ascent": 8,
      "height": 10,
      "chars": [
        "\ue034"
      ]
    },
    {
      "type": "bitmap",
      "file": "tcc:gui/emoji/troll.png",
      "ascent": 10,
      "height": 14,
      "chars": [
        "\ue035"
      ]
    },
    {
      "type": "bitmap",
      "file": "tcc:gui/emoji/works_as_intended.png",
      "ascent": 10,
      "height": 14,
      "chars": [
        "\ue036"
      ]
    },
    {
      "type": "bitmap",
      "file": "tcc:gui/emoji/facepalm.png",
      "ascent": 10,
      "height": 14,
      "chars": [
        "\ue037"
      ]
    },
    {
      "type": "bitmap",
      "file": "tcc:gui/emoji/laughing.png",
      "ascent": 9,
      "height": 13,
      "chars": [
        "\ue038"
      ]
    },
    {
      "type": "bitmap",
      "file": "tcc:gui/emoji/fire.png",
      "ascent": 10,
      "height": 13,
      "chars": [
        "\ue039"
      ]
    },
    {
      "type": "bitmap",
      "file": "tcc:gui/emoji/pleading.png",
      "ascent": 9,
      "height": 13,
      "chars": [
        "\ue040"
      ]
    },
    {
      "type": "bitmap",
      "file": "tcc:gui/emoji/sparkles.png",
      "ascent": 10,
      "height": 13,
      "chars": [
        "\ue041"
      ]
    },
    {
      "type": "bitmap",
      "file": "tcc:gui/emoji/smirk.png",
      "ascent": 9,
      "height": 13,
      "chars": [
        "\ue042"
      ]
    }
  ]
}
