{
    "pools": [
      {
        "rolls": 1,
        "entries": [
          {
            "type": "minecraft:item",
            "name": "minecraft:jigsaw",
            "functions": [
              {
                "function": "minecraft:set_name",
                "name": {
                  "translate": "exp_items_amethoniumingot_name",
                  "italic": false
                },
                "entity": "this"
              },
              {
                "function": "minecraft:set_components",
                "components": 
                {
                  "item_model": "expansion:crafting/amethonium_ingot"
                }
              },
              {
                "function": "minecraft:set_components",
                    "components": {
                    "minecraft:max_stack_size": 64,
                    "!minecraft:max_damage": {},
                    "minecraft:unbreakable": {},
                        "tooltip_display": {"hidden_components":["minecraft:unbreakable"]}
                    }
              },
              {
                "function": "minecraft:set_custom_data",
                "tag": "{exp_item:{name:\"amethonium_ingot\",crafting_count:1,max_stack_size:64}}"
              }
            ]
          }
        ]
      }
    ]
  }