{
  "pools": [
    {
      "rolls": 1,
      "entries": [
        {
          "type": "minecraft:item",
          "name": "minecraft:written_book",
          "functions": [
            {
              "function": "minecraft:set_custom_data",

              "tag": "{exp_guide1:1b}"
            },
            {
              "function": "minecraft:set_name",
              "entity": "this",
              "name": {
                "translate": "exp_guide1_name",
                "italic": false
              }
            },
            {
              "function": "minecraft:set_components",
              "components": {
                "minecraft:item_model": "expansion:guidebook",
                "enchantment_glint_override": false,
                "minecraft:written_book_content": {
                  "title": "Guide To Space Travel",
                  "author": "Von_Leipenstein",
                  "generation": 0
                }
              }
            },
            {
              "function": "minecraft:set_written_book_pages",
              "mode": "replace_all",
              "pages": [
                {
                  "raw": [
                    {
                      "translate":"exp_guide1_title"
                    },
                    {
                      "translate":"exp_guide_thumbnail","color":"white","font":"expansion:default","with":[{"text":"\ufa10"}]
                    },
                    {
                      "translate":"exp_guide1_desc"
                    },
                    {
                      "translate":"exp_guide1_signature"
                    }
                  ]
                },
                {
                  "raw":[
                    {
                      "translate":"exp_guide1_contents"},
                    {
                      "translate":"exp_guide1_contents_chapter1","click_event":{"action":"change_page","page":4},"hover_event":{"action":"show_text","value":[{"translate":"exp_guide1_clicktogo"}]}
                    },
                    {
                      "translate":"exp_guide1_contents_oxygen","click_event":{"action":"change_page","page":4},"hover_event":{"action":"show_text","value":[{"translate":"exp_guide1_clicktogo"}]}
                    },
                    {
                      "translate":"exp_guide1_contents_temperature","click_event":{"action":"change_page","page":5},"hover_event":{"action":"show_text","value":[{"translate":"exp_guide1_clicktogo"}]}
                    },
                    {
                      "translate":"exp_guide1_contents_spacesuit","click_event":{"action":"change_page","page":6},"hover_event":{"action":"show_text","value":[{"translate":"exp_guide1_clicktogo"}]}
                    },
                    {
                      "translate":"exp_guide1_contents_checklist","click_event":{"action":"change_page","page":7},"hover_event":{"action":"show_text","value":[{"translate":"exp_guide1_clicktogo"}]}
                    },
                    {
                      "translate":"exp_guide1_contents_chapter2","click_event":{"action":"change_page","page":8},"hover_event":{"action":"show_text","value":[{"translate":"exp_guide1_clicktogo"}]}
                    },
                    {
                      "translate":"exp_guide1_contents_itemrecipes","click_event":{"action":"change_page","page":8},"hover_event":{"action":"show_text","value":[{"translate":"exp_guide1_clicktogo"}]}
                    },
                    {
                      "translate":"exp_guide1_contents_blockrecipes","click_event":{"action":"change_page","page":9},"hover_event":{"action":"show_text","value":[{"translate":"exp_guide1_clicktogo"}]}
                    },
                    {
                      "translate":"exp_guide1_contents_toolrecipes","click_event":{"action":"change_page","page":10},"hover_event":{"action":"show_text","value":[{"translate":"exp_guide1_clicktogo"}]}
                    },
                    {
                      "translate":"exp_guide1_contents_armorrecipes","click_event":{"action":"change_page","page":11},"hover_event":{"action":"show_text","value":[{"translate":"exp_guide1_clicktogo"}]}
                    },
                    {
                      "translate":"exp_guide1_contents_vehiclerecipes","click_event":{"action":"change_page","page":12},"hover_event":{"action":"show_text","value":[{"translate":"exp_guide1_clicktogo"}]}
                    }
                  ]
                },
                {
                  "raw": [
                    {
                      "translate":"exp_guide1_contents"
                    },
                    {
                      "translate":"exp_guide1_contents_chapter3","click_event":{"action":"change_page","page":13},"hover_event":{"action":"show_text","value":[{"translate":"exp_guide1_clicktogo"}]}
                    },
                    {
                      "translate":"exp_guide1_contents_moon","click_event":{"action":"change_page","page":13},"hover_event":{"action":"show_text","value":[{"translate":"exp_guide1_clicktogo"}]}
                    },
                    {
                      "translate":"exp_guide1_contents_mars","click_event":{"action":"change_page","page":14},"hover_event":{"action":"show_text","value":[{"translate":"exp_guide1_clicktogo"}]}
                    },
                    {
                      "translate":"exp_guide1_contents_venus","click_event":{"action":"change_page","page":15},"hover_event":{"action":"show_text","value":[{"translate":"exp_guide1_clicktogo"}]}
                    },
                    {
                      "translate":"exp_guide1_contents_jupiter","click_event":{"action":"change_page","page":16},"hover_event":{"action":"show_text","value":[{"translate":"exp_guide1_clicktogo"}]}
                    },
                    {
                      "translate":"exp_guide1_contents_europa","click_event":{"action":"change_page","page":17},"hover_event":{"action":"show_text","value":[{"translate":"exp_guide1_clicktogo"}]}
                    },
                    {
                      "translate":"exp_guide1_contents_asteroids","click_event":{"action":"change_page","page":18},"hover_event":{"action":"show_text","value":[{"translate":"exp_guide1_clicktogo"}]}
                    }
                  ]
                },
                {
                  "raw": [
                    {
                      "translate":"exp_guide1_oxygen_body"
                    }
                  ]
                },
                {
                  "raw": [
                    {
                      "translate":"exp_guide1_temperature_body"
                    }
                  ]
                },
                {
                  "raw": [
                    {
                      "translate":"exp_guide1_spacesuit_body"
                    }
                  ]
                },
                {
                  "raw": [
                    {
                      "translate":"exp_guide1_checklist_title"
                    },
                    {
                      "translate":"exp_guide1_checklist_body"
                    }
                  ]
                },
                {
                  "raw": [
                    {
                      "translate":"exp_guide1_itemrecipes"
                    },
                    {
                      "translate":"exp_guide1_steeltier"
                    },
                    {
                      "translate":"exp_guide_item_display",
                      "color":"white",
                      "font":"expansion:default",
                      "with":[
                        {
                          "text":"\uff00",
                          "hover_event": {
                            "action":"show_text",
                            "value": [
                              {"translate":"exp_items_steelingot_name"},
                              {"translate":"exp_guide_item_hover","color":"white","font":"expansion:default","with":[{"text":"\uff50"}]},
                              {"translate":"exp_guide_craftedin"},
                              {"translate":"exp_guide_item_display","color":"white","font":"expansion:default","with":[{"text":"\uff20\n"}]}
                            ]
                          }
                        }
                      ]
                    },
                    {
                      "translate":"exp_guide_item_display",
                      "color":"white",
                      "font":"expansion:default",
                      "with": [
                        {
                          "text":"\uff02",
                          "hover_event": {
                            "action":"show_text",
                            "value": [
                              {"translate":"exp_items_steelplate_name"},
                              {"translate":"exp_guide_item_hover","color":"white","font":"expansion:default","with":[{"text":"\uff52"}]},
                              {"translate":"exp_guide_craftedin"},
                              {"translate":"exp_guide_item_display","color":"white","font":"expansion:default","with":[{"text":"\uff21\n"}]}
                            ]
                          }
                        }
                      ]
                    },
                    {
                      "translate":"exp_guide_item_display",
                      "color":"white",
                      "font":"expansion:default",
                      "with": [
                        {
                          "text":"\uff03",
                          "hover_event": {
                            "action":"show_text",
                            "value": [
                              {"translate":"exp_items_gear_name"},
                              {"translate":"exp_guide_item_hover","color":"white","font":"expansion:default","with":[{"text":"\uff53"}]},
                              {"translate":"exp_guide_craftedin"},
                              {"translate":"exp_guide_item_display","color":"white","font":"expansion:default","with":[{"text":"\uff21\n"}]}
                            ]
                          }
                        }
                      ]
                    },
                    {
                      "translate":"exp_guide_item_display",
                      "color":"white",
                      "font":"expansion:default",
                      "with": [
                        {
                          "text":"\uff04",
                          "hover_event": {
                            "action":"show_text",
                            "value": [
                              {"translate":"exp_items_fan_name"},
                              {"translate":"exp_guide_item_hover","color":"white","font":"expansion:default","with":[{"text":"\uff94"}]},
                              {"translate":"exp_guide_craftedin"},
                              {"translate":"exp_guide_item_display","color":"white","font":"expansion:default","with":[{"text":"\uff21\n"}]}
                            ]
                          }
                        }
                      ]
                    },
                    {
                      "translate":"exp_guide_item_display",
                      "color":"white",
                      "font":"expansion:default","with":[
                        {
                          "text":"\uff05",
                          "hover_event": {
                            "action":"show_text",
                            "value": [
                              {"translate":"exp_items_copper_wire_name"},
                              {"translate":"exp_guide_item_hover","color":"white","font":"expansion:default","with":[{"text":"\uff54"}]},
                              {"translate":"exp_guide_craftedin"},
                              {"translate":"exp_guide_item_display","color":"white","font":"expansion:default","with":[{"text":"\uff21\n"}]}
                            ]
                          }
                        }
                      ]
                    },
                    {
                      "translate":"exp_guide_item_display",
                      "color":"white",
                      "font":"expansion:default",
                      "with":[
                        {
                          "text":"\uff06",
                          "hover_event":{
                            "action":"show_text",
                            "value":[
                              {"translate":"exp_items_simplemechanism_name"},
                              {"translate":"exp_guide_item_hover","color":"white","font":"expansion:default","with":[{"text":"\uff55"}]},
                              {"translate":"exp_guide_craftedin"},
                              {"translate":"exp_guide_item_display","color":"white","font":"expansion:default","with":[{"text":"\uff21\n"}]}
                            ]
                          }
                        }
                      ]
                    },
                    {
                      "text":"\n\n"
                    },
                    {
                      "translate":"exp_guide_item_display",
                      "color":"white",
                      "font":"expansion:default",
                      "with":[
                        {
                          "text":"\uff07",
                          "hover_event":{
                            "action":"show_text",
                            "value":[
                              {"translate":"exp_items_cpu_name"},
                              {"translate":"exp_guide_item_hover","color":"white","font":"expansion:default","with":[{"text":"\uff56"}]},
                              {"translate":"exp_guide_craftedin"},
                              {"translate":"exp_guide_item_display","color":"white","font":"expansion:default","with":[{"text":"\uff21\n"}]}
                            ]
                          }
                        }
                      ]                    
                    },
                    {
                      "translate":"exp_guide_item_display",
                      "color":"white",
                      "font":"expansion:default",
                      "with":[
                        {
                          "text":"\uff08",
                          "hover_event":{
                            "action":"show_text",
                            "value":[
                              {"translate":"exp_items_oxygenfilter_name"},
                              {"translate":"exp_guide_item_hover","color":"white","font":"expansion:default","with":[{"text":"\uff57"}]},
                              {"translate":"exp_guide_craftedin"},
                              {"translate":"exp_guide_item_display","color":"white","font":"expansion:default","with":[{"text":"\uff21\n"}]}
                            ]
                          }
                        }
                      ]
                    },
                    {
                      "translate":"exp_guide_item_display",
                      "color":"white",
                      "font":"expansion:default",
                      "with":[
                        {
                          "text":"\uff10",
                          "hover_event":{
                            "action":"show_text",
                            "value":[
                              {"translate":"exp_items_electromagnet_name"},
                              {"translate":"exp_guide_item_hover","color":"white","font":"expansion:default","with":[{"text":"\uff58"}]},
                              {"translate":"exp_guide_craftedin"},
                              {"translate":"exp_guide_item_display","color":"white","font":"expansion:default","with":[{"text":"\uff21\n"}]}
                            ]
                          }
                        }
                      ]
                    },
                    {
                      "translate":"exp_guide_item_display",
                      "color":"white",
                      "font":"expansion:default",
                      "with":[
                        {
                          "text":"\uff11",
                          "hover_event":{
                            "action":"show_text",
                            "value":[
                              {"translate":"exp_items_elektromotor_name"},
                              {"translate":"exp_guide_item_hover","color":"white","font":"expansion:default","with":[{"text":"\uff59"}]},
                              {"translate":"exp_guide_craftedin"},
                              {"translate":"exp_guide_item_display","color":"white","font":"expansion:default","with":[{"text":"\uff21\n"}]}
                            ]
                          }
                        }
                      ]
                    },
                    {
                      "text":" "
                    },
                    {
                      "translate":"exp_guide_item_display",
                      "color":"white",
                      "font":"expansion:default",
                      "with":[
                        {
                          "text":"\uff13",
                          "hover_event":{
                            "action":"show_text",
                            "value":[
                              {"translate":"exp_items_thruster_name"},
                              {"translate":"exp_guide_item_hover","color":"white","font":"expansion:default","with":[{"text":"\uff61"}]},
                              {"translate":"exp_guide_craftedin"},
                              {"translate":"exp_guide_item_display","color":"white","font":"expansion:default","with":[{"text":"\uff21\n"}]}
                            ]
                          }
                        }
                      ]
                    },
                    {
                      "translate":"exp_guide_item_display",
                      "color":"white",
                      "font":"expansion:default",
                      "with":[
                        {
                          "text":"\ufb08",
                          "hover_event":{
                            "action":"show_text",
                            "value":[
                              {"translate":"exp_items_monochromemonitor_name"},
                              {"translate":"exp_guide_item_hover","color":"white","font":"expansion:default","with":[{"text":"\ufb07"}]},
                              {"translate":"exp_guide1_tintedglasstip"},
                              {"translate":"exp_guide_craftedin"},
                              {"translate":"exp_guide_item_display","color":"white","font":"expansion:default","with":[{"text":"\uff21\n"}]}
                            ]
                          }
                        }
                      ]
                    },
                    {
                      "translate":"exp_guide1_amethoniumtier"
                    },
                    {
                      "translate":"exp_guide_item_display",
                      "color":"white",
                      "font":"expansion:default",
                      "with":[
                        {
                          "text":"\uff01",
                          "hover_event":{
                            "action":"show_text",
                            "value":[
                              {"translate":"exp_items_amethoniumingot_name"},
                              {"translate":"exp_guide_item_hover","color":"white","font":"expansion:default","with":[{"text":"\uff51"}]},
                              {"translate":"exp_guide_craftedin"},
                              {"translate":"exp_guide_item_display","color":"white","font":"expansion:default","with":[{"text":"\uff20\n"}]}
                            ]
                          }
                        }
                      ]
                    },
                    {
                      "translate":"exp_guide_item_display",
                      "color":"white",
                      "font":"expansion:default",
                      "with":[
                        {
                          "text":"\uff14",
                          "hover_event":{
                            "action":"show_text",
                            "value":[
                              {"translate":"exp_items_amethoniumplate_name"},
                              {"translate":"exp_guide_item_hover","color":"white","font":"expansion:default","with":[{"text":"\uff62"}]},
                              {"translate":"exp_guide_craftedin"},
                              {"translate":"exp_guide_item_display","color":"white","font":"expansion:default","with":[{"text":"\uff21\n"}]}
                            ]
                          }
                        }
                      ]
                    },
                    {
                      "translate":"exp_guide_item_display",
                      "color":"white",
                      "font":"expansion:default",
                      "with":[
                        {
                          "text":"\uff15",
                          "hover_event":{
                            "action":"show_text",
                            "value":[
                              {"translate":"exp_items_circuitboard_name"},
                              {"translate":"exp_guide_item_hover","color":"white","font":"expansion:default","with":[{"text":"\uff63"}]},
                              {"translate":"exp_guide_craftedin"},
                              {"translate":"exp_guide_item_display","color":"white","font":"expansion:default","with":[{"text":"\uff21\n"}]}
                            ]
                          }
                        }
                      ]
                    },
                    {
                      "translate":"exp_guide_item_display",
                      "color":"white",
                      "font":"expansion:default",
                      "with":[
                        {
                          "text":"\uff16",
                          "hover_event":{
                            "action":"show_text",
                            "value":[
                              {"translate":"exp_items_complexmechanism_name"},
                              {"translate":"exp_guide_item_hover","color":"white","font":"expansion:default","with":[{"text":"\uff64"}]},
                              {"translate":"exp_guide_craftedin"},
                              {"translate":"exp_guide_item_display","color":"white","font":"expansion:default","with":[{"text":"\uff21\n"}]}
                            ]
                          }
                        }
                      ]
                    },
                    {
                      "translate":"exp_guide_item_display",
                      "color":"white",
                      "font":"expansion:default",
                      "with":[
                        {
                          "text":"\uff17",
                          "hover_event":{
                            "action":"show_text",
                            "value":[
                              {"translate":"exp_items_robotarm_name"},
                              {"translate":"exp_guide_item_hover","color":"white","font":"expansion:default","with":[{"text":"\uff65"}]},
                              {"translate":"exp_guide_craftedin"},
                              {"translate":"exp_guide_item_display","color":"white","font":"expansion:default","with":[{"text":"\uff21\n"}]}
                            ]
                          }
                        }
                      ]
                    },
                    {
                      "translate":"exp_guide_item_display",
                      "color":"white",
                      "font":"expansion:default",
                      "with":[
                        {
                          "text":"\uff18",
                          "hover_event":{
                            "action":"show_text",
                            "value":[
                              {"translate":"exp_items_coolingelement_name"},
                              {"translate":"exp_guide_item_hover","color":"white","font":"expansion:default","with":[{"text":"\uff66"}]},
                              {"translate":"exp_guide_craftedin"},
                              {"translate":"exp_guide_item_display","color":"white","font":"expansion:default","with":[{"text":"\uff21\n"}]}
                            ]
                          }
                        }
                      ]
                    },
                    {
                      "text":"\n\n"
                    },
                    {
                      "translate":"exp_guide_item_display",
                      "color":"white",
                      "font":"expansion:default",
                      "with":[
                        {
                          "text":"\uff19",
                          "hover_event":{
                            "action":"show_text",
                            "value":[
                              {"translate":"exp_items_heatingelement_name"},
                              {"translate":"exp_guide_item_hover","color":"white","font":"expansion:default","with":[{"text":"\uff67"}]},
                              {"translate":"exp_guide_craftedin"},
                              {"translate":"exp_guide_item_display","color":"white","font":"expansion:default","with":[{"text":"\uff21\n"}]}
                            ]
                          }
                        }
                      ]
                    }
                  ]
                },
                {
                  "raw": [
                    {
                      "translate":"exp_guide1_blockrecipes"
                    },
                    {
                      "translate":"exp_guide1_craftingstations"
                    },
                    {
                      "translate":"exp_guide_item_display",
                      "color":"white",
                      "font":"expansion:default"
                      ,"with":[
                        {
                          "text":"\uff20 ",
                          "hover_event":{
                            "action":"show_text",
                            "value":[
                              {"translate":"exp_blocks_arcfurnace_name"},
                              {"translate":"exp_guide1_arcfurnace_tip"},
                              {"translate":"exp_guide_item_hover","color":"white","font":"expansion:default","with":[{"text":"\uff68"}]},
                              {"translate":"exp_guide_craftedin"},
                              {"translate":"exp_guide_item_display","color":"white","font":"expansion:default","with":[{"text":"\uff33"}]},
                              {"translate":"exp_guide_item_display","color":"white","font":"expansion:default","with":[{"text":"\uff21\n"}]}
                            ]
                          }
                        }
                      ]
                    },
                    {
                      "translate":"exp_guide_item_display",
                      "color":"white",
                      "font":"expansion:default",
                      "with":[
                        {
                          "text":"\uff21",
                          "hover_event":{
                            "action":"show_text",
                            "value":[
                              {"translate":"exp_blocks_fabricator_name"},
                              {"translate":"exp_guide1_fabricator_tip"},
                              {"translate":"exp_guide_item_hover","color":"white","font":"expansion:default","with":[{"text":"\ufa06"}]},
                              {"translate":"exp_guide1_fabricator_craft"},
                              {"translate":"exp_guide_item_hover","color":"white","font":"expansion:default","with":[{"text":"\uff69"}]},
                              {"translate":"exp_guide_craftedin"},
                              {"translate":"exp_guide_item_display","color":"white","font":"expansion:default","with":[{"text":"\uff21\n"}]}
                            ]
                          }
                        }
                      ]
                    },
                    {
                      "translate":"exp_guide_item_display",
                      "color":"white",
                      "font":"expansion:default",
                      "with":[
                        {
                          "text":"\uff22",
                          "hover_event":{
                            "action":"show_text",
                            "value":[
                              {"translate":"exp_blocks_assembler_name"},
                              {"translate":"exp_guide1_assembler_tip"},
                              {"translate":"exp_guide_item_hover","color":"white","font":"expansion:default","with":[{"text":"\uff70"}]},
                              {"translate":"exp_guide_craftedin"},
                              {"translate":"exp_guide_item_display","color":"white","font":"expansion:default","with":[{"text":"\uff21\n"}]}
                            ]
                          }
                        }
                      ]
                    },
                    {
                      "translate":"exp_guide1_oxygenutility"
                    },
                    {
                      "translate":"exp_guide_item_display",
                      "color":"white",
                      "font":"expansion:default",
                      "with":[
                        {
                          "text":"\uff23",
                          "hover_event":{
                            "action":"show_text",
                            "value":[
                              {"translate":"exp_blocks_compressor_name"},
                              {"translate":"exp_guide1_compressor_tip"},
                              {"translate":"exp_guide_item_hover","color":"white","font":"expansion:default","with":[{"text":"\uff71"}]},
                              {"translate":"exp_guide_craftedin"},
                              {"translate":"exp_guide_item_display","color":"white","font":"expansion:default","with":[{"text":"\uff21\n"}]}
                            ]
                          }
                        }
                      ]
                    },
                    {
                      "translate":"exp_guide_item_display",
                      "color":"white",
                      "font":"expansion:default",
                      "with":[
                        {
                          "text":"\uff24",
                          "hover_event":{
                            "action":"show_text",
                            "value":[
                              {"translate":"exp_blocks_oxygenator_name"},
                              {"translate":"exp_guide1_oxygenator_tip"},
                              {"translate":"exp_guide_item_hover","color":"white","font":"expansion:default","with":[{"text":"\uff72"}]},
                              {"translate":"exp_guide_craftedin"},
                              {"translate":"exp_guide_item_display","color":"white","font":"expansion:default","with":[{"text":"\uff21\n"}]}
                            ]
                          }
                        }
                      ]
                    },
                    {
                      "translate":"exp_guide_item_display",
                      "color":"white",
                      "font":"expansion:default",
                      "with":[
                        {
                          "text":"\uff25",
                          "hover_event":{
                            "action":"show_text",
                            "value":[
                              {"translate":"exp_blocks_terraformer_name"},
                              {"translate":"exp_guide1_terraformer_tip"},
                              {"translate":"exp_guide_item_hover","color":"white","font":"expansion:default","with":[{"text":"\uff73"}]},
                              {"translate":"exp_guide_craftedin"},
                              {"translate":"exp_guide_item_display","color":"white","font":"expansion:default","with":[{"text":"\uff21\n"}]}
                            ]
                          }
                        }
                      ]
                    },
                    {
                      "translate":"exp_guide1_otherblocks"
                    },
                    {
                      "translate":"exp_guide_item_display",
                      "color":"white",
                      "font":"expansion:default",
                      "with":[
                        {
                          "text":"\uff27",
                          "hover_event":{
                            "action":"show_text",
                            "value":[
                              {"translate":"exp_blocks_extractor_name"},
                              {"translate":"exp_guide1_extractor_tip"},
                              {"translate":"exp_guide_item_hover","color":"white","font":"expansion:default","with":[{"text":"\uff74"}]},
                              {"translate":"exp_guide_craftedin"},
                              {"translate":"exp_guide_item_display","color":"white","font":"expansion:default","with":[{"text":"\uff21\n"}]}
                            ]
                          }
                        }
                      ]
                    },
                    {
                      "translate":"exp_guide_item_display",
                      "color":"white",
                      "font":"expansion:default",
                      "with":[
                        {
                          "text":"\uff26",
                          "hover_event":{
                            "action":"show_text",
                            "value":[
                              {"translate":"exp_blocks_planetarium_name"},
                              {"translate":"exp_guide1_planetarium_tip"},
                              {"translate":"exp_guide_item_hover","color":"white","font":"expansion:default","with":[{"text":"\uff75"}]},
                              {"translate":"exp_guide_craftedin"},
                              {"translate":"exp_guide_item_display","color":"white","font":"expansion:default","with":[{"text":"\uff21\n"}]}
                            ]
                          }
                        }
                      ]
                    },
                    {
                      "translate":"exp_guide_item_display",
                      "color":"white",
                      "font":"expansion:default",
                      "with":[
                        {
                          "text":"\uff28",
                          "hover_event":{
                            "action":"show_text",
                            "value":[
                              {"translate":"exp_blocks_enhancer_name"},
                              {"translate":"exp_guide1_enhancer_tip"},
                              {"translate":"exp_guide_item_hover","color":"white","font":"expansion:default","with":[{"text":"\uff76"}]},
                              {"translate":"exp_guide_craftedin"},
                              {"translate":"exp_guide_item_display","color":"white","font":"expansion:default","with":[{"text":"\uff21\n"}]}
                            ]
                          }
                        }
                      ]
                    },
                    {
                      "translate":"exp_guide_item_display",
                      "color":"white",
                      "font":"expansion:default",
                      "with":[
                        {
                          "text":"\uff29",
                          "hover_event":{
                            "action":"show_text",
                            "value":[
                              {"translate":"exp_blocks_teslacoil_name"},
                              {"translate":"exp_guide1_teslacoil_tip"},
                              {"translate":"exp_guide_item_hover","color":"white","font":"expansion:default","with":[{"text":"\ufb02"}]},
                              {"translate":"exp_guide_craftedin"},
                              {"translate":"exp_guide_item_display","color":"white","font":"expansion:default","with":[{"text":"\uff21\n"}]}
                            ]
                          }
                        }
                      ]
                    },
                    {
                      "translate":"exp_guide_item_display",
                      "color":"white",
                      "font":"expansion:default",
                      "with":[
                        {
                          "text":"\ufb10",
                          "hover_event":{
                            "action":"show_text",
                            "value":[
                              {"translate":"exp_blocks_modstation_name"},
                              {"translate":"exp_guide1_modstation_tip"},
                              {"translate":"exp_guide_item_hover","color":"white","font":"expansion:default","with":[{"text":"\ufb03"}]},
                              {"translate":"exp_guide_craftedin"},
                              {"translate":"exp_guide_item_display","color":"white","font":"expansion:default","with":[{"text":"\uff21\n"}]}
                            ]
                          }
                        }
                      ]
                    }
                  ]
                },
                {
                  "raw": [
                    {
                      "translate":"exp_guide1_toolrecipes"
                    },
                    {
                      "translate":"exp_guide1_oxygentools"
                    },
                    {
                      "translate":"exp_guide_item_display",
                      "color":"white",
                      "font":"expansion:default",
                      "with":[
                        {
                          "text":"\uff09",
                          "hover_event":{
                            "action":"show_text",
                            "value":[
                              {"translate":"exp_tools_oxygentank_name"},{"translate":"exp_modules_mk1"},
                              {"translate":"exp_guide1_oxygentank_lore"},
                              {"translate":"exp_guide_item_hover","color":"white","font":"expansion:default","with":[{"text":"\uff78"}]},
                              {"translate":"exp_guide_craftedin"},{"translate":"exp_guide_item_display","color":"white","font":"expansion:default","with":[{"text":"\uff21\n"}]},
                              {"translate":"exp_modules_guidelore"},{"translate":"exp_guide_item_display","color":"white","font":"expansion:default","with":[{"text":"\uff28\n"}]}
                            ]
                          }
                        }
                      ]
                    },
                    {
                      "translate":"exp_guide_item_display",
                      "color":"white",
                      "font":"expansion:default",
                      "with":[
                        {
                          "text":"\ufa11",
                          "hover_event":{
                            "action":"show_text",
                            "value":[
                              {"translate":"exp_tools_oxygentank_name"},{"translate":"exp_modules_mk2"},
                              {"translate":"exp_guide1_oxygentankmk2_lore"},
                              {"translate":"exp_guide_item_hover","color":"white","font":"expansion:default","with":[{"text":"\ufa12"}]},
                              {"translate":"exp_guide_craftedin"},{"translate":"exp_guide_item_display","color":"white","font":"expansion:default","with":[{"text":"\uff21\n"}]},
                              {"translate":"exp_modules_guidelore"},{"translate":"exp_guide_item_display","color":"white","font":"expansion:default","with":[{"text":"\uff28\n"}]}
                            ]
                          }
                        }
                      ]
                    },
                    {
                      "translate":"exp_guide1_fuelcells"
                    },
                    {
                      "translate":"exp_guide_item_display",
                      "color":"white",
                      "font":"expansion:default",
                      "with":[
                        {
                          "text":"\ufa39",
                          "hover_event":{
                            "action":"show_text",
                            "value":[
                              {"translate":"exp_tools_fuelcell_name"},{"translate":"exp_modules_mk1"},
                              {"translate":"exp_guide1_fuelcell_lore"},
                              {"translate":"exp_guide_item_hover","color":"white","font":"expansion:default","with":[{"text":"\ufa40"}]},
                              {"translate":"exp_guide_craftedin"},{"translate":"exp_guide_item_display","color":"white","font":"expansion:default","with":[{"text":"\uff21\n"}]}
                            ]
                          }
                        }
                      ]
                    },
                    {
                      "translate":"exp_guide_item_display",
                      "color":"white",
                      "font":"expansion:default",
                      "with":[
                        {
                          "text":"\ufa41",
                          "hover_event":{
                            "action":"show_text",
                            "value":[
                              {"translate":"exp_tools_fuelcell_name"},{"translate":"exp_modules_mk2"},
                              {"translate":"exp_guide1_fuelcell_lore"},{"translate":"exp_guide1_fuelcellmk2_lore"},
                              {"translate":"exp_guide_item_hover","color":"white","font":"expansion:default","with":[{"text":"\ufa42"}]},
                              {"translate":"exp_guide_craftedin"},{"translate":"exp_guide_item_display","color":"white","font":"expansion:default","with":[{"text":"\uff21\n"}]}
                            ]
                          }
                        }
                      ]
                    },
                    {
                      "translate":"exp_guide1_weapons"
                    },
                    {
                      "translate":"exp_guide_item_display",
                      "color":"white",
                      "font":"expansion:default",
                      "with":[
                        {
                          "text":"\uff36",
                            "hover_event":{
                            "action":"show_text",
                            "value":[
                              {"translate":"exp_weapons_railgun_name"},
                              {"translate":"exp_guide1_railgun_tip"},
                              {"translate":"exp_guide_item_hover","color":"white","font":"expansion:default","with":[{"text":"\uff79"}]},
                              {"translate":"exp_guide_craftedin"},{"translate":"exp_guide_item_display","color":"white","font":"expansion:default","with":[{"text":"\uff22\n"}]}
                            ]
                          }
                        }
                      ]
                    },
                    {
                      "translate":"exp_guide_item_display",
                      "color":"white",
                      "font":"expansion:default",
                      "with":[
                        {
                          "text":"\uff37",
                          "hover_event":{
                            "action":"show_text","value":[{"translate":"exp_tools_cryoblaster_name"},
                            {"translate":"exp_guide1_cryoblaster_tip"},
                            {"translate":"exp_guide_item_hover","color":"white","font":"expansion:default","with":[{"text":"\uff80"}]},
                            {"translate":"exp_guide_craftedin"},{"translate":"exp_guide_item_display","color":"white","font":"expansion:default","with":[{"text":"\uff22\n"}]}
                            ]
                          }
                        }
                      ]
                    },
                    {
                      "translate":"exp_guide1_othertools"
                    },
                    {
                      "translate":"exp_guide_item_display",
                      "color":"white",
                      "font":"expansion:default",
                      "with":[
                        {
                          "text":"\uff38",
                          "hover_event":{
                            "action":"show_text",
                            "value":[
                              {"translate":"exp_tools_wrench_name"},
                              {"translate":"exp_guide1_wrench_tip"},
                              {"translate":"exp_guide_item_hover","color":"white","font":"expansion:default","with":[{"text":"\uff81"}]},
                              {"translate":"exp_guide_craftedin"},{"translate":"exp_guide_item_display","color":"white","font":"expansion:default","with":[{"text":"\uff21\n"}]}
                            ]
                          }
                        }
                      ]
                    },
                    {
                      "translate":"exp_guide_item_display",
                      "color":"white",
                      "font":"expansion:default",
                      "with":[
                        {
                          "text":"\ufa35",
                          "hover_event":{
                            "action":"show_text",
                            "value":[
                              {"translate":"exp_tools_repairkit_name"},
                              {"translate":"exp_guide1_repairkit_tip"},
                              {"translate":"exp_guide_item_hover","color":"white","font":"expansion:default","with":[{"text":"\ufa36"}]},
                              {"translate":"exp_guide_craftedin"},{"translate":"exp_guide_item_display","color":"white","font":"expansion:default","with":[{"text":"\uff21\n"}]}
                            ]
                          }
                        }
                      ]
                    },
                    {
                      "translate":"exp_guide_item_display",
                      "color":"white",
                      "font":"expansion:default",
                      "with":[
                        {
                          "text":"\ufa37",
                          "hover_event":{
                            "action":"show_text",
                            "value":[
                              {"translate":"exp_tools_thermometer_name"},
                              {"translate":"exp_guide1_thermometer_tip"},
                              {"translate":"exp_guide_item_hover","color":"white","font":"expansion:default","with":[{"text":"\ufa38"}]},
                              {"translate":"exp_guide_craftedin"},{"translate":"exp_guide_item_display","color":"white","font":"expansion:default","with":[{"text":"\uff21\n"}]}
                            ]
                          }
                        }
                      ]
                    },
                    {
                      "translate":"exp_guide_item_display",
                      "color":"white",
                      "font":"expansion:default",
                      "with":[
                        {
                          "text":"\ufb09",
                          "hover_event":{
                            "action":"show_text",
                            "value":[
                              {"translate":"exp_drone_name"},
                              {"translate":"exp_guide1_drone_tip"},
                              {"translate":"exp_guide_item_hover","color":"white","font":"expansion:default","with":[{"text":"\ufb04"}]},
                              {"translate":"exp_guide_craftedin"},{"translate":"exp_guide_item_display","color":"white","font":"expansion:default","with":[{"text":"\uff22\n"}]}
                            ]
                          }
                        }
                      ]
                    },
                    {
                      "translate":"exp_guide_item_display",
                      "color":"white",
                      "font":"expansion:default",
                      "with":[
                        {
                          "text":"\ufb11",
                          "hover_event":{
                            "action":"show_text",
                            "value":[
                              {"translate":"exp_items_fuelmod_name"},
                              {"translate":"exp_guide1_fuelmod_tip"},
                              {"translate":"exp_guide_item_hover","color":"white","font":"expansion:default","with":[{"text":"\ufb13"}]},
                              {"translate":"exp_guide_craftedin"},{"translate":"exp_guide_item_display","color":"white","font":"expansion:default","with":[{"text":"\uff21\n"}]}
                            ]
                          }
                        }
                      ]
                    },
                    {
                      "translate":"exp_guide_item_display",
                      "color":"white",
                      "font":"expansion:default",
                      "with":[
                        {
                          "text":"\ufb12",
                          "hover_event":{
                            "action":"show_text",
                            "value":[
                              {"translate":"exp_items_speedmod_name"},
                              {"translate":"exp_guide1_speedmod_tip"},
                              {"translate":"exp_guide_item_hover","color":"white","font":"expansion:default","with":[{"text":"\ufb14"}]},
                              {"translate":"exp_guide_craftedin"},{"translate":"exp_guide_item_display","color":"white","font":"expansion:default","with":[{"text":"\uff21\n"}]}
                            ]
                          }
                        }
                      ]
                    }
                  ]
                },
                {
                  "raw": [
                    {
                      "translate":"exp_guide1_armorrecipes"
                    },
                    {
                      "translate":"exp_guide1_mk1_armor"
                    },
                    {
                      "translate":"exp_guide_item_display",
                      "color":"white",
                      "font":"expansion:default",
                      "with":[
                        {
                          "text":"\ufa13",
                          "hover_event":{
                            "action":"show_text",
                            "value":[
                              {"translate":"exp_suit_diver_helmet"},
                              {"translate":"exp_suit_diver_guidelore"},
                              {"translate":"exp_guide_item_hover","color":"white","font":"expansion:default","with":[{"text":"\ufa21"}]},
                              {"translate":"exp_guide1_tintedglasstip"},
                              {"translate":"exp_guide_craftedin"},
                              {"translate":"exp_guide_item_display","color":"white","font":"expansion:default","with":[{"text":"\uff21\n"}]}
                            ]
                          }
                        }
                      ]
                    },
                    {
                      "translate":"exp_guide_item_display",
                      "color":"white",
                      "font":"expansion:default",
                      "with":[
                        {
                          "text":"\ufa14",
                          "hover_event":{
                            "action":"show_text",
                            "value":[
                              {"translate":"exp_suit_diver_chestplate"},
                              {"translate":"exp_suit_diver_guidelore"},
                              {"translate":"exp_guide_item_hover","color":"white","font":"expansion:default","with":[{"text":"\ufa22"}]},
                              {"translate":"exp_guide_craftedin"},
                              {"translate":"exp_guide_item_display","color":"white","font":"expansion:default","with":[{"text":"\uff21\n"}]}
                            ]
                          }
                        }
                      ]
                    },
                    {
                      "translate":"exp_guide_item_display",
                      "color":"white",
                      "font":"expansion:default",
                      "with":[
                        {
                          "text":"\ufa15",
                          "hover_event":{
                            "action":"show_text",
                            "value":[
                              {"translate":"exp_suit_diver_leggings"},
                              {"translate":"exp_suit_diver_guidelore"},
                              {"translate":"exp_guide_item_hover","color":"white","font":"expansion:default","with":[{"text":"\ufa23"}]},
                              {"translate":"exp_guide_craftedin"},
                              {"translate":"exp_guide_item_display","color":"white","font":"expansion:default","with":[{"text":"\uff21\n"}]}
                            ]
                          }
                        }
                      ]
                    },
                    {
                      "translate":"exp_guide_item_display",
                      "color":"white",
                      "font":"expansion:default",
                      "with":[
                        {
                          "text":"\ufa16",
                          "hover_event":{
                            "action":"show_text",
                            "value":[
                              {"translate":"exp_suit_diver_boots"},
                              {"translate":"exp_suit_diver_guidelore"},
                              {"translate":"exp_guide_item_hover","color":"white","font":"expansion:default","with":[{"text":"\ufa24"}]},
                              {"translate":"exp_guide_craftedin"},
                              {"translate":"exp_guide_item_display","color":"white","font":"expansion:default","with":[{"text":"\uff21\n"}]}
                            ]
                          }
                        }
                      ]
                    },
                    {
                      "translate":"exp_guide1_mk2_armor"
                    },
                    {
                      "translate":"exp_guide_item_display",
                      "color":"white",
                      "font":"expansion:default",
                      "with":[
                        {
                          "text":"\ufa17",
                          "hover_event":{
                            "action":"show_text",
                            "value":[
                              {"translate":"exp_suit_nasa_helmet"},
                              {"translate":"exp_suit_nasa_guidelore"},
                              {"translate":"exp_guide_item_hover","color":"white","font":"expansion:default","with":[{"text":"\ufa25"}]},
                              {"translate":"exp_guide1_tintedglasstip"},
                              {"translate":"exp_guide_craftedin"},
                              {"translate":"exp_guide_item_display","color":"white","font":"expansion:default","with":[{"text":"\uff21\n"}]}
                            ]
                          }
                        }
                      ]
                    },
                    {
                      "translate":"exp_guide_item_display",
                      "color":"white",
                      "font":"expansion:default",
                      "with":[
                        {
                          "text":"\ufa18",
                          "hover_event":{
                            "action":"show_text",
                            "value":[
                              {"translate":"exp_suit_nasa_chestplate"},
                              {"translate":"exp_suit_nasa_guidelore"},
                              {"translate":"exp_guide_item_hover","color":"white","font":"expansion:default","with":[{"text":"\ufa26"}]},
                              {"translate":"exp_guide_craftedin"},
                              {"translate":"exp_guide_item_display","color":"white","font":"expansion:default","with":[{"text":"\uff21\n"}]}
                            ]
                          }
                        }
                      ]
                    },
                    {
                      "translate":"exp_guide_item_display",
                      "color":"white",
                      "font":"expansion:default",
                      "with":[
                        {
                          "text":"\ufa19",
                          "hover_event":{
                            "action":"show_text",
                            "value":[
                              {"translate":"exp_suit_nasa_leggings"},
                              {"translate":"exp_suit_nasa_guidelore"},
                              {"translate":"exp_guide_item_hover","color":"white","font":"expansion:default","with":[{"text":"\ufa27"}]},
                              {"translate":"exp_guide_craftedin"},
                              {"translate":"exp_guide_item_display","color":"white","font":"expansion:default","with":[{"text":"\uff21\n"}]}
                            ]
                          }
                        }
                      ]
                    },
                    {
                      "translate":"exp_guide_item_display",
                      "color":"white",
                      "font":"expansion:default",
                      "with":[
                        {
                          "text":"\ufa20",
                          "hover_event":{
                            "action":"show_text",
                            "value":[
                              {"translate":"exp_suit_nasa_boots"},
                              {"translate":"exp_suit_nasa_guidelore"},
                              {"translate":"exp_guide_item_hover","color":"white","font":"expansion:default","with":[{"text":"\ufa28"}]},
                              {"translate":"exp_guide_craftedin"},
                              {"translate":"exp_guide_item_display","color":"white","font":"expansion:default","with":[{"text":"\uff21\n"}]}
                            ]
                          }
                        }
                      ]
                    },
                    {
                      "translate":"exp_guide1_modules"
                    },
                    {
                      "translate":"exp_guide_item_display",
                      "color":"white",
                      "font":"expansion:default",
                      "with":[
                        {
                          "text":"\uff40",
                          "hover_event":{
                            "action":"show_text",
                            "value":[
                              {"translate":"exp_modules_coldresist_name"},{"translate":"exp_modules_mk1"},
                              {"translate":"exp_modules_coldresistmk1_guidelore"},
                              {"translate":"exp_guide_item_hover","color":"white","font":"expansion:default","with":[{"text":"\uff83"}]},
                              {"translate":"exp_guide_craftedin"},
                              {"translate":"exp_guide_item_display","color":"white","font":"expansion:default","with":[{"text":"\uff21\n"}]},
                              {"translate":"exp_modules_guidelore"},{"translate":"exp_guide_item_display","color":"white","font":"expansion:default","with":[{"text":"\uff28\n"}]}
                            ]
                          }
                        }
                      ]
                    },
                    {
                      "translate":"exp_guide_item_display",
                      "color":"white",
                      "font":"expansion:default",
                      "with":[
                        {
                          "text":"\uff39",
                          "hover_event":{
                            "action":"show_text",
                            "value":[
                              {"translate":"exp_modules_heatresist_name"},{"translate":"exp_modules_mk1"},
                              {"translate":"exp_modules_heatresistmk1_guidelore"},
                              {"translate":"exp_guide_item_hover","color":"white","font":"expansion:default","with":[{"text":"\uff82"}]},
                              {"translate":"exp_guide_craftedin"},
                              {"translate":"exp_guide_item_display","color":"white","font":"expansion:default","with":[{"text":"\uff21\n"}]},
                              {"translate":"exp_modules_guidelore"},{"translate":"exp_guide_item_display","color":"white","font":"expansion:default","with":[{"text":"\uff28\n"}]}
                            ]
                          }
                        }
                      ]
                    },
                    {
                      "translate":"exp_guide_item_display",
                      "color":"white",
                      "font":"expansion:default",
                      "with":[
                        {
                          "text":"\ufa33",
                          "hover_event":{
                            "action":"show_text",
                            "value":[
                              {"translate":"exp_modules_durability_name"},{"translate":"exp_modules_mk1"},
                              {"translate":"exp_modules_durabilitymk1_guidelore"},
                              {"translate":"exp_guide_item_hover","color":"white","font":"expansion:default","with":[{"text":"\ufb05"}]},
                              {"translate":"exp_guide_craftedin"},
                              {"translate":"exp_guide_item_display","color":"white","font":"expansion:default","with":[{"text":"\uff21\n"}]},
                              {"translate":"exp_modules_guidelore"},{"translate":"exp_guide_item_display","color":"white","font":"expansion:default","with":[{"text":"\uff28\n"}]}
                            ]
                          }
                        }
                      ]
                    },
                    {
                      "translate":"exp_guide_item_display",
                      "color":"white",
                      "font":"expansion:default",
                      "with":[
                        {
                          "text":"\ufb17",
                          "hover_event":{
                            "action":"show_text",
                            "value":[
                              {"translate":"exp_modules_rocket_name"},
                              {"translate":"exp_modules_rocket_guidelore"},
                              {"translate":"exp_guide_item_hover","color":"white","font":"expansion:default","with":[{"text":"\ufb19"}]},
                              {"translate":"exp_guide_craftedin"},
                              {"translate":"exp_guide_item_display","color":"white","font":"expansion:default","with":[{"text":"\uff21\n"}]},
                              {"translate":"exp_modules_guidelore"},{"translate":"exp_guide_item_display","color":"white","font":"expansion:default","with":[{"text":"\uff28\n"}]}
                            ]
                          }
                        }
                      ]
                    },
                    {
                      "translate":"exp_guide_item_display",
                      "color":"white",
                      "font":"expansion:default",
                      "with":[
                        {
                          "text":"\ufb16",
                          "hover_event":{
                            "action":"show_text",
                            "value":[
                              {"translate":"exp_modules_magnetic_name"},
                              {"translate":"exp_modules_magnetic_guidelore"},
                              {"translate":"exp_guide_item_hover","color":"white","font":"expansion:default","with":[{"text":"\ufb18"}]},
                              {"translate":"exp_guide_craftedin"},
                              {"translate":"exp_guide_item_display","color":"white","font":"expansion:default","with":[{"text":"\uff21\n"}]},
                              {"translate":"exp_modules_guidelore"},{"translate":"exp_guide_item_display","color":"white","font":"expansion:default","with":[{"text":"\uff28\n"}]}
                            ]
                          }
                        }
                      ]
                    },
                    {
                      "text": "\n\n"
                    },
                    {
                      "translate":"exp_guide_item_display",
                      "color":"white",
                      "font":"expansion:default",
                      "with":[
                        {
                          "text":"\ufa29",
                          "hover_event":{
                            "action":"show_text",
                            "value":[
                              {"translate":"exp_modules_coldresist_name"},{"translate":"exp_modules_mk2"},
                              {"translate":"exp_modules_coldresistmk2_guidelore"},
                              {"translate":"exp_guide_item_hover","color":"white","font":"expansion:default","with":[{"text":"\ufa31"}]},
                              {"translate":"exp_guide_craftedin"},
                              {"translate":"exp_guide_item_display","color":"white","font":"expansion:default","with":[{"text":"\uff21\n"}]},
                              {"translate":"exp_modules_guidelore"},{"translate":"exp_guide_item_display","color":"white","font":"expansion:default","with":[{"text":"\uff28\n"}]}
                            ]
                          }
                        }
                      ]
                    },
                    {
                      "translate":"exp_guide_item_display",
                      "color":"white",
                      "font":"expansion:default",
                      "with":[
                        {
                          "text":"\ufa30",
                          "hover_event":{
                            "action":"show_text",
                            "value":[
                              {"translate":"exp_modules_heatresist_name"},{"translate":"exp_modules_mk2"},
                              {"translate":"exp_modules_heatresistmk2_guidelore"},
                              {"translate":"exp_guide_item_hover","color":"white","font":"expansion:default","with":[{"text":"\ufa32"}]},
                              {"translate":"exp_guide_craftedin"},
                              {"translate":"exp_guide_item_display","color":"white","font":"expansion:default","with":[{"text":"\uff21\n"}]},
                              {"translate":"exp_modules_guidelore"},{"translate":"exp_guide_item_display","color":"white","font":"expansion:default","with":[{"text":"\uff28\n"}]}
                            ]
                          }
                        }
                      ]
                    },
                    {
                      "translate":"exp_guide_item_display",
                      "color":"white",
                      "font":"expansion:default",
                      "with":[
                        {
                          "text":"\ufa34",
                          "hover_event":{
                            "action":"show_text",
                            "value":[
                              {"translate":"exp_modules_durability_name"},{"translate":"exp_modules_mk2"},
                              {"translate":"exp_modules_durabilitymk2_guidelore"},
                              {"translate":"exp_guide_item_hover","color":"white","font":"expansion:default","with":[{"text":"\ufb06"}]},
                              {"translate":"exp_guide_craftedin"},
                              {"translate":"exp_guide_item_display","color":"white","font":"expansion:default","with":[{"text":"\uff21\n"}]},
                              {"translate":"exp_modules_guidelore"},{"translate":"exp_guide_item_display","color":"white","font":"expansion:default","with":[{"text":"\uff28\n"}]}
                            ]
                          }
                        }
                      ]
                    }
                  ]
                },
                {
                  "raw": [
                    {
                      "translate":"exp_guide1_vehiclerecipes"},
                    {
                      "translate":"exp_guide1_rocket"},{"translate":"exp_guide_item_display","color":"white","font":"expansion:default","with":[{"text":"\uff30  ","hover_event":{"action":"show_text","value":[{"translate":"exp_vehicles_rocket_name"},{"translate":"exp_guide1_rocket_tip"},{"translate":"exp_guide1_rocket_craft"}]}}]
                    },
                    {
                      "translate":"exp_guide_item_display","color":"white","font":"expansion:default","with":[{"text":"\uff41  ","hover_event":{"action":"show_text","value":[{"translate":"exp_items_rocketbottom_name"},{"translate":"exp_guide_item_hover","color":"white","font":"expansion:default","with":[{"text":"\uff85"}]},{"translate":"exp_guide_craftedin"},{"translate":"exp_guide_item_display","color":"white","font":"expansion:default","with":[{"text":"\uff21\n"}]}]}}]
                    },
                    {
                      "translate":"exp_guide_item_display","color":"white","font":"expansion:default","with":[{"text":"\uff42  ","hover_event":{"action":"show_text","value":[{"translate":"exp_items_rocketcockpit_name"},{"translate":"exp_guide_item_hover","color":"white","font":"expansion:default","with":[{"text":"\uff86"}]},{"translate":"exp_guide_craftedin"},{"translate":"exp_guide_item_display","color":"white","font":"expansion:default","with":[{"text":"\uff21\n"}]}]}}]
                    },
                    {
                      "translate":"exp_guide_item_display","color":"white","font":"expansion:default","with":[{"text":"\uff43  ","hover_event":{"action":"show_text","value":[{"translate":"exp_items_rockettop_name"},{"translate":"exp_guide_item_hover","color":"white","font":"expansion:default","with":[{"text":"\uff87"}]},{"translate":"exp_guide_craftedin"},{"translate":"exp_guide_item_display","color":"white","font":"expansion:default","with":[{"text":"\uff21\n"}]}]}}]
                    },
                    {
                      "translate":"exp_guide1_buggy"
                    },
                    {
                      "translate":"exp_guide_item_display","color":"white","font":"expansion:default","with":[{"text":"\uff31  ","hover_event":{"action":"show_text","value":[{"translate":"exp_vehicles_buggy_name"},{"translate":"exp_guide1_buggy_tip"},{"translate":"exp_guide_item_hover","color":"white","font":"expansion:default","with":[{"text":"\uff88"}]},{"translate":"exp_guide_craftedin"},{"translate":"exp_guide_item_display","color":"white","font":"expansion:default","with":[{"text":"\uff22\n"}]}]}}]
                    },
                    {
                      "translate":"exp_guide_item_display","color":"white","font":"expansion:default","with":[{"text":"\uff12","hover_event":{"action":"show_text","value":[{"translate":"exp_items_buggywheel_name"},{"translate":"exp_guide_item_hover","color":"white","font":"expansion:default","with":[{"text":"\uff60"}]},{"translate":"exp_guide_craftedin"},{"translate":"exp_guide_item_display","color":"white","font":"expansion:default","with":[{"text":"\uff21\n"}]}]}}]
                    },
                    {
                      "translate":"exp_guide1_spaceship"
                    },
                    {
                      "translate":"exp_guide_item_display","color":"white","font":"expansion:default","with":[{"text":"\uff32\n\n","hover_event":{"action":"show_text","value":[{"translate":"exp_vehicles_spaceship_name"},{"translate":"exp_guide1_spaceship_tip"},{"translate":"exp_guide_item_hover","color":"white","font":"expansion:default","with":[{"text":"\uff89"}]},{"translate":"exp_guide_craftedin"},{"translate":"exp_guide_item_display","color":"white","font":"expansion:default","with":[{"text":"\uff22\n"}]}]}}]
                    },
                    {
                      "translate":"exp_guide_item_display","color":"white","font":"expansion:default","with":[{"text":"\uff48 ","hover_event":{"action":"show_text","value":[{"translate":"exp_items_shipnose_name"},{"translate":"exp_guide_item_hover","color":"white","font":"expansion:default","with":[{"text":"\ufb20"}]},{"translate":"exp_guide_craftedin"},{"translate":"exp_guide_item_display","color":"white","font":"expansion:default","with":[{"text":"\uff21\n"}]}]}}]
                    },
                    {
                      "translate":"exp_guide_item_display","color":"white","font":"expansion:default","with":[{"text":"\uff47 ","hover_event":{"action":"show_text","value":[{"translate":"exp_items_shipcockpit_name"},{"translate":"exp_guide_item_hover","color":"white","font":"expansion:default","with":[{"text":"\uff92"}]},{"translate":"exp_guide1_tintedglasstip"},{"translate":"exp_guide_craftedin"},{"translate":"exp_guide_item_display","color":"white","font":"expansion:default","with":[{"text":"\uff21\n"}]}]}}]
                    },
                    {
                      "translate":"exp_guide_item_display","color":"white","font":"expansion:default","with":[{"text":"\uff46 ","hover_event":{"action":"show_text","value":[{"translate":"exp_items_shipengines_name"},{"translate":"exp_guide_item_hover","color":"white","font":"expansion:default","with":[{"text":"\uff93"}]},{"translate":"exp_guide_craftedin"},{"translate":"exp_guide_item_display","color":"white","font":"expansion:default","with":[{"text":"\uff21\n"}]}]}}]
                    },
                    {
                      "translate":"exp_guide_item_display","color":"white","font":"expansion:default","with":[{"text":"\uff44 ","hover_event":{"action":"show_text","value":[{"translate":"exp_items_shiplwing_name"},{"translate":"exp_guide_item_hover","color":"white","font":"expansion:default","with":[{"text":"\uff90"}]},{"translate":"exp_guide_craftedin"},{"translate":"exp_guide_item_display","color":"white","font":"expansion:default","with":[{"text":"\uff21\n"}]}]}}]
                    },
                    {
                      "translate":"exp_guide_item_display","color":"white","font":"expansion:default","with":[{"text":"\uff45","hover_event":{"action":"show_text","value":[{"translate":"exp_items_shiprwing_name"},{"translate":"exp_guide_item_hover","color":"white","font":"expansion:default","with":[{"text":"\uff91"}]},{"translate":"exp_guide_craftedin"},{"translate":"exp_guide_item_display","color":"white","font":"expansion:default","with":[{"text":"\uff21\n"}]}]}}]
                    }
                  ]
                },
                {
                  "raw": [
                    {
                      "translate":"exp_guide_picture_display",
                      "color":"white",
                      "font":"expansion:default",
                      "with":[{"text":"\ufa00"}]
                    },
                    {
                      "translate":"exp_guide1_moon","color":"black","font":"minecraft:default"
                    },
                    {
                      "translate":"exp_guide1_materials","color":"black","font":"minecraft:default"
                    },
                    {
                      "translate":"exp_guide_item_display",
                      "color":"white",
                      "font":"expansion:default",
                      "with":[{"text":"\uff95","hover_event":{"action":"show_text","value":[{"translate":"exp_items_rawtitanium_name"},{"translate":"exp_guide1_ore"},{"translate":"exp_guide_item_display","color":"white","font":"expansion:default","with":[{"text":"\uff98"}]},{"translate":"exp_guide1_oredesc_titanium_moon"}]}}]
                    },
                    {
                      "translate":"exp_guide_item_display",
                      "color":"white",
                      "font":"expansion:default",
                      "with":[{"text":"\ufb01","hover_event":{"action":"show_text","value":[{"translate":"item.minecraft.amethyst_shard"},{"translate":"exp_guide1_oredesc_amethyst"}]}}]
                    },
                    {
                      "translate":"exp_guide_item_display",
                      "color":"white",
                      "font":"expansion:default",
                      "with":[{"text":"\ufb15","hover_event":{"action":"show_text","value":[{"translate":"exp_items_computingcore_name"},{"translate":"exp_items_itemdesc_aicore"}]}}]
                    },
                    {
                      "translate":"exp_guide1_temperature","color":"black","font":"minecraft:default"
                    },
                    {
                      "translate":"exp_guide1_moontemp",
                      "color":"black",
                      "font":"minecraft:default",
                      "hover_event":{"action":"show_text","value":{"translate":"exp_guide1_tempexplainer"}}},{"translate":"exp_guide1_accessibility","color":"black","font":"minecraft:default"
                    },
                    {
                      "translate":"exp_guide_item_display",
                      "color":"white",
                      "font":"expansion:default",
                      "with":[{"text":"\uff30","click_event":{"action":"change_page","page":12},"hover_event":{"action":"show_text","value":[{"translate":"exp_vehicles_rocket_name"},{"translate":"exp_guide_click"}]}}]
                    },
                    {
                      "translate":"exp_guide_item_display",
                      "color":"white",
                      "font":"expansion:default",
                      "with":[{"text":"\uff32","click_event":{"action":"change_page","page":12},"hover_event":{"action":"show_text","value":[{"translate":"exp_vehicles_spaceship_name"},{"translate":"exp_guide_click"}]}}]
                    }
                  ]
                },
                {
                  "raw": [
                    {
                      "translate":"exp_guide_picture_display","color":"white","font":"expansion:default","with":[{"text":"\ufa01"}]
                    },
                    {
                      "translate":"exp_guide1_mars","color":"black","font":"minecraft:default"
                    },
                    {
                      "translate":"exp_guide1_materials","color":"black","font":"minecraft:default"
                    },
                    {
                      "translate":"exp_guide_item_display","color":"white","font":"expansion:default","with":[{"text":"\uff95","hover_event":{"action":"show_text","value":[{"translate":"exp_items_rawtitanium_name"},{"translate":"exp_guide1_ore"},{"translate":"exp_guide_item_display","color":"white","font":"expansion:default","with":[{"text":"\uff98"}]},{"translate":"exp_guide1_oredesc_titanium_mars"}]}}]
                    },
                    {
                      "translate":"exp_guide_item_display","color":"white","font":"expansion:default","with":[{"text":"\uff96","hover_event":{"action":"show_text","value":[{"translate":"exp_items_cryonite_name"},{"translate":"exp_guide1_ore"},{"translate":"exp_guide_item_display","color":"white","font":"expansion:default","with":[{"text":"\uff99"}]},{"translate":"exp_guide1_oredesc_cryonite"}]}}]
                    },
                    {
                      "translate":"exp_guide1_temperature","color":"black","font":"minecraft:default"
                    },
                    {
                      "translate":"exp_guide1_marstemp","color":"black","font":"minecraft:default","hover_event":{"action":"show_text","value":{"translate":"exp_guide1_tempexplainer"}}
                    },
                    {
                      "translate":"exp_guide1_accessibility","color":"black","font":"minecraft:default"
                    },
                    {
                      "translate":"exp_guide_item_display","color":"white","font":"expansion:default","with":[{"text":"\uff32","click_event":{"action":"change_page","page":12},"hover_event":{"action":"show_text","value":[{"translate":"exp_vehicles_spaceship_name"},{"translate":"exp_guide_click"}]}}]
                    }
                  ]
                },
                {
                  "raw": [
                    {
                      "translate":"exp_guide_picture_display","color":"white","font":"expansion:default","with":[{"text":"\ufa02"}]
                    },
                    {
                      "translate":"exp_guide1_venus","color":"black","font":"minecraft:default"
                    },
                    {
                      "translate":"exp_guide1_materials","color":"black","font":"minecraft:default"
                    },
                    {
                      "translate":"exp_guide_item_display","color":"white","font":"expansion:default","with":[{"text":"\uff97","hover_event":{"action":"show_text","value":[{"translate":"exp_items_vulcanium_name"},{"translate":"exp_guide1_ore"},{"translate":"exp_guide_item_display","color":"white","font":"expansion:default","with":[{"text":"\ufb00"}]},{"translate":"exp_guide1_oredesc_vulcanium"}]}}]
                    },
                    {
                      "translate":"exp_guide1_temperature","color":"black","font":"minecraft:default"
                    },
                    {
                      "translate":"exp_guide1_venustemp","color":"black","font":"minecraft:default","hover_event":{"action":"show_text","value":{"translate":"exp_guide1_tempexplainer"}}
                    },
                    {
                      "translate":"exp_guide1_accessibility","color":"black","font":"minecraft:default"
                    },
                    {
                      "translate":"exp_guide_item_display","color":"white","font":"expansion:default","with":[{"text":"\uff32","click_event":{"action":"change_page","page":12},"hover_event":{"action":"show_text","value":[{"translate":"exp_vehicles_spaceship_name"},{"translate":"exp_guide_click"}]}}]
                    }
                  ]
                },
                {
                  "raw": [
                    {
                      "translate":"exp_guide_picture_display","color":"white","font":"expansion:default","with":[{"text":"\ufa03"}]
                    },
                    {
                      "translate":"exp_guide1_jupiter","color":"black","font":"minecraft:default"
                    },
                    {
                      "translate":"exp_guide1_materials","color":"black","font":"minecraft:default"
                    },
                    {
                      "translate":"exp_guide1_unknown","color":"black","font":"minecraft:default"
                    },
                    {
                      "translate":"exp_guide1_temperature","color":"black","font":"minecraft:default"
                    },
                    {
                      "translate":"exp_guide1_jupitertemp",
                      "color":"black",
                      "font":"minecraft:default",
                      "hover_event":{
                        "action":"show_text",
                        "value":{"translate":"exp_guide1_tempexplainer"}
                        }
                      },
                    {"translate":"exp_guide1_accessibility","color":"black","font":"minecraft:default"},
                    {
                      "translate":"exp_guide_item_display",
                      "color":"white",
                      "font":"expansion:default",
                      "with":[
                        {
                          "text":"\uff32",
                          "click_event":{"action":"change_page","page":12},
                          "hover_event":{"action":"show_text","value":[{"translate":"exp_vehicles_spaceship_name"},{"translate":"exp_guide_click"}]}
                        }
                      ]
                    }
                  ]
                },
                {
                  "raw": [
                    {
                      "translate":"exp_guide_picture_display","color":"white","font":"expansion:default","with":[{"text":"\ufa04"}]
                    },
                    {
                      "translate":"exp_guide1_europa","color":"black","font":"minecraft:default"
                    },
                    {
                      "translate":"exp_guide1_materials","color":"black","font":"minecraft:default"
                    },
                    {
                      "translate":"exp_guide1_unknown","color":"black","font":"minecraft:default"
                    },
                    {
                      "translate":"exp_guide1_temperature","color":"black","font":"minecraft:default"
                    },
                    {
                      "translate":"exp_guide1_europatemp","color":"black","font":"minecraft:default",
                      "hover_event":{"action":"show_text","value":{"translate":"exp_guide1_tempexplainer"}}
                    },
                    {
                      "translate":"exp_guide1_accessibility","color":"black","font":"minecraft:default"
                    },
                    {
                      "translate":"exp_guide_item_display",
                      "color":"white",
                      "font":"expansion:default",
                      "with":[
                        {
                          "text":"\uff32",
                          "click_event":{"action":"change_page","page":12},
                          "hover_event":{"action":"show_text","value":[{"translate":"exp_vehicles_spaceship_name"},{"translate":"exp_guide_click"}]}
                        }
                      ]
                    }
                  ]
                },
                {
                  "raw": [
                    {
                      "translate":"exp_guide_picture_display","color":"white","font":"expansion:default","with":[{"text":"\ufa05"}]
                    },
                    {
                      "translate":"exp_guide1_asteroids","color":"black","font":"minecraft:default"
                    },
                    {
                      "translate":"exp_guide1_materials","color":"black","font":"minecraft:default"
                    },
                    {
                      "translate":"exp_guide1_unknown","color":"black","font":"minecraft:default"
                    },
                    {
                      "translate":"exp_guide1_temperature","color":"black","font":"minecraft:default"
                    },
                    {
                      "translate":"exp_guide1_spacetemp",
                      "color":"black",
                      "font":"minecraft:default",
                      "hover_event":{"action":"show_text","value":{"translate":"exp_guide1_tempexplainer"}}
                    },
                    {
                      "translate":"exp_guide1_accessibility","color":"black","font":"minecraft:default"
                    },
                    {
                      "translate":"exp_guide_item_display",
                      "color":"white",
                      "font":"expansion:default",
                      "with":[
                        {
                          "text":"\uff32",
                          "click_event":{"action":"change_page","page":12},
                          "hover_event":{"action":"show_text","value":[{"translate":"exp_vehicles_spaceship_name"},{"translate":"exp_guide_click"}]}
                        }
                      ]
                    }
                  ]
                }
              ]
            }
          ]
        }
      ]
    }
  ]
}