{
	"parent": "block/block",
	"textures": {
		"0": "tcc:block/potted_plant/big_dripleaf",
		"particle": "tcc:block/potted_plant/big_dripleaf"
	},
	"elements": [
		{
			"from": [5.5, 3, 8.25],
			"to": [10.5, 15, 8.25],
			"shade": false,
			"rotation": {"angle": 45, "axis": "y", "origin": [8, 11, 8.25], "rescale": true},
			"faces": {
				"north": {"uv": [10, 4, 16, 16], "texture": "#0"},
				"south": {"uv": [10, 4, 16, 16], "texture": "#0"}
			}
		},
		{
			"from": [5.5, 3, 8.25],
			"to": [10.5, 15, 8.25],
			"shade": false,
			"rotation": {"angle": -45, "axis": "y", "origin": [8, 11, 8.25], "rescale": true},
			"faces": {
				"north": {"uv": [10, 4, 16, 16], "texture": "#0"},
				"south": {"uv": [10, 4, 16, 16], "texture": "#0"}
			}
		},
		{
			"from": [3, 13, 5],
			"to": [13, 15, 15],
			"rotation": {"angle": 0, "axis": "y", "origin": [0, 3, 0]},
			"faces": {
				"east": {"uv": [0, 14, 10, 16], "texture": "#0"},
				"south": {"uv": [0, 10, 10, 12], "texture": "#0"},
				"west": {"uv": [10, 14, 0, 16], "texture": "#0"},
				"up": {"uv": [0, 0, 10, 10], "texture": "#0"}
			}
		},
		{
			"from": [3, 15, 5],
			"to": [13, 13, 15],
			"rotation": {"angle": 0, "axis": "y", "origin": [0, 3, 0]},
			"faces": {
				"east": {"uv": [0, 16, 10, 14], "texture": "#0"},
				"south": {"uv": [0, 12, 10, 10], "texture": "#0"},
				"west": {"uv": [10, 16, 0, 14], "texture": "#0"},
				"down": {"uv": [0, 10, 10, 0], "texture": "#0"}
			}
		}
	]
}