{
  "feature": {
    "type": "minecraft:simple_block",
    "config": {
      "to_place": {
        "type": "minecraft:weighted_state_provider",
        "entries": [
          {
            "data": {
              "Name": "rocks:netherrack_rock",
              "Properties": {
                "variation": "tiny"
              }
            },
            "weight": 10
          },
          {
            "data": {
              "Name": "rocks:netherrack_rock",
              "Properties": {
                "variation": "small"
              }
            },
            "weight": 7
          },
          {
            "data": {
              "Name": "rocks:netherrack_rock",
              "Properties": {
                "variation": "medium"
              }
            },
            "weight": 5
          },
          {
            "data": {
              "Name": "rocks:netherrack_rock",
              "Properties": {
                "variation": "large"
              }
            },
            "weight": 1
          }
        ]
      }
    }
  },
  "placement": [
    {
      "type": "minecraft:count",
      "count": 90
    },
    {
      "type": "minecraft:rarity_filter",
      "chance": 5
    },
    {
      "type": "minecraft:in_square"
    },
    {
      "type": "minecraft:height_range",
      "height": {
        "type": "minecraft:uniform",
        "max_inclusive": {
          "below_top": 0
        },
        "min_inclusive": {
          "above_bottom": 0
        }
      }
    },
    {
      "type": "minecraft:biome"
    },
    {
      "type": "minecraft:block_predicate_filter",
      "predicate": {
        "type": "minecraft:all_of",
        "predicates": [
          {
            "type": "minecraft:matching_blocks",
            "blocks": "minecraft:air"
          },
          {
            "type": "minecraft:matching_blocks",
            "blocks": [
              "minecraft:netherrack",
              "minecraft:warped_nylium",
              "minecraft:crimson_nylium"
            ],
            "offset": [
              0,
              -1,
              0
            ]
          }
        ]
      }
    }
  ]
}