{
  "feature": {
    "type": "minecraft:simple_block",
    "config": {
      "to_place": {
        "type": "minecraft:weighted_state_provider",
        "entries": [
          {
            "data": {
              "Name": "rocks:rock",
              "Properties": {
                "variation": "tiny"
              }
            },
            "weight": 10
          },
          {
            "data": {
              "Name": "rocks:rock",
              "Properties": {
                "variation": "small"
              }
            },
            "weight": 7
          },
          {
            "data": {
              "Name": "rocks:rock",
              "Properties": {
                "variation": "medium"
              }
            },
            "weight": 5
          },
          {
            "data": {
              "Name": "rocks:rock",
              "Properties": {
                "variation": "large"
              }
            },
            "weight": 1
          }
        ]
      }
    }
  },
  "placement": [
    {
      "type": "minecraft:count",
      "count": 3
    },
    {
      "type": "minecraft:rarity_filter",
      "chance": 5
    },
    {
      "type": "minecraft:in_square"
    },
    {
      "type": "minecraft:heightmap",
      "heightmap": "WORLD_SURFACE_WG"
    },
    {
      "type": "minecraft:biome"
    },
    {
      "type": "minecraft:block_predicate_filter",
      "predicate": {
        "type": "minecraft:all_of",
        "predicates": [
          {
            "type": "minecraft:matching_blocks",
            "blocks": "minecraft:air"
          },
          {
            "type": "minecraft:not",
            "predicate": {
              "type": "minecraft:matching_blocks",
              "blocks": [
                "minecraft:ice",
                "minecraft:sand",
                "minecraft:red_sand",
                "minecraft:end_stone"
              ],
              "offset": [
                0,
                -1,
                0
              ]
            }
          }
        ]
      }
    }
  ]
}