{
  "feature": {
    "type": "minecraft:simple_block",
    "config": {
      "to_place": {
        "type": "minecraft:weighted_state_provider",
        "entries": [
          {
            "data": {
              "Name": "rocks:spruce_stick",
              "Properties": {
                "variation": "small",
                "waterlogged": "false"
              }
            },
            "weight": 7
          },
          {
            "data": {
              "Name": "rocks:spruce_stick",
              "Properties": {
                "variation": "medium",
                "waterlogged": "false"
              }
            },
            "weight": 5
          },
          {
            "data": {
              "Name": "rocks:spruce_stick",
              "Properties": {
                "variation": "large",
                "waterlogged": "false"
              }
            },
            "weight": 1
          },
          {
            "data": {
              "Name": "rocks:pinecone"
            },
            "weight": 1
          }
        ]
      }
    }
  },
  "placement": [
    {
      "type": "minecraft:count",
      "count": 3
    },
    {
      "type": "minecraft:rarity_filter",
      "chance": 5
    },
    {
      "type": "minecraft:in_square"
    },
    {
      "type": "minecraft:heightmap",
      "heightmap": "WORLD_SURFACE_WG"
    },
    {
      "type": "minecraft:biome"
    },
    {
      "type": "minecraft:block_predicate_filter",
      "predicate": {
        "type": "minecraft:all_of",
        "predicates": [
          {
            "type": "minecraft:matching_blocks",
            "blocks": "minecraft:air"
          },
          {
            "type": "minecraft:matching_blocks",
            "blocks": [
              "minecraft:grass_block",
              "minecraft:mud",
              "minecraft:podzol"
            ],
            "offset": [
              0,
              -1,
              0
            ]
          }
        ]
      }
    }
  ]
}