{
  "feature": {
    "type": "minecraft:simple_block",
    "config": {
      "to_place": {
        "type": "minecraft:weighted_state_provider",
        "entries": [
          {
            "data": {
              "Name": "rocks:starfish",
              "Properties": {
                "variation": "red",
                "waterlogged": "false"
              }
            },
            "weight": 2
          },
          {
            "data": {
              "Name": "rocks:starfish",
              "Properties": {
                "variation": "pink",
                "waterlogged": "false"
              }
            },
            "weight": 6
          },
          {
            "data": {
              "Name": "rocks:starfish",
              "Properties": {
                "variation": "orange",
                "waterlogged": "false"
              }
            },
            "weight": 7
          }
        ]
      }
    }
  },
  "placement": [
    {
      "type": "minecraft:count",
      "count": 1
    },
    {
      "type": "minecraft:rarity_filter",
      "chance": 5
    },
    {
      "type": "minecraft:in_square"
    },
    {
      "type": "minecraft:heightmap",
      "heightmap": "WORLD_SURFACE_WG"
    },
    {
      "type": "minecraft:biome"
    },
    {
      "type": "minecraft:block_predicate_filter",
      "predicate": {
        "type": "minecraft:all_of",
        "predicates": [
          {
            "type": "minecraft:matching_blocks",
            "blocks": "minecraft:air"
          },
          {
            "type": "minecraft:matching_blocks",
            "blocks": [
              "minecraft:sand",
              "minecraft:sandstone",
              "minecraft:red_sand",
              "minecraft:red_sandstone"
            ],
            "offset": [
              0,
              -1,
              0
            ]
          }
        ]
      }
    }
  ]
}