{
  "parent": "minecraft:adventure/root",
  "display": {
    "icon": {
      "id": "minecraft:dark_oak_planks"
    },
    "title": {
      "translate": "advancements.adventure_find_mansion.title"
    },
    "description": {
      "translate": "advancements.adventure.find_mansion.description"
    },
    "frame": "task",
    "show_toast": true,
    "announce_to_chat": true,
    "hidden": false
  },
  "criteria": {
    "fortress": {
      "trigger": "minecraft:location",
      "conditions": {
        "player": [
          {
            "condition": "minecraft:entity_properties",
            "entity": "this",
            "predicate": {
              "location": {
                "structures": "minecraft:mansion"
              }
            }
          }
        ]
      }
    }
  },
  "requirements": [
    [
      "fortress"
    ]
  ]
}