{
  "model": {
    "type": "minecraft:select",
    "property": "minecraft:custom_model_data",
    "cases": [
      {
        "when": "black",
        "model": {
          "type": "minecraft:model",
          "model": "tcc:block/decorated_pot/glazed_terracotta/black"
        }
      },
      {
        "when": "blue",
        "model": {
          "type": "minecraft:model",
          "model": "tcc:block/decorated_pot/glazed_terracotta/blue"
        }
      },
      {
        "when": "brown",
        "model": {
          "type": "minecraft:model",
          "model": "tcc:block/decorated_pot/glazed_terracotta/brown"
        }
      },
      {
        "when": "cyan",
        "model": {
          "type": "minecraft:model",
          "model": "tcc:block/decorated_pot/glazed_terracotta/cyan"
        }
      },
      {
        "when": "gray",
        "model": {
          "type": "minecraft:model",
          "model": "tcc:block/decorated_pot/glazed_terracotta/gray"
        }
      },
      {
        "when": "green",
        "model": {
          "type": "minecraft:model",
          "model": "tcc:block/decorated_pot/glazed_terracotta/green"
        }
      },
      {
        "when": "light_blue",
        "model": {
          "type": "minecraft:model",
          "model": "tcc:block/decorated_pot/glazed_terracotta/light_blue"
        }
      },
      {
        "when": "light_gray",
        "model": {
          "type": "minecraft:model",
          "model": "tcc:block/decorated_pot/glazed_terracotta/light_gray"
        }
      },
      {
        "when": "lime",
        "model": {
          "type": "minecraft:model",
          "model": "tcc:block/decorated_pot/glazed_terracotta/lime"
        }
      },
      {
        "when": "magenta",
        "model": {
          "type": "minecraft:model",
          "model": "tcc:block/decorated_pot/glazed_terracotta/magenta"
        }
      },
      {
        "when": "orange",
        "model": {
          "type": "minecraft:model",
          "model": "tcc:block/decorated_pot/glazed_terracotta/orange"
        }
      },
      {
        "when": "pink",
        "model": {
          "type": "minecraft:model",
          "model": "tcc:block/decorated_pot/glazed_terracotta/pink"
        }
      },
      {
        "when": "purple",
        "model": {
          "type": "minecraft:model",
          "model": "tcc:block/decorated_pot/glazed_terracotta/purple"
        }
      },
      {
        "when": "red",
        "model": {
          "type": "minecraft:model",
          "model": "tcc:block/decorated_pot/glazed_terracotta/red"
        }
      },
      {
        "when": "white",
        "model": {
          "type": "minecraft:model",
          "model": "tcc:block/decorated_pot/glazed_terracotta/white"
        }
      },
      {
        "when": "yellow",
        "model": {
          "type": "minecraft:model",
          "model": "tcc:block/decorated_pot/glazed_terracotta/yellow"
        }
      }
    ]
  }
}