{
  "model": {
    "type": "minecraft:composite",
    "models": [
      {
        "type": "minecraft:select",
        "cases": [
          {
            "when": "blank",
            "model": {
              "type": "minecraft:model",
              "model": "tcc:block/decorated_pot/resin_brick/side/blank/south"
            }
          },
          {
            "when": "awaken",
            "model": {
              "type": "minecraft:model",
              "model": "tcc:block/decorated_pot/resin_brick/side/awaken/south"
            }
          },
          {
            "when": "blight",
            "model": {
              "type": "minecraft:model",
              "model": "tcc:block/decorated_pot/resin_brick/side/blight/south"
            }
          },
          {
            "when": "link",
            "model": {
              "type": "minecraft:model",
              "model": "tcc:block/decorated_pot/resin_brick/side/link/south"
            }
          },
          {
            "when": "moon",
            "model": {
              "type": "minecraft:model",
              "model": "tcc:block/decorated_pot/resin_brick/side/moon/south"
            }
          },
          {
            "when": "shade",
            "model": {
              "type": "minecraft:model",
              "model": "tcc:block/decorated_pot/resin_brick/side/shade/south"
            }
          },
          {
            "when": "slumber",
            "model": {
              "type": "minecraft:model",
              "model": "tcc:block/decorated_pot/resin_brick/side/slumber/south"
            }
          },
          {
            "when": "stare",
            "model": {
              "type": "minecraft:model",
              "model": "tcc:block/decorated_pot/resin_brick/side/stare/south"
            }
          },
          {
            "when": "watcher",
            "model": {
              "type": "minecraft:model",
              "model": "tcc:block/decorated_pot/resin_brick/side/watcher/south"
            }
          }
        ],
        "property": "minecraft:custom_model_data",
        "index": 0,
        "fallback": {
          "type": "minecraft:model",
          "model": "tcc:block/decorated_pot/resin_brick/side/blank/south"
        }
      },
      {
        "type": "minecraft:select",
        "cases": [
          {
            "when": "blank",
            "model": {
              "type": "minecraft:model",
              "model": "tcc:block/decorated_pot/resin_brick/side/blank/west"
            }
          },
          {
            "when": "awaken",
            "model": {
              "type": "minecraft:model",
              "model": "tcc:block/decorated_pot/resin_brick/side/awaken/west"
            }
          },
          {
            "when": "blight",
            "model": {
              "type": "minecraft:model",
              "model": "tcc:block/decorated_pot/resin_brick/side/blight/west"
            }
          },
          {
            "when": "link",
            "model": {
              "type": "minecraft:model",
              "model": "tcc:block/decorated_pot/resin_brick/side/link/west"
            }
          },
          {
            "when": "moon",
            "model": {
              "type": "minecraft:model",
              "model": "tcc:block/decorated_pot/resin_brick/side/moon/west"
            }
          },
          {
            "when": "shade",
            "model": {
              "type": "minecraft:model",
              "model": "tcc:block/decorated_pot/resin_brick/side/shade/west"
            }
          },
          {
            "when": "slumber",
            "model": {
              "type": "minecraft:model",
              "model": "tcc:block/decorated_pot/resin_brick/side/slumber/west"
            }
          },
          {
            "when": "stare",
            "model": {
              "type": "minecraft:model",
              "model": "tcc:block/decorated_pot/resin_brick/side/stare/west"
            }
          },
          {
            "when": "watcher",
            "model": {
              "type": "minecraft:model",
              "model": "tcc:block/decorated_pot/resin_brick/side/watcher/west"
            }
          }
        ],
        "property": "minecraft:custom_model_data",
        "index": 1,
        "fallback": {
          "type": "minecraft:model",
          "model": "tcc:block/decorated_pot/resin_brick/side/blank/west"
        }
      },
      {
        "type": "minecraft:select",
        "cases": [
          {
            "when": "blank",
            "model": {
              "type": "minecraft:model",
              "model": "tcc:block/decorated_pot/resin_brick/side/blank/east"
            }
          },
          {
            "when": "awaken",
            "model": {
              "type": "minecraft:model",
              "model": "tcc:block/decorated_pot/resin_brick/side/awaken/east"
            }
          },
          {
            "when": "blight",
            "model": {
              "type": "minecraft:model",
              "model": "tcc:block/decorated_pot/resin_brick/side/blight/east"
            }
          },
          {
            "when": "link",
            "model": {
              "type": "minecraft:model",
              "model": "tcc:block/decorated_pot/resin_brick/side/link/east"
            }
          },
          {
            "when": "moon",
            "model": {
              "type": "minecraft:model",
              "model": "tcc:block/decorated_pot/resin_brick/side/moon/east"
            }
          },
          {
            "when": "shade",
            "model": {
              "type": "minecraft:model",
              "model": "tcc:block/decorated_pot/resin_brick/side/shade/east"
            }
          },
          {
            "when": "slumber",
            "model": {
              "type": "minecraft:model",
              "model": "tcc:block/decorated_pot/resin_brick/side/slumber/east"
            }
          },
          {
            "when": "stare",
            "model": {
              "type": "minecraft:model",
              "model": "tcc:block/decorated_pot/resin_brick/side/stare/east"
            }
          },
          {
            "when": "watcher",
            "model": {
              "type": "minecraft:model",
              "model": "tcc:block/decorated_pot/resin_brick/side/watcher/east"
            }
          }
        ],
        "property": "minecraft:custom_model_data",
        "index": 2,
        "fallback": {
          "type": "minecraft:model",
          "model": "tcc:block/decorated_pot/resin_brick/side/blank/east"
        }
      },
      {
        "type": "minecraft:select",
        "cases": [
          {
            "when": "blank",
            "model": {
              "type": "minecraft:model",
              "model": "tcc:block/decorated_pot/resin_brick/side/blank/north"
            }
          },
          {
            "when": "awaken",
            "model": {
              "type": "minecraft:model",
              "model": "tcc:block/decorated_pot/resin_brick/side/awaken/north"
            }
          },
          {
            "when": "blight",
            "model": {
              "type": "minecraft:model",
              "model": "tcc:block/decorated_pot/resin_brick/side/blight/north"
            }
          },
          {
            "when": "link",
            "model": {
              "type": "minecraft:model",
              "model": "tcc:block/decorated_pot/resin_brick/side/link/north"
            }
          },
          {
            "when": "moon",
            "model": {
              "type": "minecraft:model",
              "model": "tcc:block/decorated_pot/resin_brick/side/moon/north"
            }
          },
          {
            "when": "shade",
            "model": {
              "type": "minecraft:model",
              "model": "tcc:block/decorated_pot/resin_brick/side/shade/north"
            }
          },
          {
            "when": "slumber",
            "model": {
              "type": "minecraft:model",
              "model": "tcc:block/decorated_pot/resin_brick/side/slumber/north"
            }
          },
          {
            "when": "stare",
            "model": {
              "type": "minecraft:model",
              "model": "tcc:block/decorated_pot/resin_brick/side/stare/north"
            }
          },
          {
            "when": "watcher",
            "model": {
              "type": "minecraft:model",
              "model": "tcc:block/decorated_pot/resin_brick/side/watcher/north"
            }
          }
        ],
        "property": "minecraft:custom_model_data",
        "index": 3,
        "fallback": {
          "type": "minecraft:model",
          "model": "tcc:block/decorated_pot/resin_brick/side/blank/north"
        }
      },
      {
        "type": "minecraft:model",
        "model": "tcc:block/decorated_pot/resin_brick/base"
      }
    ]
  }
}