{
	"type": "minecraft:block",
	"pools": [
	  {
		"bonus_rolls": 0.0,
		"entries": [
		  {
			"type": "minecraft:item",
			"functions": [
			  {
				"add": false,
				"conditions": [
				  {
					"block": "minecraft:resin_brick_slab",
					"condition": "minecraft:block_state_property",
					"properties": {
					  "type": "double"
					}
				  }
				],
				"count": 2.0,
				"function": "minecraft:set_count"
			  },
			  {
				"function": "minecraft:explosion_decay"
			  }
			],
			"name": "minecraft:resin_brick_slab"
		  }
		],
		"rolls": 1.0
	  }
	],
	"random_sequence": "minecraft:blocks/resin_brick_slab"
  }