{
	"texture_size": [48, 48],
	"textures": {
		"1": "expansion:armor/trader_helmet",
		"particle": "expansion:armor/trader_helmet"
	},
	"elements": [
		{
			"from": [4, 2, 4],
			"to": [12, 12, 12],
			"rotation": {"angle": 0, "axis": "y", "origin": [4, 3, 4]},
			"faces": {
				"north": {"uv": [3.33333, 0, 6, 3.33333], "texture": "#1"},
				"east": {"uv": [3.33333, 3.66667, 6, 7], "texture": "#1"},
				"south": {"uv": [6.33333, 0, 9, 3.33333], "texture": "#1"},
				"west": {"uv": [6.33333, 3.66667, 9, 7], "texture": "#1"},
				"up": {"uv": [2.66667, 9.33333, 0, 6.66667], "texture": "#1"},
				"down": {"uv": [5.66667, 7.33333, 3, 10], "texture": "#1"}
			}
		},
		{
			"from": [7, 2, 2.5],
			"to": [9, 6, 4],
			"faces": {
				"north": {"uv": [6, 9.33333, 6.66667, 10.83333], "texture": "#1"},
				"east": {"uv": [9.33333, 7.33333, 9.83333, 8.83333], "texture": "#1"},
				"south": {"uv": [7, 9.33333, 7.66667, 10.83333], "texture": "#1"},
				"west": {"uv": [8, 9.33333, 8.5, 10.83333], "texture": "#1"},
				"up": {"uv": [1.33333, 10.16667, 0.66667, 9.66667], "texture": "#1"},
				"down": {"uv": [2.33333, 9.66667, 1.66667, 10.16667], "texture": "#1"}
			}
		},
		{
			"from": [3.75, 3, 3.75],
			"to": [4, 4, 5],
			"rotation": {"angle": 0, "axis": "y", "origin": [16, 0, 0]},
			"faces": {
				"north": {"uv": [7, 11.33333, 7.16667, 11.66667], "texture": "#1"},
				"east": {"uv": [4.66667, 10.33333, 5.16667, 10.66667], "texture": "#1"},
				"south": {"uv": [11.33333, 7, 11.5, 7.33333], "texture": "#1"},
				"west": {"uv": [10.33333, 4.66667, 10.83333, 5], "texture": "#1"},
				"up": {"uv": [11.16667, 11.5, 11, 11], "texture": "#1"},
				"down": {"uv": [0.83333, 11.33333, 0.66667, 11.83333], "texture": "#1"}
			}
		},
		{
			"from": [12, 3, 3.75],
			"to": [12.25, 4, 5],
			"faces": {
				"north": {"uv": [11.66667, 10.33333, 11.83333, 10.66667], "texture": "#1"},
				"east": {"uv": [10.33333, 5.33333, 10.83333, 5.66667], "texture": "#1"},
				"south": {"uv": [11.66667, 11, 11.83333, 11.33333], "texture": "#1"},
				"west": {"uv": [10.33333, 6, 10.83333, 6.33333], "texture": "#1"},
				"up": {"uv": [1.5, 11.83333, 1.33333, 11.33333], "texture": "#1"},
				"down": {"uv": [2.16667, 11.33333, 2, 11.83333], "texture": "#1"}
			}
		},
		{
			"from": [12, 3, 11],
			"to": [12.25, 4, 12.25],
			"rotation": {"angle": 0, "axis": "y", "origin": [0, 0, 16]},
			"faces": {
				"north": {"uv": [12, 4, 12.16667, 4.33333], "texture": "#1"},
				"east": {"uv": [10.33333, 6.66667, 10.83333, 7], "texture": "#1"},
				"south": {"uv": [4.66667, 12, 4.83333, 12.33333], "texture": "#1"},
				"west": {"uv": [10.33333, 7.33333, 10.83333, 7.66667], "texture": "#1"},
				"up": {"uv": [11.5, 2.5, 11.33333, 2], "texture": "#1"},
				"down": {"uv": [2.83333, 11.33333, 2.66667, 11.83333], "texture": "#1"}
			}
		},
		{
			"from": [3.75, 3, 11],
			"to": [4, 4, 12.25],
			"rotation": {"angle": 0, "axis": "y", "origin": [16, 0, 16]},
			"faces": {
				"north": {"uv": [7, 12, 7.16667, 12.33333], "texture": "#1"},
				"east": {"uv": [10.33333, 8, 10.83333, 8.33333], "texture": "#1"},
				"south": {"uv": [12, 7.33333, 12.16667, 7.66667], "texture": "#1"},
				"west": {"uv": [10.33333, 8.66667, 10.83333, 9], "texture": "#1"},
				"up": {"uv": [11.5, 3.5, 11.33333, 3], "texture": "#1"},
				"down": {"uv": [11.5, 4, 11.33333, 4.5], "texture": "#1"}
			}
		},
		{
			"from": [3.75, 3, 7],
			"to": [4, 4.5, 9],
			"rotation": {"angle": 0, "axis": "y", "origin": [16, 0, 16]},
			"faces": {
				"north": {"uv": [11.33333, 5, 11.5, 5.5], "texture": "#1"},
				"east": {"uv": [9.66667, 9.33333, 10.33333, 9.83333], "texture": "#1"},
				"south": {"uv": [5.66667, 11.33333, 5.83333, 11.83333], "texture": "#1"},
				"west": {"uv": [10.33333, 2, 11, 2.5], "texture": "#1"},
				"up": {"uv": [5.16667, 11.66667, 5, 11], "texture": "#1"},
				"down": {"uv": [9.83333, 11, 9.66667, 11.66667], "texture": "#1"}
			}
		},
		{
			"from": [12, 3, 7],
			"to": [12.25, 4.5, 9],
			"rotation": {"angle": 0, "axis": "y", "origin": [16, 0, 16]},
			"faces": {
				"north": {"uv": [11.33333, 6, 11.5, 6.5], "texture": "#1"},
				"east": {"uv": [2.66667, 10.33333, 3.33333, 10.83333], "texture": "#1"},
				"south": {"uv": [6.33333, 11.33333, 6.5, 11.83333], "texture": "#1"},
				"west": {"uv": [10.33333, 3, 11, 3.5], "texture": "#1"},
				"up": {"uv": [11.16667, 10.66667, 11, 10], "texture": "#1"},
				"down": {"uv": [10.5, 11, 10.33333, 11.66667], "texture": "#1"}
			}
		},
		{
			"from": [4, 3, 3.75],
			"to": [5, 4, 4],
			"rotation": {"angle": 0, "axis": "y", "origin": [4.75, 4.5, 3.875]},
			"faces": {
				"north": {"uv": [9.66667, 10.33333, 10, 10.66667], "texture": "#1"},
				"east": {"uv": [7.66667, 11.33333, 7.83333, 11.66667], "texture": "#1"},
				"south": {"uv": [10.33333, 10.33333, 10.66667, 10.66667], "texture": "#1"},
				"west": {"uv": [11.33333, 7.66667, 11.5, 8], "texture": "#1"},
				"up": {"uv": [8.66667, 11.5, 8.33333, 11.33333], "texture": "#1"},
				"down": {"uv": [11.66667, 8.33333, 11.33333, 8.5], "texture": "#1"}
			}
		},
		{
			"from": [11, 3, 3.75],
			"to": [12, 4, 4],
			"rotation": {"angle": 0, "axis": "y", "origin": [11.25, 4.5, 3.875]},
			"faces": {
				"north": {"uv": [0.66667, 10.66667, 1, 11], "texture": "#1"},
				"east": {"uv": [11.33333, 9, 11.5, 9.33333], "texture": "#1"},
				"south": {"uv": [1.33333, 10.66667, 1.66667, 11], "texture": "#1"},
				"west": {"uv": [3.33333, 11.66667, 3.5, 12], "texture": "#1"},
				"up": {"uv": [4.33333, 11.83333, 4, 11.66667], "texture": "#1"},
				"down": {"uv": [12, 9.66667, 11.66667, 9.83333], "texture": "#1"}
			}
		},
		{
			"from": [11, 3, 12],
			"to": [12, 4, 12.25],
			"rotation": {"angle": 0, "axis": "y", "origin": [11.25, 4.5, 12.125]},
			"faces": {
				"north": {"uv": [2, 10.66667, 2.33333, 11], "texture": "#1"},
				"east": {"uv": [11.66667, 11.66667, 11.83333, 12], "texture": "#1"},
				"south": {"uv": [10.66667, 9.33333, 11, 9.66667], "texture": "#1"},
				"west": {"uv": [12, 2, 12.16667, 2.33333], "texture": "#1"},
				"up": {"uv": [12.33333, 2.83333, 12, 2.66667], "texture": "#1"},
				"down": {"uv": [12.33333, 3.33333, 12, 3.5], "texture": "#1"}
			}
		},
		{
			"from": [4, 3, 12],
			"to": [5, 4, 12.25],
			"rotation": {"angle": 0, "axis": "y", "origin": [4.75, 4.5, 12.125]},
			"faces": {
				"north": {"uv": [3.66667, 11, 4, 11.33333], "texture": "#1"},
				"east": {"uv": [12, 4.66667, 12.16667, 5], "texture": "#1"},
				"south": {"uv": [4.33333, 11, 4.66667, 11.33333], "texture": "#1"},
				"west": {"uv": [12, 5.33333, 12.16667, 5.66667], "texture": "#1"},
				"up": {"uv": [12.33333, 6.16667, 12, 6], "texture": "#1"},
				"down": {"uv": [12.33333, 6.66667, 12, 6.83333], "texture": "#1"}
			}
		},
		{
			"from": [7, 1.5, 12],
			"to": [9, 8, 12.75],
			"faces": {
				"north": {"uv": [9.33333, 2, 10, 4.16667], "texture": "#1"},
				"east": {"uv": [9, 9.33333, 9.33333, 11.5], "texture": "#1"},
				"south": {"uv": [9.33333, 4.66667, 10, 6.83333], "texture": "#1"},
				"west": {"uv": [0, 9.66667, 0.33333, 11.83333], "texture": "#1"},
				"up": {"uv": [4.33333, 10.66667, 3.66667, 10.33333], "texture": "#1"},
				"down": {"uv": [11, 4, 10.33333, 4.33333], "texture": "#1"}
			}
		},
		{
			"from": [3.5, 1.5, 3.5],
			"to": [12.5, 3, 12.5],
			"faces": {
				"north": {"uv": [6, 7.33333, 9, 7.83333], "texture": "#1"},
				"east": {"uv": [6, 8.33333, 9, 8.83333], "texture": "#1"},
				"south": {"uv": [9.33333, 0, 12.33333, 0.5], "texture": "#1"},
				"west": {"uv": [9.33333, 1, 12.33333, 1.5], "texture": "#1"},
				"up": {"uv": [3, 3, 0, 0], "texture": "#1"},
				"down": {"uv": [3, 3.33333, 0, 6.33333], "texture": "#1"}
			}
		}
	],
	"gui_light": "front",
	"display": {
		"thirdperson_righthand": {
			"rotation": [75, 45, 0],
			"translation": [0, 2.5, 0],
			"scale": [0.375, 0.375, 0.375]
		},
		"thirdperson_lefthand": {
			"rotation": [75, 45, 0],
			"translation": [0, 2.5, 0],
			"scale": [0.375, 0.375, 0.375]
		},
		"firstperson_righthand": {
			"rotation": [0, 45, 0],
			"scale": [0.4, 0.4, 0.4]
		},
		"firstperson_lefthand": {
			"rotation": [0, 225, 0],
			"scale": [0.4, 0.4, 0.4]
		},
		"ground": {
			"translation": [0, 3, 0]
		},
		"gui": {
			"rotation": [30, 225, 0]
		},
		"head": {
			"scale": [1.9, 1.9, 1.9]
		}
	}
}