{
  "parent": "minecraft:end/find_end_city",
  "display": {
    "icon": {
      "id": "minecraft:shulker_shell"
    },
    "title": {
      "translate": "advancements.end.levitate.title"
    },
    "description": {
      "translate": "advancements.end.levitate.description"
    },
    "frame": "challenge",
    "show_toast": true,
    "announce_to_chat": true,
    "hidden": false
  },
  "rewards": {
    "experience": 50
  },
  "criteria": {
    "levitated": {
      "trigger": "minecraft:levitation",
      "conditions": {
        "distance": {
          "y": {
            "min": 50
          }
        },
        "player": [
          {
            "condition": "minecraft:inverted",
            "term": {
              "condition": "minecraft:entity_properties",
              "entity": "this",
              "predicate": {
                "nbt": "{active_effects:[{id:\"minecraft:levitation\",amplifier:50b}]}"
              }
            }
          }
        ]
      }
    }
  },
  "requirements": [
    [
      "levitated"
    ]
  ]
}
