{
	"textures": {
		"1": "animated_java:blueprint/enhancer/texture",
		"particle": "minecraft:item/pufferfish"
	},
	"display": {
		"head": {
			"rotation": [0, 180, 0]
		}
	},
	"elements": [
		{
			"from": [1, 4.66667, 7],
			"to": [2, 16.66667, 9],
			"rotation": {
				"angle": 0,
				"axis": "y",
				"origin": [7, 5.66667, 7]
			},
			"faces": {
				"north": {
					"uv": [3.5, 5, 3.625, 6.5],
					"texture": "#1"
				},
				"east": {
					"uv": [4.25, 2.5, 4.5, 4],
					"texture": "#1"
				},
				"south": {
					"uv": [3.75, 5, 3.875, 6.5],
					"texture": "#1"
				},
				"west": {
					"uv": [4, 4.25, 4.25, 5.75],
					"texture": "#1"
				},
				"up": {
					"uv": [0.875, 6.875, 0.75, 6.625],
					"texture": "#1"
				},
				"down": {
					"uv": [0.875, 7, 0.75, 7.25],
					"texture": "#1"
				}
			}
		},
		{
			"from": [2, 4.66667, 7.5],
			"to": [3, 15.66667, 8.5],
			"rotation": {
				"angle": 0,
				"axis": "y",
				"origin": [8, 5.66667, 7.5]
			},
			"faces": {
				"north": {
					"uv": [4, 5.875, 4.125, 7.25],
					"texture": "#1"
				},
				"east": {
					"uv": [4.625, 6, 4.75, 7.375],
					"texture": "#1"
				},
				"south": {
					"uv": [4.875, 6, 5, 7.375],
					"texture": "#1"
				},
				"west": {
					"uv": [5.125, 6, 5.25, 7.375],
					"texture": "#1"
				},
				"up": {
					"uv": [1, 7.75, 0.875, 7.625],
					"texture": "#1"
				},
				"down": {
					"uv": [1.25, 7.625, 1.125, 7.75],
					"texture": "#1"
				}
			}
		},
		{
			"from": [1, 3.66667, 7],
			"to": [15, 4.66667, 9],
			"rotation": {
				"angle": 0,
				"axis": "y",
				"origin": [7, 3.66667, 7]
			},
			"faces": {
				"north": {
					"uv": [4.625, 2.875, 6.375, 3],
					"texture": "#1"
				},
				"east": {
					"uv": [7.125, 1.25, 7.375, 1.375],
					"texture": "#1"
				},
				"south": {
					"uv": [4.625, 3.125, 6.375, 3.25],
					"texture": "#1"
				},
				"west": {
					"uv": [7.125, 1.5, 7.375, 1.625],
					"texture": "#1"
				},
				"up": {
					"uv": [3.875, 4.5, 2.125, 4.25],
					"texture": "#1"
				},
				"down": {
					"uv": [6, 2.125, 4.25, 2.375],
					"texture": "#1"
				}
			}
		},
		{
			"from": [7, 0.66667, 7],
			"to": [9, 3.66667, 9],
			"rotation": {
				"angle": 0,
				"axis": "y",
				"origin": [7, 0.66667, 7]
			},
			"faces": {
				"north": {
					"uv": [6.375, 1.5, 6.625, 1.875],
					"texture": "#1"
				},
				"east": {
					"uv": [6.25, 6.375, 6.5, 6.75],
					"texture": "#1"
				},
				"south": {
					"uv": [6.5, 2.75, 6.75, 3.125],
					"texture": "#1"
				},
				"west": {
					"uv": [0, 6.625, 0.25, 7],
					"texture": "#1"
				},
				"up": {
					"uv": [0.625, 6.875, 0.375, 6.625],
					"texture": "#1"
				},
				"down": {
					"uv": [6.875, 0.5, 6.625, 0.75],
					"texture": "#1"
				}
			}
		},
		{
			"from": [13, 4.66667, 7.5],
			"to": [14, 15.66667, 8.5],
			"rotation": {
				"angle": 0,
				"axis": "y",
				"origin": [19, 5.66667, 7.5]
			},
			"faces": {
				"north": {
					"uv": [5.375, 6, 5.5, 7.375],
					"texture": "#1"
				},
				"east": {
					"uv": [6, 5.625, 6.125, 7],
					"texture": "#1"
				},
				"south": {
					"uv": [2.5, 6.125, 2.625, 7.5],
					"texture": "#1"
				},
				"west": {
					"uv": [2.75, 6.125, 2.875, 7.5],
					"texture": "#1"
				},
				"up": {
					"uv": [1.5, 7.75, 1.375, 7.625],
					"texture": "#1"
				},
				"down": {
					"uv": [7.75, 2.25, 7.625, 2.375],
					"texture": "#1"
				}
			}
		},
		{
			"from": [14, 4.66667, 7],
			"to": [15, 16.66667, 9],
			"rotation": {
				"angle": 0,
				"axis": "y",
				"origin": [20, 5.66667, 7]
			},
			"faces": {
				"north": {
					"uv": [4.375, 5.75, 4.5, 7.25],
					"texture": "#1"
				},
				"east": {
					"uv": [4.375, 4.125, 4.625, 5.625],
					"texture": "#1"
				},
				"south": {
					"uv": [5.75, 5.625, 5.875, 7.125],
					"texture": "#1"
				},
				"west": {
					"uv": [2.125, 4.625, 2.375, 6.125],
					"texture": "#1"
				},
				"up": {
					"uv": [7.25, 2, 7.125, 1.75],
					"texture": "#1"
				},
				"down": {
					"uv": [3.125, 7.125, 3, 7.375],
					"texture": "#1"
				}
			}
		}
	]
}