{
  "type": "minecraft:jigsaw",
  "use_expansion_hack": false,
  "max_distance_from_center": 80,
  "project_start_to_heightmap": "WORLD_SURFACE_WG",
  "size": 7,
  "start_height": {
    "absolute": 0
  },
  "biomes": "#minecraft:has_structure/woodland_mansion",
  "start_pool": "tcc:woodland_mansion/main",
  "start_jigsaw_name": "tcc:anchor",
  "spawn_overrides": {
    "monster": {
      "spawns": [],
      "bounding_box": "full"
    }
  },
  "terrain_adaptation": "beard_box",
  "step": "surface_structures",
  "liquid_settings": "ignore_waterlogging"
}