{
  "function": "minecraft:set_lore",
  "mode": "append",
  "lore": [
    {
      "text": ""
    },
    [
      {
        "translate": "exp_modules_secondary_explainer"
      },
      {
        "translate": "exp_modules_secondary_reinforced",
        "bold": true,
        "italic": false,
        "color": "dark_gray"
      }
    ],
    [
      {
        "translate": "exp_modules_durability_lore"
      },
      {
        "text": "+50%",
        "color": "green",
        "bold": true,
        "italic": false
      }
    ],
    [
      {
        "translate": "exp_modules_speed_lore"
      },
      {
        "text": "-10%",
        "color": "red",
        "bold": true,
        "italic": false
      }
    ],
    [
      {
        "translate": "exp_modules_coldresist_lore"
      },
      {
        "text": "+2",
        "color": "green",
        "bold": true,
        "italic": false
      }
    ],
    [
      {
        "translate": "exp_modules_heatresist_lore"
      },
      {
        "text": "+4",
        "color": "green",
        "bold": true,
        "italic": false
      }
    ]
  ]
}