{
  "function": "minecraft:set_lore",
  "mode": "append",
  "lore": [
    {
      "text": ""
    },
    [
      {
        "translate": "exp_modules_secondary_explainer"
      },
      {
        "translate": "exp_modules_secondary_stable",
        "bold": true,
        "italic": false,
        "color": "yellow"
      }
    ],
    [
      {
        "translate": "exp_modules_coldresist_lore"
      },
      {
        "text": "+3",
        "color": "green",
        "bold": true,
        "italic": false
      }
    ],
    [
      {
        "translate": "exp_modules_heatresist_lore"
      },
      {
        "text": "+3",
        "color": "green",
        "bold": true,
        "italic": false
      }
    ]
  ]
}