{
	"credit": "Made with Blockbench",
	"texture_size": [64, 64],
	"textures": {
		"2": "expansion:armor/helmets/hazmat",
		"particle": "expansion:armor/helmets/hazmat"
	},
	"elements": [
		{
			"name": "main",
			"from": [2.775, 1.675, 2.775],
			"to": [13.225, 12.125, 13.225],
			"rotation": {"angle": 0, "axis": "y", "origin": [2.775, 1.675, 2.775]},
			"faces": {
				"north": {"uv": [2.5, 4.25, 5, 6.75], "texture": "#2"},
				"east": {"uv": [0, 5, 2.5, 7.5], "texture": "#2"},
				"south": {"uv": [5, 0, 7.5, 2.5], "texture": "#2"},
				"west": {"uv": [5, 2.5, 7.5, 5], "texture": "#2"},
				"up": {"uv": [7.5, 7.5, 5, 5], "texture": "#2"},
				"down": {"uv": [5, 6.75, 2.5, 9.25], "texture": "#2"}
			}
		},
		{
			"name": "overlay",
			"from": [2.5, 1.4, 2.5],
			"to": [13.5, 12.4, 13.5],
			"rotation": {"angle": 0, "axis": "y", "origin": [2.775, 1.675, 2.5]},
			"faces": {
				"north": {"uv": [0, 7.5, 2.5, 10], "texture": "#2"},
				"east": {"uv": [7.5, 0, 10, 2.5], "texture": "#2"},
				"south": {"uv": [7.5, 2.5, 10, 5], "texture": "#2"},
				"west": {"uv": [5, 7.5, 7.5, 10], "texture": "#2"},
				"up": {"uv": [10, 7.5, 7.5, 5], "texture": "#2"},
				"down": {"uv": [10, 7.5, 7.5, 10], "texture": "#2"}
			}
		},
		{
			"from": [13.235, 3.05, 6.35],
			"to": [14.61, 6.35, 9.65],
			"rotation": {"angle": 0, "axis": "y", "origin": [14.3277, 4.28759, 9.5125]},
			"faces": {
				"north": {"uv": [4, 3.5, 3.75, 4.25], "texture": "#2"},
				"east": {"uv": [4.75, 3.5, 4, 4.25], "texture": "#2"},
				"south": {"uv": [5, 3.5, 4.75, 4.25], "texture": "#2"},
				"west": {"uv": [3.75, 3.5, 3, 4.25], "texture": "#2"},
				"up": {"uv": [3.75, 3.5, 4, 2.75], "texture": "#2"},
				"down": {"uv": [4, 2.75, 4.25, 3.5], "texture": "#2"}
			}
		},
		{
			"from": [1.399, 3.05, 6.35],
			"to": [2.774, 6.35, 9.65],
			"rotation": {"angle": 0, "axis": "y", "origin": [1.6723, 4.28759, 9.5125]},
			"faces": {
				"north": {"uv": [3.75, 3.5, 4, 4.25], "texture": "#2"},
				"east": {"uv": [3, 3.5, 3.75, 4.25], "texture": "#2"},
				"south": {"uv": [4.75, 3.5, 5, 4.25], "texture": "#2"},
				"west": {"uv": [4, 3.5, 4.75, 4.25], "texture": "#2"},
				"up": {"uv": [4, 3.5, 3.75, 2.75], "texture": "#2"},
				"down": {"uv": [4.25, 2.75, 4, 3.5], "texture": "#2"}
			}
		},
		{
			"from": [3.6, 0.3, 12.4],
			"to": [12.4, 10.2, 14.6],
			"rotation": {"angle": 0, "axis": "y", "origin": [6.9, 1.4, 12.4]},
			"faces": {
				"north": {"uv": [5.25, 0.25, 7.25, 2.5], "texture": "#2"},
				"east": {"uv": [0, 0.5, 0.5, 2.75], "texture": "#2"},
				"south": {"uv": [3, 0.5, 5, 2.75], "texture": "#2"},
				"west": {"uv": [2.5, 0.5, 3, 2.75], "texture": "#2"},
				"up": {"uv": [2.5, 0.5, 0.5, 0], "texture": "#2"},
				"down": {"uv": [4.5, 0, 2.5, 0.5], "texture": "#2"}
			}
		},
		{
			"from": [2.225, 0.575, 1.675],
			"to": [5.8, 2.775, 3.875],
			"rotation": {"angle": 0, "axis": "y", "origin": [5.6625, -1.88332, 8.70418]},
			"faces": {
				"north": {"uv": [0.5, 4.5, 1.25, 5], "texture": "#2"},
				"east": {"uv": [0, 4.5, 0.5, 5], "texture": "#2"},
				"south": {"uv": [1.75, 4.5, 2.5, 5], "texture": "#2"},
				"west": {"uv": [1.25, 4.5, 1.75, 5], "texture": "#2"},
				"up": {"uv": [1.25, 4.5, 0.5, 4], "texture": "#2"},
				"down": {"uv": [2, 4, 1.25, 4.5], "texture": "#2"}
			}
		},
		{
			"from": [10.2, 0.575, 1.675],
			"to": [13.775, 2.775, 3.875],
			"rotation": {"angle": 0, "axis": "y", "origin": [10.3375, -1.88332, 8.70418]},
			"faces": {
				"north": {"uv": [1.25, 4.5, 0.5, 5], "texture": "#2"},
				"east": {"uv": [1.75, 4.5, 1.25, 5], "texture": "#2"},
				"south": {"uv": [2.5, 4.5, 1.75, 5], "texture": "#2"},
				"west": {"uv": [0.5, 4.5, 0, 5], "texture": "#2"},
				"up": {"uv": [0.5, 4.5, 1.25, 4], "texture": "#2"},
				"down": {"uv": [1.25, 4, 2, 4.5], "texture": "#2"}
			}
		},
		{
			"from": [5.8, 0.575, 0.85],
			"to": [10.2, 3.875, 3.05],
			"rotation": {"angle": 0, "axis": "y", "origin": [8.9625, -1.05832, 9.25418]},
			"faces": {
				"north": {"uv": [0.5, 3.25, 1.5, 4], "texture": "#2"},
				"east": {"uv": [0, 3.25, 0.5, 4], "texture": "#2"},
				"south": {"uv": [2, 3.25, 3, 4], "texture": "#2"},
				"west": {"uv": [1.5, 3.25, 2, 4], "texture": "#2"},
				"up": {"uv": [1.5, 3.25, 0.5, 2.75], "texture": "#2"},
				"down": {"uv": [2.5, 2.75, 1.5, 3.25], "texture": "#2"}
			}
		},
		{
			"name": "main inverted",
			"from": [13.225, 12.125, 13.225],
			"to": [2.775, 1.675, 2.775],
			"rotation": {"angle": 0, "axis": "y", "origin": [2.775, 1.675, 2.775]},
			"faces": {
				"north": {"uv": [5, 2.5, 7.5, 0], "texture": "#2"},
				"east": {"uv": [5, 5, 7.5, 2.5], "texture": "#2"},
				"south": {"uv": [2.5, 6.75, 5, 4.25], "texture": "#2"},
				"west": {"uv": [0, 7.5, 2.5, 5], "texture": "#2"},
				"up": {"uv": [2.5, 6.75, 5, 9.25], "texture": "#2"},
				"down": {"uv": [5, 7.5, 7.5, 5], "texture": "#2"}
			}
		}
	],
	"display": {
		"thirdperson_righthand": {
			"rotation": [70, 0, 0],
			"translation": [-5.75, 4.25, 2.75]
		},
		"thirdperson_lefthand": {
			"rotation": [70, 0, 0],
			"translation": [-5.75, 4.25, 2.75]
		},
		"firstperson_righthand": {
			"translation": [-9.25, 0, 0]
		},
		"firstperson_lefthand": {
			"translation": [-9.25, 0, 0]
		},
		"ground": {
			"translation": [0, 2, 0],
			"scale": [0.5, 0.5, 0.5]
		},
		"gui": {
			"rotation": [30, 225, 0],
			"scale": [0.625, 0.625, 0.625]
		},
		"head": {
			"translation": [0, 1.85, 0],
			"scale": [1.5, 1.5, 1.5]
		},
		"fixed": {
			"rotation": [-90, 0, 0],
			"translation": [0, 0, -6.75],
			"scale": [1.2, 1.2, 1.2]
		}
	},
	"groups": [
		{
			"name": "helmet",
			"origin": [8, 24, 8],
			"color": 0,
			"children": [
				0,
				1,
				2,
				3,
				4,
				{
					"name": "breather_1",
					"origin": [8.875, 16.26517, 8.89017],
					"color": 0,
					"children": [5, 6, 7]
				},
				8
			]
		}
	]
}