{
  "model": {
    "type": "minecraft:condition",
    "property": "minecraft:has_component",
    "component": "minecraft:written_book_content",
    "on_true": {
      "type": "minecraft:model",
      "model": "tcc:item/dyed_book/written/purple"
    },
    "on_false": {
      "type": "minecraft:condition",
      "property": "minecraft:has_component",
      "component": "minecraft:writable_book_content",
      "on_false": {
        "type": "minecraft:model",
        "model": "tcc:item/dyed_book/written/purple"
      },
      "on_true": {
        "type": "minecraft:model",
        "model": "tcc:item/dyed_book/writable/purple"
      }
    }
  }
}