{
  "type": "minecraft:crafting_shaped",
  "category": "equipment",
  "pattern": [
    "##c",
    "#S#",
    "## "
  ],
  "key": {
    "#": "minecraft:leather",
    "S": "minecraft:string",
    "c": "minecraft:yellow_carpet"
  },
  "result": {
    "id": "minecraft:carrot_on_a_stick",
    "count": 1,
    "components": {
      "minecraft:item_model": "ulg:backpack/camping",
      "minecraft:custom_model_data": {
        "colors": [
          11560728,
          11560728,
          11560728,
          11560728,
          16776960,
          16759559
        ]
      },
      "minecraft:custom_data": {
        "bp": {
          "Inventory": [],
          "Opened": false,
          "newV": 2
        }
      },
      "minecraft:item_name": {
        "translate": "ulg.item.backpack.camping",
        "fallback": "Camping Backpack",
        "color": "gold",
        "italic": false
      }
    }
  }
}
