{
  "type": "minecraft:archaeology",
  "pools": [
    {
      "bonus_rolls": 0.0,
      "entries": [
        {
          "type": "minecraft:loot_table",
          "value": "tcc:items/pottery_sherd/prismarine/artifact",
          "weight": 2
        },
        {
          "type": "minecraft:loot_table",
          "value": "tcc:items/pottery_sherd/prismarine/catch",
          "weight": 2
        },
        {
          "type": "minecraft:loot_table",
          "value": "tcc:items/pottery_sherd/prismarine/ink",
          "weight": 2
        },
        {
          "type": "minecraft:loot_table",
          "value": "tcc:items/pottery_sherd/prismarine/protector",
          "weight": 2
        },
        {
          "type": "minecraft:loot_table",
          "value": "tcc:items/pottery_sherd/prismarine/shell",
          "weight": 2
        },
        {
          "type": "minecraft:loot_table",
          "value": "tcc:items/sprouter_egg",
          "weight": 2
        },
        {
          "type": "minecraft:item",
          "name": "minecraft:coast_armor_trim_smithing_template",
          "weight": 1
        },
        {
          "type": "minecraft:item",
          "name": "minecraft:emerald",
          "weight": 4
        },
        {
          "type": "minecraft:item",
          "name": "minecraft:wheat",
          "weight": 4
        },
        {
          "type": "minecraft:item",
          "name": "minecraft:coal",
          "weight": 4
        },
        {
          "type": "minecraft:item",
          "name": "minecraft:gold_nugget",
          "weight": 4
        },
        {
          "type": "minecraft:item",
          "name": "minecraft:nautilus_shell",
          "weight": 2
        },
        {
          "type": "minecraft:item",
          "name": "minecraft:prismarine_crystals",
          "weight": 4
        },
        {
          "type": "minecraft:item",
          "name": "minecraft:prismarine_shard",
          "weight": 8
        }
      ],
      "rolls": 1.0
    }
  ],
  "random_sequence": "minecraft:archaeology/ocean_ruin_cold"
}