{
  "type": "minecraft:multi_action",
  "title": "Origins List",
  "external_title": "Select Origin",
  "can_close_with_escape": false,
  "pause": false,
  "after_action": "close",
  "exit_action": {
    "label": "No Origin (Human)",
    "tooltip": {
      "text": "WARNING: YOU CANNOT RETURN TO THIS SCREEN",
      "color": "red"
    }
  },
  "actions": [
    {
      "label": {
        "text": "Arachnid",
        "color": "dark_gray"
      },
      "action": {
        "type": "run_command",
        "command": "/trigger zzorigin set 1"
      },
      "tooltip": "[Can climb walls by crouching near them]\n[Attacks leave players in cobwebs]\n[Health is reduced to 7 hearts]"
    },
    {
      "label": {
        "text": "Avian",
        "color": "gold"
      },
      "action": {
        "type": "run_command",
        "command": "/trigger zzorigin set 2"
      },
      "tooltip": "[Infinite Slow Falling]\n[Quicker Speeds]\n[Cannot eat meat]\n[Higher Jump]"
    },
    {
      "label": {
        "text": "Blazeborn",
        "color": "red"
      },
      "action": {
        "type": "run_command",
        "command": "/trigger zzorigin set 3"
      },
      "tooltip": "[Fire Resistance]\n[Poison Resistance]\n[Hunger Resistance]\n[Shoot fireballs by crouching and right-clicking with nothing in main-hand]\n[Spawns in Nether]\n[Takes Damage in Water]"
    },
    {
      "label": {
        "text": "Dwarf",
        "color": "yellow"
      },
      "action": {
        "type": "run_command",
        "command": "/trigger zzorigin set 4"
      },
      "tooltip": "[Shrinks to 1 block tall]\n[Mines faster under y30]\n[Health is reduced to 5 hearts]\n[Faster overall mining speed]"
    },
    {
      "label": {
        "text": "Elytrian",
        "color": "white"
      },
      "action": {
        "type": "run_command",
        "command": "/trigger zzorigin set 5"
      },
      "tooltip": "[Has infinite elytra]\n[Can launch upwards every 60 seconds by crouching and right-clicking with nothing in main-hand]\n[Health is reduced to 8 hearts]\n[Can only wear up to iron armor]"
    },
    {
      "label": {
        "text": "Enderian",
        "color": "light_purple"
      },
      "action": {
        "type": "run_command",
        "command": "/trigger zzorigin set 6"
      },
      "tooltip": "[Infinite Ender Pearls]\n[Takes Damage in Water]\n[Becomes blind around entities wearing pumpkins]"
    },
    {
      "label": {
        "text": "Evoker",
        "color": "gray"
      },
      "action": {
        "type": "run_command",
        "command": "/trigger zzorigin set 7"
      },
      "tooltip": "[Summon Evoker Fangs by crouching and right-clicking with nothing in main-hand]\n[Becomes hungry after using Fangs] "
    },
    {
      "label": {
        "text": "Giant",
        "color": "green"
      },
      "action": {
        "type": "run_command",
        "command": "/trigger zzorigin set 8"
      },
      "tooltip": "[Becomes 8 Blocks Tall]\n[Further Reach]\n[Health is increased to 20 Hearts]\n[Slower Movement Speed]"
    },
    {
      "label": {
        "text": "Merling",
        "color": "blue"
      },
      "action": {
        "type": "run_command",
        "command": "/trigger zzorigin set 9"
      },
      "tooltip": "[Can breathe underwater]\n[Can break blocks easily underwater]\n[Increased Swim Speed]\n[Suffocates when not in water]"
    },
    {
      "label": {
        "text": "Wraith",
        "color": "dark_gray"
      },
      "action": {
        "type": "run_command",
        "command": "/trigger zzorigin set 10"
      },
      "tooltip": "[Can become invisible by crouching]\n[Immune to hunger]\n[Health is reduced to 7 hearts]\n[Invisibility gives hunger]"
    }
  ]
}