{"parent":"tcc:compendium/root","display":{"icon":{"id":"minecraft:stone","components":{"minecraft:item_model":"minecraft:air"}},"title":[{"translate":"tccc.entry_unlocked_toast_background","font":"tcc.compendium:static"},{"translate":"tccc.entry_unlocked_toast_decoration","font":"tcc.compendium:static"},{"text":"\ua000\ua046\ua001","font":"tcc.compendium:toast_icons"},{"translate":"tccc.entry_unlocked.spacer","font":"tcc.compendium:static"},{"translate":"tccc.entry_unlocked.text","font":"minecraft:default"}],"description":"","announce_to_chat":false},"criteria":{"":{"trigger":"minecraft:impossible"}}}