{
	"format_version": "1.21.11",
	"credit": "Made with Blockbench",
	"textures": {
		"1": "expansion:blocks/launch_pad/launch_pad_icon",
		"particle": "expansion:blocks/launch_pad/launch_pad_icon"
	},
	"elements": [
		{
			"name": "launch_pad_icon_0",
			"from": [1, 0, 7.5],
			"to": [15, 16, 8.5],
			"rotation": {"angle": 0, "axis": "y", "origin": [0, 0, 7.5]},
			"faces": {
				"north": {"uv": [15, 0, 1, 16], "texture": "#1"},
				"east": {"uv": [14, 0, 15, 16], "texture": "#1"},
				"south": {"uv": [1, 0, 15, 16], "texture": "#1"},
				"west": {"uv": [1, 0, 2, 16], "texture": "#1"},
				"up": {"uv": [1, 0, 15, 1], "texture": "#1"},
				"down": {"uv": [1, 15, 15, 16], "texture": "#1"}
			}
		},
		{
			"name": "launch_pad_icon_1",
			"from": [0, 1, 7.5],
			"to": [1, 15, 8.5],
			"rotation": {"angle": 0, "axis": "y", "origin": [0, 0, 7.5]},
			"faces": {
				"north": {"uv": [1, 1, 0, 15], "texture": "#1"},
				"east": {"uv": [0, 1, 1, 15], "texture": "#1"},
				"south": {"uv": [0, 1, 1, 15], "texture": "#1"},
				"west": {"uv": [0, 1, 1, 15], "texture": "#1"},
				"up": {"uv": [0, 1, 1, 2], "texture": "#1"},
				"down": {"uv": [0, 14, 1, 15], "texture": "#1"}
			}
		},
		{
			"name": "launch_pad_icon_2",
			"from": [15, 1, 7.5],
			"to": [16, 15, 8.5],
			"rotation": {"angle": 0, "axis": "y", "origin": [0, 0, 7.5]},
			"faces": {
				"north": {"uv": [16, 1, 15, 15], "texture": "#1"},
				"east": {"uv": [15, 1, 16, 15], "texture": "#1"},
				"south": {"uv": [15, 1, 16, 15], "texture": "#1"},
				"west": {"uv": [15, 1, 16, 15], "texture": "#1"},
				"up": {"uv": [15, 1, 16, 2], "texture": "#1"},
				"down": {"uv": [15, 14, 16, 15], "texture": "#1"}
			}
		}
	],
	"gui_light": "front",
	"display": {
		"thirdperson_righthand": {
			"translation": [0, 3, 1],
			"scale": [0.55, 0.55, 0.55]
		},
		"thirdperson_lefthand": {
			"translation": [0, 3, 1],
			"scale": [0.55, 0.55, 0.55]
		},
		"firstperson_righthand": {
			"rotation": [0, -90, 25],
			"translation": [1.13, 3.2, 1.13],
			"scale": [0.68, 0.68, 0.68]
		},
		"firstperson_lefthand": {
			"rotation": [0, -90, 25],
			"translation": [1.13, 3.2, 1.13],
			"scale": [0.68, 0.68, 0.68]
		},
		"ground": {
			"translation": [0, 2, 0],
			"scale": [0.5, 0.5, 0.5]
		},
		"head": {
			"rotation": [0, -180, 0],
			"translation": [0, 13, 7]
		},
		"fixed": {
			"rotation": [0, -180, 0]
		},
		"on_shelf": {
			"rotation": [0, -180, 0]
		}
	},
	"groups": [
		{
			"name": "launch_pad_icon",
			"origin": [8, 8, 8],
			"color": 0,
			"children": [0, 1, 2]
		}
	]
}