{
  "parent": "minecraft:recipes/root",
  "criteria": {
    "get_item": {
      "conditions": {
        "items": [
          {
            "items": "minecraft:leather"
          }
        ]
      },
      "trigger": "minecraft:inventory_changed"
    },
    "has_the_recipe": {
      "conditions": {
        "recipe": "minecraft:saddle"
      },
      "trigger": "minecraft:recipe_unlocked"
    }
  },
  "requirements": [
    [
      "has_the_recipe",
      "get_item"
    ]
  ],
  "rewards": {
    "recipes": [
      "minecraft:saddle"
    ]
  }
}