{
	"textures": {
		"6": "animated_java:blueprint/mech_torso/autocannon",
		"particle": "minecraft:item/pufferfish"
	},
	"display": {
		"head": {
			"rotation": [0, 180, 0]
		}
	},
	"elements": [
		{
			"from": [18.46072, 7.0015, 2.84278],
			"to": [19.46072, 9.0015, 7.84278],
			"rotation": {
				"angle": 0,
				"axis": "y",
				"origin": [-39.03928, -55.9985, 9.84278]
			},
			"faces": {
				"north": {
					"uv": [2.125, 3.125, 2, 3.375],
					"texture": "#6"
				},
				"east": {
					"uv": [10.125, 6.375, 9.5, 6.625],
					"texture": "#6"
				},
				"south": {
					"uv": [6.875, 8.875, 6.75, 9.125],
					"texture": "#6"
				},
				"west": {
					"uv": [10.125, 6, 9.5, 6.25],
					"texture": "#6"
				},
				"up": {
					"uv": [3.75, 7.5, 3.875, 6.875],
					"texture": "#6"
				},
				"down": {
					"uv": [7.625, 4.375, 7.75, 5],
					"texture": "#6"
				}
			}
		},
		{
			"from": [11.96072, 7.0015, 4.84278],
			"to": [18.46072, 9.0015, 7.84278],
			"rotation": {
				"angle": 0,
				"axis": "y",
				"origin": [-39.03928, -55.9985, 9.84278]
			},
			"faces": {
				"north": {
					"uv": [5.3125, 9.25, 4.5, 9.5],
					"texture": "#6"
				},
				"east": {
					"uv": [3.5, 9.875, 3.125, 10.125],
					"texture": "#6"
				},
				"south": {
					"uv": [9.9375, 9.25, 9.125, 9.5],
					"texture": "#6"
				},
				"west": {
					"uv": [6.25, 9.75, 5.875, 10],
					"texture": "#6"
				},
				"up": {
					"uv": [8.375, 4.5, 9.1875, 4.125],
					"texture": "#6"
				},
				"down": {
					"uv": [8.375, 4.625, 9.1875, 5],
					"texture": "#6"
				}
			}
		},
		{
			"from": [1.80575, 8.44437, 6.34278],
			"to": [7.80575, 14.44437, 15.34278],
			"rotation": {
				"angle": -22.5,
				"axis": "z",
				"origin": [7.97352, 12.71214, 7.84278]
			},
			"faces": {
				"north": {
					"uv": [8, 0, 7.25, 0.75],
					"texture": "#6"
				},
				"east": {
					"uv": [6.25, 0.875, 5.125, 1.625],
					"texture": "#6"
				},
				"south": {
					"uv": [5.375, 7.375, 4.625, 8.125],
					"texture": "#6"
				},
				"west": {
					"uv": [6.25, 0, 5.125, 0.75],
					"texture": "#6"
				},
				"up": {
					"uv": [4.75, 6.625, 5.5, 5.5],
					"texture": "#6"
				},
				"down": {
					"uv": [5.625, 5.5, 6.375, 6.625],
					"texture": "#6"
				}
			}
		},
		{
			"from": [1.80575, 1.53906, 6.34278],
			"to": [7.80575, 7.53906, 15.34278],
			"rotation": {
				"angle": 22.5,
				"axis": "z",
				"origin": [7.97352, 3.27129, 7.84278]
			},
			"faces": {
				"north": {
					"uv": [8, 0.75, 7.25, 0],
					"texture": "#6"
				},
				"east": {
					"uv": [6.25, 1.625, 5.125, 0.875],
					"texture": "#6"
				},
				"south": {
					"uv": [5.375, 8.125, 4.625, 7.375],
					"texture": "#6"
				},
				"west": {
					"uv": [6.25, 0.75, 5.125, 0],
					"texture": "#6"
				},
				"up": {
					"uv": [5.625, 6.625, 6.375, 5.5],
					"texture": "#6"
				},
				"down": {
					"uv": [4.75, 5.5, 5.5, 6.625],
					"texture": "#6"
				}
			}
		},
		{
			"from": [5.72295, 3.0015, 3.18844],
			"to": [7.97295, 13.0015, 9.43844],
			"rotation": {
				"angle": -22.5,
				"axis": "y",
				"origin": [7.46072, 8.0015, 5.34278]
			},
			"faces": {
				"north": {
					"uv": [8.1875, 4.375, 7.875, 5.625],
					"texture": "#6"
				},
				"east": {
					"uv": [3.9375, 3.125, 3.125, 4.375],
					"texture": "#6"
				},
				"south": {
					"uv": [8.1875, 5.75, 7.875, 7],
					"texture": "#6"
				},
				"west": {
					"uv": [3.9375, 1.75, 3.125, 3],
					"texture": "#6"
				},
				"up": {
					"uv": [8.875, 5.9375, 9.1875, 5.125],
					"texture": "#6"
				},
				"down": {
					"uv": [7.875, 8.875, 8.1875, 9.6875],
					"texture": "#6"
				}
			}
		},
		{
			"from": [3.71072, 3.0015, 7.34278],
			"to": [10.46072, 13.0015, 15.33278],
			"rotation": {
				"angle": 0,
				"axis": "y",
				"origin": [-35.03928, -39.9985, 11.34278]
			},
			"faces": {
				"north": {
					"uv": [0.875, 3.125, 0, 4.375],
					"texture": "#6"
				},
				"east": {
					"uv": [2.125, 1.75, 1.125, 3],
					"texture": "#6"
				},
				"south": {
					"uv": [1.875, 3.125, 1, 4.375],
					"texture": "#6"
				},
				"west": {
					"uv": [1, 1.75, 0, 3],
					"texture": "#6"
				},
				"up": {
					"uv": [4.125, 1, 5, 0],
					"texture": "#6"
				},
				"down": {
					"uv": [4.125, 1.125, 5, 2.125],
					"texture": "#6"
				}
			}
		},
		{
			"from": [1.48142, 3.60672, 9.34278],
			"to": [4.48142, 12.37672, 15.33278],
			"rotation": {
				"angle": 0,
				"axis": "y",
				"origin": [-35.01858, -39.94328, 11.34278]
			},
			"faces": {
				"north": {
					"uv": [6.875, 4.875, 6.5, 6.5],
					"texture": "#6"
				},
				"east": {
					"uv": [3.25, 0, 2.5, 1.625],
					"texture": "#6"
				},
				"south": {
					"uv": [6.875, 6.625, 6.5, 8.25],
					"texture": "#6"
				},
				"west": {
					"uv": [3, 1.75, 2.25, 3.375],
					"texture": "#6"
				},
				"up": {
					"uv": [8.375, 5.875, 8.75, 5.125],
					"texture": "#6"
				},
				"down": {
					"uv": [8.375, 6, 8.75, 6.75],
					"texture": "#6"
				}
			}
		},
		{
			"from": [6.48142, 1.60672, 6.34278],
			"to": [8.48142, 14.37672, 15.34278],
			"rotation": {
				"angle": 0,
				"axis": "y",
				"origin": [-35.01858, -39.94328, 11.34278]
			},
			"faces": {
				"north": {
					"uv": [4, 7.625, 3.75, 9.25],
					"texture": "#6"
				},
				"east": {
					"uv": [2.375, 0, 1.25, 1.625],
					"texture": "#6"
				},
				"south": {
					"uv": [4.375, 7.625, 4.125, 9.25],
					"texture": "#6"
				},
				"west": {
					"uv": [1.125, 0, 0, 1.625],
					"texture": "#6"
				},
				"up": {
					"uv": [1.375, 9.25, 1.625, 8.125],
					"texture": "#6"
				},
				"down": {
					"uv": [7.5, 8.25, 7.75, 9.375],
					"texture": "#6"
				}
			}
		},
		{
			"from": [4.18595, 4.0015, 14.38815],
			"to": [10.18595, 12.0015, 20.38815],
			"rotation": {
				"angle": -22.5,
				"axis": "y",
				"origin": [8.42371, 7.0015, 13.04249]
			},
			"faces": {
				"north": {
					"uv": [1.875, 5.75, 1.125, 6.75],
					"texture": "#6"
				},
				"east": {
					"uv": [7.125, 0, 6.375, 1],
					"texture": "#6"
				},
				"south": {
					"uv": [6.75, 3.75, 6, 4.75],
					"texture": "#6"
				},
				"west": {
					"uv": [3.875, 5.75, 3.125, 6.75],
					"texture": "#6"
				},
				"up": {
					"uv": [7, 8.125, 7.75, 7.375],
					"texture": "#6"
				},
				"down": {
					"uv": [7.625, 0.875, 8.375, 1.625],
					"texture": "#6"
				}
			}
		},
		{
			"from": [5.18595, 6.0015, 20.38815],
			"to": [9.18595, 10.0015, 22.38815],
			"rotation": {
				"angle": -22.5,
				"axis": "y",
				"origin": [8.42371, 7.0015, 13.04249]
			},
			"faces": {
				"north": {
					"uv": [9.625, 2.375, 9.125, 2.875],
					"texture": "#6"
				},
				"east": {
					"uv": [10, 2.875, 9.75, 3.375],
					"texture": "#6"
				},
				"south": {
					"uv": [9.625, 3, 9.125, 3.5],
					"texture": "#6"
				},
				"west": {
					"uv": [6.625, 9.625, 6.375, 10.125],
					"texture": "#6"
				},
				"up": {
					"uv": [9.75, 4.25, 10.25, 4],
					"texture": "#6"
				},
				"down": {
					"uv": [9.75, 4.375, 10.25, 4.625],
					"texture": "#6"
				}
			}
		},
		{
			"from": [3.21072, 1.0015, 15.34278],
			"to": [7.21072, 15.0015, 17.34278],
			"rotation": {
				"angle": 0,
				"axis": "y",
				"origin": [13.46072, 9.0015, 9.84278]
			},
			"faces": {
				"north": {
					"uv": [4.625, 2.25, 4.125, 4],
					"texture": "#6"
				},
				"east": {
					"uv": [3, 7.625, 2.75, 9.375],
					"texture": "#6"
				},
				"south": {
					"uv": [4.625, 4.125, 4.125, 5.875],
					"texture": "#6"
				},
				"west": {
					"uv": [5.75, 7.375, 5.5, 9.125],
					"texture": "#6"
				},
				"up": {
					"uv": [9.75, 5, 10.25, 4.75],
					"texture": "#6"
				},
				"down": {
					"uv": [9.75, 5.125, 10.25, 5.375],
					"texture": "#6"
				}
			}
		},
		{
			"from": [6.96072, 7.0015, 3.34278],
			"to": [11.96072, 9.0015, 16.34278],
			"rotation": {
				"angle": 0,
				"axis": "y",
				"origin": [-35.03928, -39.9985, 11.34278]
			},
			"faces": {
				"north": {
					"uv": [10.25, 0, 9.625, 0.25],
					"texture": "#6"
				},
				"east": {
					"uv": [8.5, 1.75, 6.875, 2],
					"texture": "#6"
				},
				"south": {
					"uv": [9.75, 9.625, 9.125, 9.875],
					"texture": "#6"
				},
				"west": {
					"uv": [6.75, 1.75, 5.125, 2],
					"texture": "#6"
				},
				"up": {
					"uv": [3.375, 1.625, 4, 0],
					"texture": "#6"
				},
				"down": {
					"uv": [2, 3.5, 2.625, 5.125],
					"texture": "#6"
				}
			}
		},
		{
			"from": [6.04418, 7.0115, 16.45067],
			"to": [10.04418, 8.9915, 17.95067],
			"rotation": {
				"angle": 22.5,
				"axis": "y",
				"origin": [6.96073, 8.0015, 12.32918]
			},
			"faces": {
				"north": {
					"uv": [10.25, 5.5, 9.75, 5.75],
					"texture": "#6"
				},
				"east": {
					"uv": [10.0625, 10.125, 9.875, 10.375],
					"texture": "#6"
				},
				"south": {
					"uv": [10.375, 1.625, 9.875, 1.875],
					"texture": "#6"
				},
				"west": {
					"uv": [10.3125, 9, 10.125, 9.25],
					"texture": "#6"
				},
				"up": {
					"uv": [9.875, 7.4375, 10.375, 7.25],
					"texture": "#6"
				},
				"down": {
					"uv": [7.625, 9.875, 8.125, 10.0625],
					"texture": "#6"
				}
			}
		},
		{
			"from": [7.51097, 7.0015, 0.29989],
			"to": [9.51097, 9.0015, 2.54989],
			"rotation": {
				"angle": 45,
				"axis": "y",
				"origin": [11.69295, 8.0015, -0.01077]
			},
			"faces": {
				"north": {
					"uv": [10.25, 6.75, 10, 7],
					"texture": "#6"
				},
				"east": {
					"uv": [10.1875, 7.625, 9.875, 7.875],
					"texture": "#6"
				},
				"south": {
					"uv": [9.375, 10, 9.125, 10.25],
					"texture": "#6"
				},
				"west": {
					"uv": [7.0625, 9.875, 6.75, 10.125],
					"texture": "#6"
				},
				"up": {
					"uv": [8.75, 10.0625, 9, 9.75],
					"texture": "#6"
				},
				"down": {
					"uv": [9.875, 8, 10.125, 8.3125],
					"texture": "#6"
				}
			}
		},
		{
			"from": [8.96072, 10.5015, 4.34278],
			"to": [9.96072, 11.5015, 7.34278],
			"rotation": {
				"angle": 0,
				"axis": "y",
				"origin": [10.96072, 8.0015, 2.84278]
			},
			"faces": {
				"north": {
					"uv": [8.25, 4.125, 8.125, 4.25],
					"texture": "#6"
				},
				"east": {
					"uv": [0.375, 10.25, 0, 10.375],
					"texture": "#6"
				},
				"south": {
					"uv": [8.5, 6.875, 8.375, 7],
					"texture": "#6"
				},
				"west": {
					"uv": [10.5, 9.375, 10.125, 9.5],
					"texture": "#6"
				},
				"up": {
					"uv": [2.5, 10.375, 2.625, 10],
					"texture": "#6"
				},
				"down": {
					"uv": [5.25, 10.125, 5.375, 10.5],
					"texture": "#6"
				}
			}
		},
		{
			"from": [8.96072, 4.5015, 4.34278],
			"to": [9.96072, 5.5015, 7.34278],
			"rotation": {
				"angle": 0,
				"axis": "y",
				"origin": [10.96072, 8.0015, 2.84278]
			},
			"faces": {
				"north": {
					"uv": [8.25, 4.25, 8.125, 4.125],
					"texture": "#6"
				},
				"east": {
					"uv": [0.375, 10.375, 0, 10.25],
					"texture": "#6"
				},
				"south": {
					"uv": [8.5, 7, 8.375, 6.875],
					"texture": "#6"
				},
				"west": {
					"uv": [10.5, 9.5, 10.125, 9.375],
					"texture": "#6"
				},
				"up": {
					"uv": [5.25, 10.5, 5.375, 10.125],
					"texture": "#6"
				},
				"down": {
					"uv": [2.5, 10, 2.625, 10.375],
					"texture": "#6"
				}
			}
		},
		{
			"from": [5.46072, 9.0015, 1.34278],
			"to": [11.46072, 13.0015, 4.34278],
			"rotation": {
				"angle": 0,
				"axis": "y",
				"origin": [-35.03928, -39.9985, 11.34278]
			},
			"faces": {
				"north": {
					"uv": [8.625, 7.125, 7.875, 7.625],
					"texture": "#6"
				},
				"east": {
					"uv": [7.125, 9.25, 6.75, 9.75],
					"texture": "#6"
				},
				"south": {
					"uv": [8.625, 7.75, 7.875, 8.25],
					"texture": "#6"
				},
				"west": {
					"uv": [6.375, 4.875, 6, 5.375],
					"texture": "#6"
				},
				"up": {
					"uv": [7.875, 8.75, 8.625, 8.375],
					"texture": "#6"
				},
				"down": {
					"uv": [8.5, 0.625, 9.25, 1],
					"texture": "#6"
				}
			}
		},
		{
			"from": [6.46072, 2.0015, 1.3328],
			"to": [10.46072, 14.0015, 4.3528],
			"rotation": {
				"angle": 0,
				"axis": "y",
				"origin": [-35.03928, -39.9985, 11.34278]
			},
			"faces": {
				"north": {
					"uv": [2.5, 5.25, 2, 6.75],
					"texture": "#6"
				},
				"east": {
					"uv": [2.625, 7.625, 2.25, 9.125],
					"texture": "#6"
				},
				"south": {
					"uv": [4.5, 6, 4, 7.5],
					"texture": "#6"
				},
				"west": {
					"uv": [2.125, 7.625, 1.75, 9.125],
					"texture": "#6"
				},
				"up": {
					"uv": [9.375, 1, 9.875, 0.625],
					"texture": "#6"
				},
				"down": {
					"uv": [9.375, 1.125, 9.875, 1.5],
					"texture": "#6"
				}
			}
		},
		{
			"from": [8.95253, 1.76927, 1.3528],
			"to": [10.36453, 8.83927, 4.3328],
			"rotation": {
				"angle": 45,
				"axis": "z",
				"origin": [9.42519, 3.70861, 0.84278]
			},
			"faces": {
				"north": {
					"uv": [8.5625, 8.875, 8.375, 9.75],
					"texture": "#6"
				},
				"east": {
					"uv": [1.25, 8.125, 0.875, 9],
					"texture": "#6"
				},
				"south": {
					"uv": [5.6875, 9.25, 5.5, 10.125],
					"texture": "#6"
				},
				"west": {
					"uv": [6.25, 8, 5.875, 8.875],
					"texture": "#6"
				},
				"up": {
					"uv": [8.25, 10.25, 8.4375, 9.875],
					"texture": "#6"
				},
				"down": {
					"uv": [9.875, 8.5, 10.0625, 8.875],
					"texture": "#6"
				}
			}
		},
		{
			"from": [8.19522, 0.40624, 1.3528],
			"to": [9.60722, 7.47624, 4.3328],
			"rotation": {
				"angle": -45,
				"axis": "z",
				"origin": [9.96188, 5.00191, 0.84278]
			},
			"faces": {
				"north": {
					"uv": [9.5625, 4, 9.375, 4.875],
					"texture": "#6"
				},
				"east": {
					"uv": [8.625, 2.125, 8.25, 3],
					"texture": "#6"
				},
				"south": {
					"uv": [4.3125, 9.375, 4.125, 10.25],
					"texture": "#6"
				},
				"west": {
					"uv": [3.5, 8.125, 3.125, 9],
					"texture": "#6"
				},
				"up": {
					"uv": [9.875, 10, 10.0625, 9.625],
					"texture": "#6"
				},
				"down": {
					"uv": [10, 0.375, 10.1875, 0.75],
					"texture": "#6"
				}
			}
		},
		{
			"from": [13.19517, 6.01191, 1.3528],
			"to": [14.60717, 13.08191, 4.3328],
			"rotation": {
				"angle": 45,
				"axis": "z",
				"origin": [9.42519, 3.70861, 0.84278]
			},
			"faces": {
				"north": {
					"uv": [9.5625, 5, 9.375, 5.875],
					"texture": "#6"
				},
				"east": {
					"uv": [4.875, 8.25, 4.5, 9.125],
					"texture": "#6"
				},
				"south": {
					"uv": [2.9375, 9.5, 2.75, 10.375],
					"texture": "#6"
				},
				"west": {
					"uv": [8.625, 3.125, 8.25, 4],
					"texture": "#6"
				},
				"up": {
					"uv": [10, 1.25, 10.1875, 0.875],
					"texture": "#6"
				},
				"down": {
					"uv": [1, 10, 1.1875, 10.375],
					"texture": "#6"
				}
			}
		},
		{
			"from": [3.95258, 4.64889, 1.3528],
			"to": [5.36458, 11.71889, 4.3328],
			"rotation": {
				"angle": -45,
				"axis": "z",
				"origin": [9.96188, 5.00191, 0.84278]
			},
			"faces": {
				"north": {
					"uv": [7.4375, 9.5, 7.25, 10.375],
					"texture": "#6"
				},
				"east": {
					"uv": [7.375, 8.25, 7, 9.125],
					"texture": "#6"
				},
				"south": {
					"uv": [4.6875, 9.625, 4.5, 10.5],
					"texture": "#6"
				},
				"west": {
					"uv": [5.375, 8.25, 5, 9.125],
					"texture": "#6"
				},
				"up": {
					"uv": [1.375, 10.375, 1.5625, 10],
					"texture": "#6"
				},
				"down": {
					"uv": [1.75, 10, 1.9375, 10.375],
					"texture": "#6"
				}
			}
		},
		{
			"from": [5.46072, 3.0015, 1.34278],
			"to": [11.46072, 7.0015, 4.34278],
			"rotation": {
				"angle": 0,
				"axis": "y",
				"origin": [-35.03928, -39.9985, 11.34278]
			},
			"faces": {
				"north": {
					"uv": [0.75, 8, 0, 8.5],
					"texture": "#6"
				},
				"east": {
					"uv": [4, 9.375, 3.625, 9.875],
					"texture": "#6"
				},
				"south": {
					"uv": [8.875, 0, 8.125, 0.5],
					"texture": "#6"
				},
				"west": {
					"uv": [1.625, 9.375, 1.25, 9.875],
					"texture": "#6"
				},
				"up": {
					"uv": [8.5, 1.5, 9.25, 1.125],
					"texture": "#6"
				},
				"down": {
					"uv": [0, 8.625, 0.75, 9],
					"texture": "#6"
				}
			}
		},
		{
			"from": [5.48039, 4.0015, 1.94793],
			"to": [7.48039, 6.0015, 10.69793],
			"rotation": {
				"angle": -22.5,
				"axis": "y",
				"origin": [6.75622, 8.0015, 2.16861]
			},
			"faces": {
				"north": {
					"uv": [9.75, 10, 9.5, 10.25],
					"texture": "#6"
				},
				"east": {
					"uv": [9.875, 2, 8.75, 2.25],
					"texture": "#6"
				},
				"south": {
					"uv": [10.375, 2.875, 10.125, 3.125],
					"texture": "#6"
				},
				"west": {
					"uv": [9.75, 1.625, 8.625, 1.875],
					"texture": "#6"
				},
				"up": {
					"uv": [6.375, 9.5, 6.625, 8.375],
					"texture": "#6"
				},
				"down": {
					"uv": [8.75, 2.375, 9, 3.5],
					"texture": "#6"
				}
			}
		},
		{
			"from": [5.48039, 10.0015, 1.94793],
			"to": [7.48039, 12.0015, 10.69793],
			"rotation": {
				"angle": -22.5,
				"axis": "y",
				"origin": [6.75622, 8.0015, 2.16861]
			},
			"faces": {
				"north": {
					"uv": [5.125, 10.125, 4.875, 10.375],
					"texture": "#6"
				},
				"east": {
					"uv": [9.875, 6.875, 8.75, 7.125],
					"texture": "#6"
				},
				"south": {
					"uv": [6.125, 10.125, 5.875, 10.375],
					"texture": "#6"
				},
				"west": {
					"uv": [9.875, 3.625, 8.75, 3.875],
					"texture": "#6"
				},
				"up": {
					"uv": [8.75, 8.375, 9, 7.25],
					"texture": "#6"
				},
				"down": {
					"uv": [8.75, 8.5, 9, 9.625],
					"texture": "#6"
				}
			}
		}
	]
}