{
	"textures": {
		"6": "animated_java:blueprint/mech_torso/autocannon",
		"particle": "minecraft:item/pufferfish"
	},
	"display": {
		"head": {
			"rotation": [0, 180, 0]
		}
	},
	"elements": [
		{
			"from": [-1.93116, 7.00131, 6.15949],
			"to": [-0.93116, 9.00131, 11.15949],
			"rotation": {
				"angle": 0,
				"axis": "y",
				"origin": [56.56884, -55.99869, 13.15949]
			},
			"faces": {
				"north": {
					"uv": [2, 3.125, 2.125, 3.375],
					"texture": "#6"
				},
				"east": {
					"uv": [9.5, 6, 10.125, 6.25],
					"texture": "#6"
				},
				"south": {
					"uv": [6.75, 8.875, 6.875, 9.125],
					"texture": "#6"
				},
				"west": {
					"uv": [9.5, 6.375, 10.125, 6.625],
					"texture": "#6"
				},
				"up": {
					"uv": [3.875, 7.5, 3.75, 6.875],
					"texture": "#6"
				},
				"down": {
					"uv": [7.75, 4.375, 7.625, 5],
					"texture": "#6"
				}
			}
		},
		{
			"from": [-0.93116, 7.00131, 8.15949],
			"to": [5.56884, 9.00131, 11.15949],
			"rotation": {
				"angle": 0,
				"axis": "y",
				"origin": [56.56884, -55.99869, 13.15949]
			},
			"faces": {
				"north": {
					"uv": [4.5, 9.25, 5.3125, 9.5],
					"texture": "#6"
				},
				"east": {
					"uv": [5.875, 9.75, 6.25, 10],
					"texture": "#6"
				},
				"south": {
					"uv": [9.125, 9.25, 9.9375, 9.5],
					"texture": "#6"
				},
				"west": {
					"uv": [3.125, 9.875, 3.5, 10.125],
					"texture": "#6"
				},
				"up": {
					"uv": [9.1875, 4.5, 8.375, 4.125],
					"texture": "#6"
				},
				"down": {
					"uv": [9.1875, 4.625, 8.375, 5],
					"texture": "#6"
				}
			}
		},
		{
			"from": [9.72381, 8.44419, 9.65949],
			"to": [15.72381, 14.44419, 18.65949],
			"rotation": {
				"angle": 22.5,
				"axis": "z",
				"origin": [9.55604, 12.71196, 11.15949]
			},
			"faces": {
				"north": {
					"uv": [7.25, 0, 8, 0.75],
					"texture": "#6"
				},
				"east": {
					"uv": [5.125, 0, 6.25, 0.75],
					"texture": "#6"
				},
				"south": {
					"uv": [4.625, 7.375, 5.375, 8.125],
					"texture": "#6"
				},
				"west": {
					"uv": [5.125, 0.875, 6.25, 1.625],
					"texture": "#6"
				},
				"up": {
					"uv": [5.5, 6.625, 4.75, 5.5],
					"texture": "#6"
				},
				"down": {
					"uv": [6.375, 5.5, 5.625, 6.625],
					"texture": "#6"
				}
			}
		},
		{
			"from": [9.72381, 1.53887, 9.65949],
			"to": [15.72381, 7.53887, 18.65949],
			"rotation": {
				"angle": -22.5,
				"axis": "z",
				"origin": [9.55604, 3.2711, 11.15949]
			},
			"faces": {
				"north": {
					"uv": [7.25, 0.75, 8, 0],
					"texture": "#6"
				},
				"east": {
					"uv": [5.125, 0.75, 6.25, 0],
					"texture": "#6"
				},
				"south": {
					"uv": [4.625, 8.125, 5.375, 7.375],
					"texture": "#6"
				},
				"west": {
					"uv": [5.125, 1.625, 6.25, 0.875],
					"texture": "#6"
				},
				"up": {
					"uv": [6.375, 6.625, 5.625, 5.5],
					"texture": "#6"
				},
				"down": {
					"uv": [5.5, 5.5, 4.75, 6.625],
					"texture": "#6"
				}
			}
		},
		{
			"from": [9.55661, 3.00131, 6.50515],
			"to": [11.80661, 13.00131, 12.75515],
			"rotation": {
				"angle": 22.5,
				"axis": "y",
				"origin": [10.06884, 8.00131, 8.65949]
			},
			"faces": {
				"north": {
					"uv": [7.875, 4.375, 8.1875, 5.625],
					"texture": "#6"
				},
				"east": {
					"uv": [3.125, 1.75, 3.9375, 3],
					"texture": "#6"
				},
				"south": {
					"uv": [7.875, 5.75, 8.1875, 7],
					"texture": "#6"
				},
				"west": {
					"uv": [3.125, 3.125, 3.9375, 4.375],
					"texture": "#6"
				},
				"up": {
					"uv": [9.1875, 5.9375, 8.875, 5.125],
					"texture": "#6"
				},
				"down": {
					"uv": [8.1875, 8.875, 7.875, 9.6875],
					"texture": "#6"
				}
			}
		},
		{
			"from": [7.06884, 3.00131, 10.65949],
			"to": [13.81884, 13.00131, 18.64949],
			"rotation": {
				"angle": 0,
				"axis": "y",
				"origin": [52.56884, -39.99869, 14.65949]
			},
			"faces": {
				"north": {
					"uv": [0, 3.125, 0.875, 4.375],
					"texture": "#6"
				},
				"east": {
					"uv": [0, 1.75, 1, 3],
					"texture": "#6"
				},
				"south": {
					"uv": [1, 3.125, 1.875, 4.375],
					"texture": "#6"
				},
				"west": {
					"uv": [1.125, 1.75, 2.125, 3],
					"texture": "#6"
				},
				"up": {
					"uv": [5, 1, 4.125, 0],
					"texture": "#6"
				},
				"down": {
					"uv": [5, 1.125, 4.125, 2.125],
					"texture": "#6"
				}
			}
		},
		{
			"from": [13.04814, 3.60653, 12.65949],
			"to": [16.04814, 12.37653, 18.64949],
			"rotation": {
				"angle": 0,
				"axis": "y",
				"origin": [52.54814, -39.94347, 14.65949]
			},
			"faces": {
				"north": {
					"uv": [6.5, 4.875, 6.875, 6.5],
					"texture": "#6"
				},
				"east": {
					"uv": [2.25, 1.75, 3, 3.375],
					"texture": "#6"
				},
				"south": {
					"uv": [6.5, 6.625, 6.875, 8.25],
					"texture": "#6"
				},
				"west": {
					"uv": [2.5, 0, 3.25, 1.625],
					"texture": "#6"
				},
				"up": {
					"uv": [8.75, 5.875, 8.375, 5.125],
					"texture": "#6"
				},
				"down": {
					"uv": [8.75, 6, 8.375, 6.75],
					"texture": "#6"
				}
			}
		},
		{
			"from": [9.04814, 1.60653, 9.65949],
			"to": [11.04814, 14.37653, 18.65949],
			"rotation": {
				"angle": 0,
				"axis": "y",
				"origin": [52.54814, -39.94347, 14.65949]
			},
			"faces": {
				"north": {
					"uv": [3.75, 7.625, 4, 9.25],
					"texture": "#6"
				},
				"east": {
					"uv": [0, 0, 1.125, 1.625],
					"texture": "#6"
				},
				"south": {
					"uv": [4.125, 7.625, 4.375, 9.25],
					"texture": "#6"
				},
				"west": {
					"uv": [1.25, 0, 2.375, 1.625],
					"texture": "#6"
				},
				"up": {
					"uv": [1.625, 9.25, 1.375, 8.125],
					"texture": "#6"
				},
				"down": {
					"uv": [7.75, 8.25, 7.5, 9.375],
					"texture": "#6"
				}
			}
		},
		{
			"from": [7.34361, 4.00131, 17.70486],
			"to": [13.34361, 12.00131, 23.70486],
			"rotation": {
				"angle": 22.5,
				"axis": "y",
				"origin": [9.10585, 7.00131, 16.3592]
			},
			"faces": {
				"north": {
					"uv": [1.125, 5.75, 1.875, 6.75],
					"texture": "#6"
				},
				"east": {
					"uv": [3.125, 5.75, 3.875, 6.75],
					"texture": "#6"
				},
				"south": {
					"uv": [6, 3.75, 6.75, 4.75],
					"texture": "#6"
				},
				"west": {
					"uv": [6.375, 0, 7.125, 1],
					"texture": "#6"
				},
				"up": {
					"uv": [7.75, 8.125, 7, 7.375],
					"texture": "#6"
				},
				"down": {
					"uv": [8.375, 0.875, 7.625, 1.625],
					"texture": "#6"
				}
			}
		},
		{
			"from": [8.34361, 6.00131, 23.70486],
			"to": [12.34361, 10.00131, 25.70486],
			"rotation": {
				"angle": 22.5,
				"axis": "y",
				"origin": [9.10585, 7.00131, 16.3592]
			},
			"faces": {
				"north": {
					"uv": [9.125, 2.375, 9.625, 2.875],
					"texture": "#6"
				},
				"east": {
					"uv": [6.375, 9.625, 6.625, 10.125],
					"texture": "#6"
				},
				"south": {
					"uv": [9.125, 3, 9.625, 3.5],
					"texture": "#6"
				},
				"west": {
					"uv": [9.75, 2.875, 10, 3.375],
					"texture": "#6"
				},
				"up": {
					"uv": [10.25, 4.25, 9.75, 4],
					"texture": "#6"
				},
				"down": {
					"uv": [10.25, 4.375, 9.75, 4.625],
					"texture": "#6"
				}
			}
		},
		{
			"from": [10.31884, 1.00131, 18.65949],
			"to": [14.31884, 15.00131, 20.65949],
			"rotation": {
				"angle": 0,
				"axis": "y",
				"origin": [4.06884, 9.00131, 13.15949]
			},
			"faces": {
				"north": {
					"uv": [4.125, 2.25, 4.625, 4],
					"texture": "#6"
				},
				"east": {
					"uv": [5.5, 7.375, 5.75, 9.125],
					"texture": "#6"
				},
				"south": {
					"uv": [4.125, 4.125, 4.625, 5.875],
					"texture": "#6"
				},
				"west": {
					"uv": [2.75, 7.625, 3, 9.375],
					"texture": "#6"
				},
				"up": {
					"uv": [10.25, 5, 9.75, 4.75],
					"texture": "#6"
				},
				"down": {
					"uv": [10.25, 5.125, 9.75, 5.375],
					"texture": "#6"
				}
			}
		},
		{
			"from": [5.56884, 7.00131, 6.65949],
			"to": [10.56884, 9.00131, 19.65949],
			"rotation": {
				"angle": 0,
				"axis": "y",
				"origin": [52.56884, -39.99869, 14.65949]
			},
			"faces": {
				"north": {
					"uv": [9.625, 0, 10.25, 0.25],
					"texture": "#6"
				},
				"east": {
					"uv": [5.125, 1.75, 6.75, 2],
					"texture": "#6"
				},
				"south": {
					"uv": [9.125, 9.625, 9.75, 9.875],
					"texture": "#6"
				},
				"west": {
					"uv": [6.875, 1.75, 8.5, 2],
					"texture": "#6"
				},
				"up": {
					"uv": [4, 1.625, 3.375, 0],
					"texture": "#6"
				},
				"down": {
					"uv": [2.625, 3.5, 2, 5.125],
					"texture": "#6"
				}
			}
		},
		{
			"from": [7.48538, 7.01131, 19.76738],
			"to": [11.48538, 8.99131, 21.26738],
			"rotation": {
				"angle": -22.5,
				"axis": "y",
				"origin": [10.56883, 8.00131, 15.64589]
			},
			"faces": {
				"north": {
					"uv": [9.75, 5.5, 10.25, 5.75],
					"texture": "#6"
				},
				"east": {
					"uv": [10.125, 9, 10.3125, 9.25],
					"texture": "#6"
				},
				"south": {
					"uv": [9.875, 1.625, 10.375, 1.875],
					"texture": "#6"
				},
				"west": {
					"uv": [9.875, 10.125, 10.0625, 10.375],
					"texture": "#6"
				},
				"up": {
					"uv": [10.375, 7.4375, 9.875, 7.25],
					"texture": "#6"
				},
				"down": {
					"uv": [8.125, 9.875, 7.625, 10.0625],
					"texture": "#6"
				}
			}
		},
		{
			"from": [8.01859, 7.00131, 3.6166],
			"to": [10.01859, 9.00131, 5.8666],
			"rotation": {
				"angle": -45,
				"axis": "y",
				"origin": [5.83661, 8.00131, 3.30594]
			},
			"faces": {
				"north": {
					"uv": [10, 6.75, 10.25, 7],
					"texture": "#6"
				},
				"east": {
					"uv": [6.75, 9.875, 7.0625, 10.125],
					"texture": "#6"
				},
				"south": {
					"uv": [9.125, 10, 9.375, 10.25],
					"texture": "#6"
				},
				"west": {
					"uv": [9.875, 7.625, 10.1875, 7.875],
					"texture": "#6"
				},
				"up": {
					"uv": [9, 10.0625, 8.75, 9.75],
					"texture": "#6"
				},
				"down": {
					"uv": [10.125, 8, 9.875, 8.3125],
					"texture": "#6"
				}
			}
		},
		{
			"from": [7.56884, 10.50131, 7.65949],
			"to": [8.56884, 11.50131, 10.65949],
			"rotation": {
				"angle": 0,
				"axis": "y",
				"origin": [6.56884, 8.00131, 6.15949]
			},
			"faces": {
				"north": {
					"uv": [8.125, 4.125, 8.25, 4.25],
					"texture": "#6"
				},
				"east": {
					"uv": [10.125, 9.375, 10.5, 9.5],
					"texture": "#6"
				},
				"south": {
					"uv": [8.375, 6.875, 8.5, 7],
					"texture": "#6"
				},
				"west": {
					"uv": [0, 10.25, 0.375, 10.375],
					"texture": "#6"
				},
				"up": {
					"uv": [2.625, 10.375, 2.5, 10],
					"texture": "#6"
				},
				"down": {
					"uv": [5.375, 10.125, 5.25, 10.5],
					"texture": "#6"
				}
			}
		},
		{
			"from": [7.56884, 4.50131, 7.65949],
			"to": [8.56884, 5.50131, 10.65949],
			"rotation": {
				"angle": 0,
				"axis": "y",
				"origin": [6.56884, 8.00131, 6.15949]
			},
			"faces": {
				"north": {
					"uv": [8.125, 4.25, 8.25, 4.125],
					"texture": "#6"
				},
				"east": {
					"uv": [10.125, 9.5, 10.5, 9.375],
					"texture": "#6"
				},
				"south": {
					"uv": [8.375, 7, 8.5, 6.875],
					"texture": "#6"
				},
				"west": {
					"uv": [0, 10.375, 0.375, 10.25],
					"texture": "#6"
				},
				"up": {
					"uv": [5.375, 10.5, 5.25, 10.125],
					"texture": "#6"
				},
				"down": {
					"uv": [2.625, 10, 2.5, 10.375],
					"texture": "#6"
				}
			}
		},
		{
			"from": [6.06884, 9.00131, 4.65949],
			"to": [12.06884, 13.00131, 7.65949],
			"rotation": {
				"angle": 0,
				"axis": "y",
				"origin": [52.56884, -39.99869, 14.65949]
			},
			"faces": {
				"north": {
					"uv": [7.875, 7.125, 8.625, 7.625],
					"texture": "#6"
				},
				"east": {
					"uv": [6, 4.875, 6.375, 5.375],
					"texture": "#6"
				},
				"south": {
					"uv": [7.875, 7.75, 8.625, 8.25],
					"texture": "#6"
				},
				"west": {
					"uv": [6.75, 9.25, 7.125, 9.75],
					"texture": "#6"
				},
				"up": {
					"uv": [8.625, 8.75, 7.875, 8.375],
					"texture": "#6"
				},
				"down": {
					"uv": [9.25, 0.625, 8.5, 1],
					"texture": "#6"
				}
			}
		},
		{
			"from": [7.06884, 2.00131, 4.64951],
			"to": [11.06884, 14.00131, 7.66951],
			"rotation": {
				"angle": 0,
				"axis": "y",
				"origin": [52.56884, -39.99869, 14.65949]
			},
			"faces": {
				"north": {
					"uv": [2, 5.25, 2.5, 6.75],
					"texture": "#6"
				},
				"east": {
					"uv": [1.75, 7.625, 2.125, 9.125],
					"texture": "#6"
				},
				"south": {
					"uv": [4, 6, 4.5, 7.5],
					"texture": "#6"
				},
				"west": {
					"uv": [2.25, 7.625, 2.625, 9.125],
					"texture": "#6"
				},
				"up": {
					"uv": [9.875, 1, 9.375, 0.625],
					"texture": "#6"
				},
				"down": {
					"uv": [9.875, 1.125, 9.375, 1.5],
					"texture": "#6"
				}
			}
		},
		{
			"from": [7.16503, 1.76908, 4.66951],
			"to": [8.57703, 8.83908, 7.64951],
			"rotation": {
				"angle": -45,
				"axis": "z",
				"origin": [8.10437, 3.70842, 4.15949]
			},
			"faces": {
				"north": {
					"uv": [8.375, 8.875, 8.5625, 9.75],
					"texture": "#6"
				},
				"east": {
					"uv": [5.875, 8, 6.25, 8.875],
					"texture": "#6"
				},
				"south": {
					"uv": [5.5, 9.25, 5.6875, 10.125],
					"texture": "#6"
				},
				"west": {
					"uv": [0.875, 8.125, 1.25, 9],
					"texture": "#6"
				},
				"up": {
					"uv": [8.4375, 10.25, 8.25, 9.875],
					"texture": "#6"
				},
				"down": {
					"uv": [10.0625, 8.5, 9.875, 8.875],
					"texture": "#6"
				}
			}
		},
		{
			"from": [7.92234, 0.40605, 4.66951],
			"to": [9.33434, 7.47605, 7.64951],
			"rotation": {
				"angle": 45,
				"axis": "z",
				"origin": [7.56768, 5.00172, 4.15949]
			},
			"faces": {
				"north": {
					"uv": [9.375, 4, 9.5625, 4.875],
					"texture": "#6"
				},
				"east": {
					"uv": [3.125, 8.125, 3.5, 9],
					"texture": "#6"
				},
				"south": {
					"uv": [4.125, 9.375, 4.3125, 10.25],
					"texture": "#6"
				},
				"west": {
					"uv": [8.25, 2.125, 8.625, 3],
					"texture": "#6"
				},
				"up": {
					"uv": [10.0625, 10, 9.875, 9.625],
					"texture": "#6"
				},
				"down": {
					"uv": [10.1875, 0.375, 10, 0.75],
					"texture": "#6"
				}
			}
		},
		{
			"from": [2.92239, 6.01172, 4.66951],
			"to": [4.33439, 13.08172, 7.64951],
			"rotation": {
				"angle": -45,
				"axis": "z",
				"origin": [8.10437, 3.70842, 4.15949]
			},
			"faces": {
				"north": {
					"uv": [9.375, 5, 9.5625, 5.875],
					"texture": "#6"
				},
				"east": {
					"uv": [8.25, 3.125, 8.625, 4],
					"texture": "#6"
				},
				"south": {
					"uv": [2.75, 9.5, 2.9375, 10.375],
					"texture": "#6"
				},
				"west": {
					"uv": [4.5, 8.25, 4.875, 9.125],
					"texture": "#6"
				},
				"up": {
					"uv": [10.1875, 1.25, 10, 0.875],
					"texture": "#6"
				},
				"down": {
					"uv": [1.1875, 10, 1, 10.375],
					"texture": "#6"
				}
			}
		},
		{
			"from": [12.16498, 4.6487, 4.66951],
			"to": [13.57698, 11.7187, 7.64951],
			"rotation": {
				"angle": 45,
				"axis": "z",
				"origin": [7.56768, 5.00172, 4.15949]
			},
			"faces": {
				"north": {
					"uv": [7.25, 9.5, 7.4375, 10.375],
					"texture": "#6"
				},
				"east": {
					"uv": [5, 8.25, 5.375, 9.125],
					"texture": "#6"
				},
				"south": {
					"uv": [4.5, 9.625, 4.6875, 10.5],
					"texture": "#6"
				},
				"west": {
					"uv": [7, 8.25, 7.375, 9.125],
					"texture": "#6"
				},
				"up": {
					"uv": [1.5625, 10.375, 1.375, 10],
					"texture": "#6"
				},
				"down": {
					"uv": [1.9375, 10, 1.75, 10.375],
					"texture": "#6"
				}
			}
		},
		{
			"from": [6.06884, 3.00131, 4.65949],
			"to": [12.06884, 7.00131, 7.65949],
			"rotation": {
				"angle": 0,
				"axis": "y",
				"origin": [52.56884, -39.99869, 14.65949]
			},
			"faces": {
				"north": {
					"uv": [0, 8, 0.75, 8.5],
					"texture": "#6"
				},
				"east": {
					"uv": [1.25, 9.375, 1.625, 9.875],
					"texture": "#6"
				},
				"south": {
					"uv": [8.125, 0, 8.875, 0.5],
					"texture": "#6"
				},
				"west": {
					"uv": [3.625, 9.375, 4, 9.875],
					"texture": "#6"
				},
				"up": {
					"uv": [9.25, 1.5, 8.5, 1.125],
					"texture": "#6"
				},
				"down": {
					"uv": [0.75, 8.625, 0, 9],
					"texture": "#6"
				}
			}
		},
		{
			"from": [10.04917, 4.00131, 5.26464],
			"to": [12.04917, 6.00131, 14.01464],
			"rotation": {
				"angle": 22.5,
				"axis": "y",
				"origin": [10.77334, 8.00131, 5.48532]
			},
			"faces": {
				"north": {
					"uv": [9.5, 10, 9.75, 10.25],
					"texture": "#6"
				},
				"east": {
					"uv": [8.625, 1.625, 9.75, 1.875],
					"texture": "#6"
				},
				"south": {
					"uv": [10.125, 2.875, 10.375, 3.125],
					"texture": "#6"
				},
				"west": {
					"uv": [8.75, 2, 9.875, 2.25],
					"texture": "#6"
				},
				"up": {
					"uv": [6.625, 9.5, 6.375, 8.375],
					"texture": "#6"
				},
				"down": {
					"uv": [9, 2.375, 8.75, 3.5],
					"texture": "#6"
				}
			}
		},
		{
			"from": [10.04917, 10.00131, 5.26464],
			"to": [12.04917, 12.00131, 14.01464],
			"rotation": {
				"angle": 22.5,
				"axis": "y",
				"origin": [10.77334, 8.00131, 5.48532]
			},
			"faces": {
				"north": {
					"uv": [4.875, 10.125, 5.125, 10.375],
					"texture": "#6"
				},
				"east": {
					"uv": [8.75, 3.625, 9.875, 3.875],
					"texture": "#6"
				},
				"south": {
					"uv": [5.875, 10.125, 6.125, 10.375],
					"texture": "#6"
				},
				"west": {
					"uv": [8.75, 6.875, 9.875, 7.125],
					"texture": "#6"
				},
				"up": {
					"uv": [9, 8.375, 8.75, 7.25],
					"texture": "#6"
				},
				"down": {
					"uv": [9, 8.5, 8.75, 9.625],
					"texture": "#6"
				}
			}
		}
	]
}