{
	"textures": {
		"7": "animated_java:blueprint/mech_torso/jetpack",
		"particle": "minecraft:item/pufferfish"
	},
	"display": {
		"head": {
			"rotation": [0, 180, 0]
		}
	},
	"elements": [
		{
			"from": [9.5, 0.44559, 1.67075],
			"to": [15.5, 3.44559, 7.67075],
			"rotation": {
				"angle": -22.5,
				"axis": "x",
				"origin": [7, 6.44559, 5.17075]
			},
			"faces": {
				"north": {
					"uv": [8, 6.5, 9.5, 7.25],
					"texture": "#7"
				},
				"east": {
					"uv": [8, 7.5, 9.5, 8.25],
					"texture": "#7"
				},
				"south": {
					"uv": [3.5, 8.5, 5, 9.25],
					"texture": "#7"
				},
				"west": {
					"uv": [5.25, 8.5, 6.75, 9.25],
					"texture": "#7"
				},
				"up": {
					"uv": [7.5, 1.5, 6, 0],
					"texture": "#7"
				},
				"down": {
					"uv": [7.5, 1.75, 6, 3.25],
					"texture": "#7"
				}
			}
		},
		{
			"from": [10, 3.44559, 2.17075],
			"to": [15, 16.44559, 7.17075],
			"rotation": {
				"angle": -22.5,
				"axis": "x",
				"origin": [7, 6.44559, 5.17075]
			},
			"faces": {
				"north": {
					"uv": [0, 0, 1.25, 3.25],
					"texture": "#7"
				},
				"east": {
					"uv": [1.5, 0, 2.75, 3.25],
					"texture": "#7"
				},
				"south": {
					"uv": [3, 0, 4.25, 3.25],
					"texture": "#7"
				},
				"west": {
					"uv": [0, 3.5, 1.25, 6.75],
					"texture": "#7"
				},
				"up": {
					"uv": [4.75, 8.25, 3.5, 7],
					"texture": "#7"
				},
				"down": {
					"uv": [6.25, 7, 5, 8.25],
					"texture": "#7"
				}
			}
		},
		{
			"from": [-1, 3.44559, 2.17075],
			"to": [4, 16.44559, 7.17075],
			"rotation": {
				"angle": -22.5,
				"axis": "x",
				"origin": [7, 6.44559, 5.17075]
			},
			"faces": {
				"north": {
					"uv": [1.25, 0, 0, 3.25],
					"texture": "#7"
				},
				"east": {
					"uv": [1.25, 3.5, 0, 6.75],
					"texture": "#7"
				},
				"south": {
					"uv": [4.25, 0, 3, 3.25],
					"texture": "#7"
				},
				"west": {
					"uv": [2.75, 0, 1.5, 3.25],
					"texture": "#7"
				},
				"up": {
					"uv": [3.5, 8.25, 4.75, 7],
					"texture": "#7"
				},
				"down": {
					"uv": [5, 7, 6.25, 8.25],
					"texture": "#7"
				}
			}
		},
		{
			"from": [-1.5, 0.44559, 1.67075],
			"to": [4.5, 3.44559, 7.67075],
			"rotation": {
				"angle": -22.5,
				"axis": "x",
				"origin": [7, 6.44559, 5.17075]
			},
			"faces": {
				"north": {
					"uv": [9.5, 6.5, 8, 7.25],
					"texture": "#7"
				},
				"east": {
					"uv": [6.75, 8.5, 5.25, 9.25],
					"texture": "#7"
				},
				"south": {
					"uv": [5, 8.5, 3.5, 9.25],
					"texture": "#7"
				},
				"west": {
					"uv": [9.5, 7.5, 8, 8.25],
					"texture": "#7"
				},
				"up": {
					"uv": [6, 1.5, 7.5, 0],
					"texture": "#7"
				},
				"down": {
					"uv": [6, 1.75, 7.5, 3.25],
					"texture": "#7"
				}
			}
		},
		{
			"from": [4, 8.24975, 3.19167],
			"to": [10, 14.24975, 6.19167],
			"rotation": {
				"angle": 0,
				"axis": "y",
				"origin": [7.5, 12.24975, 5.69167]
			},
			"faces": {
				"north": {
					"uv": [0, 7, 1.5, 8.5],
					"texture": "#7"
				},
				"east": {
					"uv": [9.5, 0, 10.25, 1.5],
					"texture": "#7"
				},
				"south": {
					"uv": [1.75, 7, 3.25, 8.5],
					"texture": "#7"
				},
				"west": {
					"uv": [9.5, 1.75, 10.25, 3.25],
					"texture": "#7"
				},
				"up": {
					"uv": [5, 10.25, 3.5, 9.5],
					"texture": "#7"
				},
				"down": {
					"uv": [11, 3.5, 9.5, 4.25],
					"texture": "#7"
				}
			}
		},
		{
			"from": [4.01, 12.52244, 1.84809],
			"to": [9.99, 13.52244, 5.84809],
			"rotation": {
				"angle": 22.5,
				"axis": "x",
				"origin": [7.5, 13.02244, 7.84809]
			},
			"faces": {
				"north": {
					"uv": [5.25, 9.5, 6.75, 9.75],
					"texture": "#7"
				},
				"east": {
					"uv": [8.25, 9.5, 9.25, 9.75],
					"texture": "#7"
				},
				"south": {
					"uv": [9.5, 5.5, 11, 5.75],
					"texture": "#7"
				},
				"west": {
					"uv": [9.5, 9.5, 10.5, 9.75],
					"texture": "#7"
				},
				"up": {
					"uv": [9.25, 5, 7.75, 4],
					"texture": "#7"
				},
				"down": {
					"uv": [9.25, 5.25, 7.75, 6.25],
					"texture": "#7"
				}
			}
		},
		{
			"from": [4.01, 9.51752, 1.25233],
			"to": [9.99, 10.51752, 5.25233],
			"rotation": {
				"angle": -45,
				"axis": "x",
				"origin": [7.5, 10.01752, 7.25233]
			},
			"faces": {
				"north": {
					"uv": [9.5, 4.5, 11, 4.75],
					"texture": "#7"
				},
				"east": {
					"uv": [9.5, 6, 10.5, 6.25],
					"texture": "#7"
				},
				"south": {
					"uv": [9.5, 5, 11, 5.25],
					"texture": "#7"
				},
				"west": {
					"uv": [7, 9.5, 8, 9.75],
					"texture": "#7"
				},
				"up": {
					"uv": [9.25, 2.5, 7.75, 1.5],
					"texture": "#7"
				},
				"down": {
					"uv": [9.25, 2.75, 7.75, 3.75],
					"texture": "#7"
				}
			}
		}
	]
}