{
    "pools": [
      {
        "rolls": 3,
        "entries": [
          {
            "type": "minecraft:loot_table",
            "weight": 1,
            "value": "expansion:chests/jupiter/random_module"
          },
          {
            "type": "minecraft:loot_table",
            "weight": 1,
            "value": "expansion:chests/jupiter/random_equipment"
          },
          {
            "type": "minecraft:item",
            "weight": 1,
            "name": "minecraft:diamond_block",
            "functions": [
              {
                "function": "minecraft:set_count",
                "count": {
                  "min": 0,
                  "max": 1
                }
              }
            ]
          },
          {
            "type": "minecraft:item",
            "weight": 1,
            "name": "minecraft:diamond",
            "functions": [
              {
                "function": "minecraft:set_count",
                "count": {
                  "min": 3,
                  "max": 9
                }
              }
            ]
          },
          {
            "type": "minecraft:loot_table",
            "weight": 1,
            "value": "expansion:items/amethonium_ingot",
            "functions": [
              {
                "function": "minecraft:set_count",
                "count": {
                  "min": 7,
                  "max": 12
                }
              }
            ]
          },
          {
            "type": "minecraft:loot_table",
            "weight": 1,
            "value": "expansion:items/cryonite_crystal",
            "functions": [
              {
                "function": "minecraft:set_count",
                "count": {
                  "min": 7,
                  "max": 12
                }
              }
            ]
          },
          {
            "type": "minecraft:loot_table",
            "weight": 1,
            "value": "expansion:items/vulcanium_shard",
            "functions": [
              {
                "function": "minecraft:set_count",
                "count": {
                  "min": 7,
                  "max": 12
                }
              }
            ]
          },
          {
            "type": "minecraft:loot_table",
            "weight": 1,
            "value": "expansion:items/complex_mechanism",
            "functions": [
              {
                "function": "minecraft:set_count",
                "count": {
                  "min": 1,
                  "max": 3
                }
              }
            ]
          },
          {
            "type": "minecraft:loot_table",
            "weight": 1,
            "value": "expansion:items/electromagnet",
            "functions": [
              {
                "function": "minecraft:set_count",
                "count": {
                  "min": 1,
                  "max": 3
                }
              }
            ]
          },
          {
            "type": "minecraft:item",
            "weight": 1,
            "name": "minecraft:crying_obsidian",
            "functions": [
              {
                "function": "minecraft:set_count",
                "count": {
                  "min": 5,
                  "max": 7
                }
              }
            ]
          }
        ]
      }
    ]
  }
  