{
  "type": "minecraft:crafting_shaped",
  "category": "equipment",
  "pattern": [
    "###",
    "#S#",
    " # "
  ],
  "key": {
    "#": "minecraft:leather",
    "S": "minecraft:chest"
  },
  "result": {
    "id": "minecraft:carrot_on_a_stick",
    "count": 1,
    "components": {
      "minecraft:item_model": "ulg:backpack/chest_normal",
      "minecraft:custom_model_data": {
        "colors": [
          10972703,
          15792639
        ]
      },
      "minecraft:custom_data": {
        "bp": {
          "Inventory": [],
          "Opened": false,
          "newV": 2
        }
      },
      "minecraft:item_name": {
        "translate": "ulg.item.backpack.chest",
        "fallback": "Chest Backpack",
        "color": "gold",
        "italic": false
      }
    }
  }
}
