{
    "condition": "minecraft:entity_properties",
    "entity": "this",
    "predicate": {
      "vehicle": {
        "type": [
          "minecraft:acacia_chest_boat",
          "minecraft:acacia_boat",
          "minecraft:bamboo_chest_raft",
          "minecraft:bamboo_raft",
          "minecraft:birch_chest_boat",
          "minecraft:birch_boat",
          "minecraft:cherry_chest_boat",
          "minecraft:cherry_boat",
          "minecraft:dark_oak_chest_boat",
          "minecraft:dark_oak_boat",
          "minecraft:jungle_chest_boat",
          "minecraft:jungle_boat",
          "minecraft:mangrove_chest_boat",
          "minecraft:mangrove_boat",
          "minecraft:oak_chest_boat",
          "minecraft:oak_boat",
          "minecraft:pale_oak_chest_boat",
          "minecraft:pale_oak_boat",
          "minecraft:spruce_chest_boat",
          "minecraft:spruce_boat"
        ]
      }
    }
  }
  