{
  "pools": [
    {
      "rolls": 1,
      "entries": [
        {
          "type": "minecraft:loot_table",
          "weight": 1,
          "value": "expansion:items/modules/blaster/gatling"
        },
        {
          "type": "minecraft:loot_table",
          "weight": 1,
          "value": "expansion:items/modules/random_tier2"
        }
      ]
    },
    {
      "rolls": 2,
      "entries": [
        {
          "type": "minecraft:loot_table",
          "weight": 1,
          "value": "expansion:chests/mars/random_module"
        },
        {
          "type": "minecraft:loot_table",
          "weight": 1,
          "value": "expansion:items/warming_element",
          "functions": [
            {
              "function": "minecraft:set_count",
              "count": {
                "min": 0,
                "max": 1
              }
            }
          ]
        }
      ]
    },
    {
      "rolls": 1,
      "entries": [
        {
          "type": "minecraft:loot_table",
          "weight": 1,
          "value": "expansion:chests/mars/random_equipment"
        }
      ]
    },
    {
      "rolls": 1,
      "entries": [
        {
          "type": "minecraft:loot_table",
          "weight": 1,
          "value": "expansion:chests/mars/chest_filler"
        }
      ]
    }
  ]
}
