[
  {
    "function": "minecraft:set_components",
    "components": {
      "minecraft:item_model": "ulg:backpack/mouldy"
    }
  },
  {
    "function": "minecraft:set_lore",
    "entity": "this",
    "lore": [
      {
        "translate": "ulg.lore.oldversionbackpack",
        "color": "red",
        "italic": false
      }
    ],
    "mode": "replace_all"
  },
  {
    "function": "minecraft:set_name",
    "name": {
      "translate": "ulg.item.backpack.mouldy",
      "color": "gray",
      "italic": true
    }
  }
]
