{
    "pools": [
      {
        "rolls": 1,
        "entries": [
          {
            "type": "minecraft:loot_table",
            "weight": 40,
            "value": "expansion:items/modules/durability/mk2/regular"
          },
          {
            "type": "minecraft:loot_table",
            "weight": 10,
            "value": "expansion:items/modules/durability/mk2/combat"
          },
          {
            "type": "minecraft:loot_table",
            "weight": 10,
            "value": "expansion:items/modules/durability/mk2/cooled"
          },
          {
            "type": "minecraft:loot_table",
            "weight": 10,
            "value": "expansion:items/modules/durability/mk2/heated"
          },
          {
            "type": "minecraft:loot_table",
            "weight": 10,
            "value": "expansion:items/modules/durability/mk2/reinforced"
          },
          {
            "type": "minecraft:loot_table",
            "weight": 10,
            "value": "expansion:items/modules/durability/mk2/stable"
          },
          {
            "type": "minecraft:loot_table",
            "weight": 10,
            "value": "expansion:items/modules/durability/mk2/swift"
          }
        ]
      }
    ]
  }