{
    "pools": [
      {
        "rolls": 1,
        "entries": [
          {
            "type": "minecraft:loot_table",
            "weight": 40,
            "value": "expansion:items/modules/armor/mk1/regular"
          },
          {
            "type": "minecraft:loot_table",
            "weight": 10,
            "value": "expansion:items/modules/armor/mk1/combat"
          },
          {
            "type": "minecraft:loot_table",
            "weight": 10,
            "value": "expansion:items/modules/armor/mk1/cooled"
          },
          {
            "type": "minecraft:loot_table",
            "weight": 10,
            "value": "expansion:items/modules/armor/mk1/heated"
          },
          {
            "type": "minecraft:loot_table",
            "weight": 10,
            "value": "expansion:items/modules/armor/mk1/reinforced"
          },
          {
            "type": "minecraft:loot_table",
            "weight": 10,
            "value": "expansion:items/modules/armor/mk1/stable"
          },
          {
            "type": "minecraft:loot_table",
            "weight": 10,
            "value": "expansion:items/modules/armor/mk1/swift"
          }
        ]
      }
    ]
  }