{
  "model": {
    "type": "minecraft:select",
    "property": "minecraft:display_context",
    "cases": [
      {
        "when": [
          "thirdperson_lefthand",
          "firstperson_lefthand",
          "head"
        ],
        "model": {
          "type": "minecraft:select",
          "property": "minecraft:custom_model_data",
          "cases": [
            {
              "when": "opened",
              "model": {
                "type": "minecraft:model",
                "model": "ulg:bp/chest_normal/opened",
                "tints": [
                  {
                    "type": "minecraft:custom_model_data",
                    "index": 0,
                    "default": [
                      167,
                      110,
                      31
                    ]
                  },
                  {
                    "type": "minecraft:custom_model_data",
                    "index": 1,
                    "default": [
                      240,
                      249,
                      255
                    ]
                  }
                ]
              }
            }
          ],
          "fallback": {
            "type": "minecraft:model",
            "model": "ulg:bp/chest_normal/closed",
            "tints": [
              {
                "type": "minecraft:custom_model_data",
                "index": 0,
                "default": [
                  167,
                  110,
                  31
                ]
              },
              {
                "type": "minecraft:custom_model_data",
                "index": 1,
                "default": [
                  240,
                  249,
                  255
                ]
              }
            ]
          }
        }
      }
    ],
    "fallback": {
      "type": "minecraft:model",
      "model": "ulg:bp/chest_normal/item",
      "tints": [
        {
          "type": "minecraft:custom_model_data",
          "index": 0,
          "default": [
            167,
            110,
            31
          ]
        },
        {
          "type": "minecraft:custom_model_data",
          "index": 1,
          "default": [
            255,
            215,
            0
          ]
        }
      ]
    }
  }
}
