{
  "model": {
    "type": "minecraft:composite",
    "models": 
    [
      {
        "type": "minecraft:range_dispatch",
        "property": "minecraft:custom_model_data",
        "index": 0,
        "entries": [
          {
            "threshold": 1,
            "model": {
              "type": "minecraft:model",
              "model": "expansion:items/oxygen_tank/mk1_frame"
            }
          },
          {
            "threshold": 2,
            "model": {
              "type": "minecraft:model",
              "model": "expansion:items/oxygen_tank/mk2_frame"
            }
          },
          {
            "threshold": 3,
            "model": {
              "type": "minecraft:model",
              "model": "expansion:items/oxygen_tank/mk3_frame"
            }
          }
        ],
        "fallback": {
          "type": "minecraft:model",
          "model": "expansion:items/oxygen_tank/mk1_frame"
        }
      },
      {
        "type": "minecraft:range_dispatch",
        "property": "minecraft:custom_model_data",
        "index": 1,
        "entries": [
          {
            "threshold": 0,
            "model": {
              "type": "minecraft:model",
              "model": "expansion:items/oxygen_tank/volume/0"
            }
          },
          {
            "threshold": 10,
            "model": {
              "type": "minecraft:model",
              "model": "expansion:items/oxygen_tank/volume/10"
            }
          },
          {
            "threshold": 20,
            "model": {
              "type": "minecraft:model",
              "model": "expansion:items/oxygen_tank/volume/20"
            }
          },
          {
            "threshold": 30,
            "model": {
              "type": "minecraft:model",
              "model": "expansion:items/oxygen_tank/volume/30"
            }
          },
          {
            "threshold": 40,
            "model": {
              "type": "minecraft:model",
              "model": "expansion:items/oxygen_tank/volume/40"
            }
          },
          {
            "threshold": 50,
            "model": {
              "type": "minecraft:model",
              "model": "expansion:items/oxygen_tank/volume/50"
            }
          },
          {
            "threshold": 50,
            "model": {
              "type": "minecraft:model",
              "model": "expansion:items/oxygen_tank/volume/60"
            }
          },
          {
            "threshold": 60,
            "model": {
              "type": "minecraft:model",
              "model": "expansion:items/oxygen_tank/volume/70"
            }
          },
          {
            "threshold": 70,
            "model": {
              "type": "minecraft:model",
              "model": "expansion:items/oxygen_tank/volume/80"
            }
          },
          {
            "threshold": 80,
            "model": {
              "type": "minecraft:model",
              "model": "expansion:items/oxygen_tank/volume/90"
            }
          },
          {
            "threshold": 90,
            "model": {
              "type": "minecraft:model",
              "model": "expansion:items/oxygen_tank/volume/100"
            }
          }
        ],
        "fallback": {
          "type": "minecraft:model",
          "model": "expansion:items/oxygen_tank/volume/0"
        }
      }
    ]
  }
}