{
    "model": {
        "type": "minecraft:select",
        "property": "minecraft:display_context",
        "cases": [
            {
                "when": "gui",
                "model": {
                    "type": "minecraft:model",
                    "model": "expansion:items/phaser_shield"
                }
            }
        ],
        "fallback": {
            "type": "minecraft:condition",
            "property": "minecraft:using_item",
            "on_true": {
                "type": "minecraft:model",
                "model": "expansion:items/phaser_shield_blocking"
            },
            "on_false": {
                "type": "minecraft:model",
                "model": "expansion:items/phaser_shield"
            }

        }
    }
}