{
	"version": 1,
	"overrides": {
		"computercraft": {
			"-depends": {
				"minecraft": "IGNORED"
			}
		},
		"forgeconfigapiport": {
			"-depends": {
				"minecraft": "IGNORED"
			}
		},
		"jsonpatcher": {
			"-depends": {
				"minecraft": "IGNORED"
			}
		},
		"televator": {
			"-depends": {
				"minecraft": "IGNORED",
				"fabricloader": "IGNORED"
			}
		},
		"openloader": {
			"-depends": {
				"minecraft": "IGNORED"
			}
		},
		"filament": {
			"-depends": {
				"minecraft": "IGNORED"
			}
		},
		"bil": {
			"-depends": {
				"minecraft": "IGNORED"
			}
		},
		"puzzleslib": {
			"-depends": {
				"minecraft": "IGNORED"
			}
		},
		"braverbundles": {
			"-depends": {
				"minecraft": "IGNORED"
			}
		},
		"fsit": {
			"-depends": {
				"minecraft": "IGNORED"
			}
		},
		"clumps": {
			"-depends": {
				"minecraft": "IGNORED"
			}
		},
		"leavesbegone": {
			"-depends": {
				"minecraft": "IGNORED"
			}
		},
		"extended_drawers": {
			"-depends": {
				"minecraft": "IGNORED"
			}
		},
		"restart_detector": {
			"-depends": {
				"minecraft": "IGNORED"
			}
		},
		"enderscape": {
			"-depends": {
				"minecraft": "IGNORED"
			}
		},
		"farmersdelight": {
			"-depends": {
				"minecraft": "IGNORED"
			}
		},
		"leaves_us_in_peace": {
			"-depends": {
				"minecraft": "IGNORED"
			}
		},
		"lovely_snails": {
			"-depends": {
				"minecraft": "IGNORED"
			}
		}
	}
}