{
  "allowAlternateHoeUse": true,
  "allowFarmlandTrampling": false,
  "allowGrassReplenishment": true,
  "cropExperienceChance": 50,
  "enhancedBonemeal": true,
  "nonBonemealableBlocks": [
    "minecraft:nether_wart",
    "minecraft:wither_rose",
    "minecraft:torchflower",
    "minecraft:pitcher_plant"
  ],
  "dispensableItems": [
    "minecraft:wheat_seeds",
    "minecraft:beetroot_seeds",
    "minecraft:carrot",
    "minecraft:potato",
    "minecraft:melon_seeds",
    "minecraft:pumpkin_seeds",
    "minecraft:pitcher_pod",
    "minecraft:torchflower_seeds",
    "minecraft:nether_wart",
    "farmersdelight:onion",
    "farmersdelight:tomato_seeds",
    "farmersdelight:cabbage_seeds",
    "farmersdelight:rice"
  ],
  "harvestableBlocks": [
    "minecraft:wheat",
    "minecraft:beetroots",
    "minecraft:carrots",
    "minecraft:potatoes",
    "minecraft:nether_wart",
    "farmersdelight:onions",
    "farmersdelight:cabbages",
    "farmersdelight:rice_panicles"
  ]
}