{
  "rock": true,
  "rockMix": true,
  "graniteRock": true,
  "dioriteRock": true,
  "andesiteRock": true,
  "sandRock": true,
  "redSandRock": true,
  "gravelRock": true,
  "iceRock": true,
  "endStoneRock": true,
  "netherrackRock": true,
  "soulSoilRock": true,
  "oakStick": true,
  "spruceStick": true,
  "birchStick": true,
  "acaciaStick": true,
  "jungleStick": true,
  "darkOakStick": true,
  "paleOakStick": true,
  "mangroveStick": true,
  "cherryStick": true,
  "bambooStick": true,
  "crimsonStick": true,
  "warpedStick": true,
  "pinecone": true,
  "geyser": true,
  "netherGeyser": true,
  "seashell": true,
  "starfish": true,
  "underwaterSeashell": true,
  "underwaterStarfish": true,
  "geyserLevitation": true,
  "netherGeyserDamage": true,
  "enablePolymerMode": true,
  "forcePolymerMode": true,
  "polymerViewDistance": 100,
  "biomeExclusions": []
}