{
  "model": {
    "type": "minecraft:select",
    "property": "minecraft:custom_model_data",
    "cases": [
      {
        "when": "brain",
        "model": {
          "type": "minecraft:model",
          "model": "tcc:entity/coral_drowned/arm/brain"
        }
      },
      {
        "when": "bubble",
        "model": {
          "type": "minecraft:model",
          "model": "tcc:entity/coral_drowned/arm/bubble"
        }
      },
      {
        "when": "fire",
        "model": {
          "type": "minecraft:model",
          "model": "tcc:entity/coral_drowned/arm/fire"
        }
      },
      {
        "when": "horn",
        "model": {
          "type": "minecraft:model",
          "model": "tcc:entity/coral_drowned/arm/horn"
        }
      },
      {
        "when": "tube",
        "model": {
          "type": "minecraft:model",
          "model": "tcc:entity/coral_drowned/arm/tube"
        }
      }
    ]
  }
}