{
  "pools": [
    {
      "rolls": 1,
      "entries": [
        {
          "type": "minecraft:item",
          "name": "minecraft:jigsaw",
          "functions": [
            {
              "function": "minecraft:set_name",
              "name": {
                "translate": "exp_blocks_guitip_info",
                "italic": false
              },
              "entity": "this"
            },
              {
                "function": "minecraft:set_components",
                "components": 
                {
                  "item_model": "expansion:empty"
                }
              },
            {
              "function": "minecraft:set_custom_data",
              "tag": "{gui_item:1b,gui_button:0b,buggy_tip:1b}"
            },
            {
              "function": "minecraft:set_lore",
              "mode": "replace_all",
              "lore": [
                {
                  "translate":"exp_blocks_modstation_buggyguitip1"
                },
                {
                  "translate":"exp_blocks_modstation_buggyguitip2"
                },
                {
                  "translate":"exp_blocks_modstation_buggyguitip3"
                }
              ]
            }
          ]
        }
      ]
    }
  ]
}
  