{
  "type": "minecraft:entity",
  "pools": [
    {
      "bonus_rolls": 0.0,
      "entries": [
        {
          "type": "minecraft:alternatives",
          "children": [
            {
              "type": "minecraft:loot_table",
              "conditions": [
                {
                  "condition": "minecraft:entity_properties",
                  "entity": "this",
                  "predicate": {
                    "type": "minecraft:piglin"
                  }
                }
              ],
              "value": "minecraft:charged_creeper/piglin"
            },
            {
              "type": "minecraft:loot_table",
              "conditions": [
                {
                  "condition": "minecraft:entity_properties",
                  "entity": "this",
                  "predicate": {
                    "type": "minecraft:creeper"
                  }
                }
              ],
              "value": "minecraft:charged_creeper/creeper"
            },
            {
              "type": "minecraft:loot_table",
              "conditions": [
                {
                  "condition": "minecraft:entity_properties",
                  "entity": "this",
                  "predicate": {
                    "type": "minecraft:skeleton"
                  }
                }
              ],
              "value": "minecraft:charged_creeper/skeleton"
            },
            {
              "type": "minecraft:loot_table",
              "conditions": [
                {
                  "condition": "minecraft:entity_properties",
                  "entity": "this",
                  "predicate": {
                    "type": "minecraft:wither_skeleton"
                  }
                }
              ],
              "value": "minecraft:charged_creeper/wither_skeleton"
            },
            {
              "type": "minecraft:loot_table",
              "conditions": [
                {
                  "condition": "minecraft:entity_properties",
                  "entity": "this",
                  "predicate": {
                    "type": "minecraft:zombie"
                  }
                }
              ],
              "value": "minecraft:charged_creeper/zombie"
            },
            {
              "type": "minecraft:loot_table",
              "conditions": [
                {
                  "condition": "minecraft:entity_properties",
                  "entity": "this",
                  "predicate": {
                    "type": "minecraft:ender_dragon"
                  }
                }
              ],
              "value": "tcc:charged_creeper/ender_dragon"
            },
            {
              "type": "minecraft:loot_table",
              "conditions": [
                {
                  "condition": "minecraft:entity_properties",
                  "entity": "this",
                  "predicate": {
                    "type": "minecraft:witch"
                  }
                }
              ],
              "value": "tcc:charged_creeper/witch"
            }
          ]
        }
      ],
      "rolls": 1.0
    }
  ],
  "random_sequence": "minecraft:charged_creeper/root"
}