{
    "pools": [
      {
        "rolls": 1,
        "entries": [
          {
            "type": "minecraft:item",
            "name": "minecraft:jigsaw",
            "functions": [
              {
                "function": "minecraft:set_name",
                "name": [
                  {
                    "translate": "exp_modules_secondary_cooled",
                    "color": "white",
                    "italic": false
                  },
                  {
                    "translate": "exp_modules_durability_name",
                    "italic": false
                  },
                  {
                    "translate": "exp_modules_mk3"
                  }
                ]
              },
              {
                "function": "minecraft:set_components",
                    "components": {
                      "item_model": "expansion:modules/equipment",
                      "custom_model_data": {
                        "strings": ["durability"],
                        "floats": [3]
                      },
                    "minecraft:max_stack_size": 64,
                    "!minecraft:max_damage": {},
                    "minecraft:unbreakable": {},
                        "tooltip_display": {"hidden_components":["minecraft:unbreakable"]}
                    }
              },
              {
                "function": "minecraft:set_custom_data",
                "tag": "{exp_item:{name:\"durability_module\",crafting_count:1,max_stack_size:64},upgrade_module:1b,secondary:\"cooled\",max_damage:{add_percent:120},cold_resist:{modifier:-3},heat_resist:{modifier:5},allowedIDs:[103,102,101,100],icon:{layer1:\"\ufb03\",layer2:\"\uff44\"}}"
              },
              {
                "function": "minecraft:set_lore",
                "mode": "replace_all",
                "lore": [
                  {
                    "text": ""
                  },
                  {
                    "translate": "exp_modules_ifadded"
                  },
                  [
                    {
                      "translate": "exp_modules_durability_lore"
                    },
                    {
                      "text": "+120%",
                      "color": "green",
                      "bold": true,
                      "italic": false
                    }
                  ]
                ]
              },
              {
                "function": "minecraft:reference",
                "name": "expansion:modules/cooled_lore"
              },
              {
                "function": "minecraft:reference",
                "name": "expansion:modules/moduletip"
              }
            ]
          }
        ]
      }
    ]
  }
  