{
	"textures": {
		"0": "animated_java:blueprint/buggy/buggy",
		"particle": "minecraft:item/pufferfish"
	},
	"display": {
		"head": {
			"rotation": [0, 180, 0]
		}
	},
	"elements": [
		{
			"from": [6.0127, 12, 6.4087],
			"to": [10.0167, 16, 9.5913],
			"rotation": {
				"angle": 0,
				"axis": "y",
				"origin": [-7.9853, 8, 8]
			},
			"faces": {
				"north": {
					"uv": [8.5, 5.625, 8.75, 5.875],
					"texture": "#0"
				},
				"east": {
					"uv": [0.75, 11.375, 0.9375, 11.625],
					"texture": "#0"
				},
				"south": {
					"uv": [8.5, 6, 8.75, 6.25],
					"texture": "#0"
				},
				"west": {
					"uv": [11.375, 0.75, 11.5625, 1],
					"texture": "#0"
				},
				"up": {
					"uv": [1.375, 11.5625, 1.125, 11.375],
					"texture": "#0"
				},
				"down": {
					"uv": [11.625, 1.125, 11.375, 1.3125],
					"texture": "#0"
				}
			}
		},
		{
			"from": [6.0147, 12, 6.4087],
			"to": [10.0147, 16, 9.5913],
			"rotation": {
				"angle": -22.5,
				"axis": "x",
				"origin": [-7.9853, 8, 8]
			},
			"faces": {
				"north": {
					"uv": [8.5, 6.375, 8.75, 6.625],
					"texture": "#0"
				},
				"east": {
					"uv": [1.5, 11.375, 1.6875, 11.625],
					"texture": "#0"
				},
				"south": {
					"uv": [6.875, 8.5, 7.125, 8.75],
					"texture": "#0"
				},
				"west": {
					"uv": [11.375, 1.5, 11.5625, 1.75],
					"texture": "#0"
				},
				"up": {
					"uv": [2.125, 11.5625, 1.875, 11.375],
					"texture": "#0"
				},
				"down": {
					"uv": [2.5, 11.375, 2.25, 11.5625],
					"texture": "#0"
				}
			}
		},
		{
			"from": [6.0127, 12, 6.4087],
			"to": [10.0167, 16, 9.5913],
			"rotation": {
				"angle": -45,
				"axis": "x",
				"origin": [-7.9853, 8, 8]
			},
			"faces": {
				"north": {
					"uv": [7.25, 8.5, 7.5, 8.75],
					"texture": "#0"
				},
				"east": {
					"uv": [2.625, 11.375, 2.8125, 11.625],
					"texture": "#0"
				},
				"south": {
					"uv": [8.375, 8.5, 8.625, 8.75],
					"texture": "#0"
				},
				"west": {
					"uv": [11.375, 2.625, 11.5625, 2.875],
					"texture": "#0"
				},
				"up": {
					"uv": [3.25, 11.5625, 3, 11.375],
					"texture": "#0"
				},
				"down": {
					"uv": [11.625, 3, 11.375, 3.1875],
					"texture": "#0"
				}
			}
		},
		{
			"from": [6.0147, 6.4087, 0],
			"to": [10.0147, 9.5913, 4],
			"rotation": {
				"angle": 22.5,
				"axis": "x",
				"origin": [-7.9853, 8, 8]
			},
			"faces": {
				"north": {
					"uv": [3.375, 11.375, 3.625, 11.5625],
					"texture": "#0"
				},
				"east": {
					"uv": [11.375, 3.375, 11.625, 3.5625],
					"texture": "#0"
				},
				"south": {
					"uv": [3.75, 11.375, 4, 11.5625],
					"texture": "#0"
				},
				"west": {
					"uv": [11.375, 3.75, 11.625, 3.9375],
					"texture": "#0"
				},
				"up": {
					"uv": [8.875, 0.25, 8.625, 0],
					"texture": "#0"
				},
				"down": {
					"uv": [0.625, 8.625, 0.375, 8.875],
					"texture": "#0"
				}
			}
		},
		{
			"from": [6.0127, 6.4087, 0],
			"to": [10.0167, 9.5913, 4],
			"rotation": {
				"angle": 0,
				"axis": "y",
				"origin": [-7.9853, 8, 8]
			},
			"faces": {
				"north": {
					"uv": [11.375, 4.875, 11.625, 5.0625],
					"texture": "#0"
				},
				"east": {
					"uv": [11.375, 5.25, 11.625, 5.4375],
					"texture": "#0"
				},
				"south": {
					"uv": [11.375, 5.625, 11.625, 5.8125],
					"texture": "#0"
				},
				"west": {
					"uv": [11.375, 6, 11.625, 6.1875],
					"texture": "#0"
				},
				"up": {
					"uv": [8.875, 0.625, 8.625, 0.375],
					"texture": "#0"
				},
				"down": {
					"uv": [1, 8.625, 0.75, 8.875],
					"texture": "#0"
				}
			}
		},
		{
			"from": [6.0127, 0, 6.4087],
			"to": [10.0167, 4, 9.5913],
			"rotation": {
				"angle": 0,
				"axis": "y",
				"origin": [-7.9853, 8, 8]
			},
			"faces": {
				"north": {
					"uv": [8.625, 2.125, 8.875, 2.375],
					"texture": "#0"
				},
				"east": {
					"uv": [11.375, 6.375, 11.5625, 6.625],
					"texture": "#0"
				},
				"south": {
					"uv": [2.5, 8.625, 2.75, 8.875],
					"texture": "#0"
				},
				"west": {
					"uv": [6.5, 11.375, 6.6875, 11.625],
					"texture": "#0"
				},
				"up": {
					"uv": [11.625, 7.6875, 11.375, 7.5],
					"texture": "#0"
				},
				"down": {
					"uv": [11.625, 7.875, 11.375, 8.0625],
					"texture": "#0"
				}
			}
		},
		{
			"from": [6.0147, 0, 6.4087],
			"to": [10.0147, 4, 9.5913],
			"rotation": {
				"angle": -22.5,
				"axis": "x",
				"origin": [-7.9853, 8, 8]
			},
			"faces": {
				"north": {
					"uv": [2.875, 8.625, 3.125, 8.875],
					"texture": "#0"
				},
				"east": {
					"uv": [11.375, 8.25, 11.5625, 8.5],
					"texture": "#0"
				},
				"south": {
					"uv": [3.25, 8.625, 3.5, 8.875],
					"texture": "#0"
				},
				"west": {
					"uv": [9.25, 11.375, 9.4375, 11.625],
					"texture": "#0"
				},
				"up": {
					"uv": [9.875, 11.5625, 9.625, 11.375],
					"texture": "#0"
				},
				"down": {
					"uv": [10.25, 11.375, 10, 11.5625],
					"texture": "#0"
				}
			}
		},
		{
			"from": [6.0127, 0, 6.4087],
			"to": [10.0167, 4, 9.5913],
			"rotation": {
				"angle": -45,
				"axis": "x",
				"origin": [-7.9853, 8, 8]
			},
			"faces": {
				"north": {
					"uv": [3.625, 8.625, 3.875, 8.875],
					"texture": "#0"
				},
				"east": {
					"uv": [11.375, 10.125, 11.5625, 10.375],
					"texture": "#0"
				},
				"south": {
					"uv": [4, 8.625, 4.25, 8.875],
					"texture": "#0"
				},
				"west": {
					"uv": [10.375, 11.375, 10.5625, 11.625],
					"texture": "#0"
				},
				"up": {
					"uv": [11, 11.5625, 10.75, 11.375],
					"texture": "#0"
				},
				"down": {
					"uv": [0.25, 11.5, 0, 11.6875],
					"texture": "#0"
				}
			}
		},
		{
			"from": [6.0147, 6.4087, 12],
			"to": [10.0147, 9.5913, 16],
			"rotation": {
				"angle": 22.5,
				"axis": "x",
				"origin": [-7.9853, 8, 8]
			},
			"faces": {
				"north": {
					"uv": [0.375, 11.5, 0.625, 11.6875],
					"texture": "#0"
				},
				"east": {
					"uv": [11.5, 1.875, 11.75, 2.0625],
					"texture": "#0"
				},
				"south": {
					"uv": [11.5, 2.25, 11.75, 2.4375],
					"texture": "#0"
				},
				"west": {
					"uv": [4.875, 11.5, 5.125, 11.6875],
					"texture": "#0"
				},
				"up": {
					"uv": [4.625, 8.875, 4.375, 8.625],
					"texture": "#0"
				},
				"down": {
					"uv": [5, 8.625, 4.75, 8.875],
					"texture": "#0"
				}
			}
		},
		{
			"from": [6.0127, 6.4087, 12],
			"to": [10.0167, 9.5913, 16],
			"rotation": {
				"angle": 0,
				"axis": "y",
				"origin": [-7.9853, 8, 8]
			},
			"faces": {
				"north": {
					"uv": [5.25, 11.5, 5.5, 11.6875],
					"texture": "#0"
				},
				"east": {
					"uv": [5.625, 11.5, 5.875, 11.6875],
					"texture": "#0"
				},
				"south": {
					"uv": [6, 11.5, 6.25, 11.6875],
					"texture": "#0"
				},
				"west": {
					"uv": [6.875, 11.5, 7.125, 11.6875],
					"texture": "#0"
				},
				"up": {
					"uv": [5.375, 8.875, 5.125, 8.625],
					"texture": "#0"
				},
				"down": {
					"uv": [5.75, 8.625, 5.5, 8.875],
					"texture": "#0"
				}
			}
		},
		{
			"from": [6.0147, 6.4087, 0],
			"to": [10.0147, 9.5913, 4],
			"rotation": {
				"angle": -22.5,
				"axis": "x",
				"origin": [-7.9853, 8, 8]
			},
			"faces": {
				"north": {
					"uv": [7.625, 11.5, 7.875, 11.6875],
					"texture": "#0"
				},
				"east": {
					"uv": [8.5, 11.5, 8.75, 11.6875],
					"texture": "#0"
				},
				"south": {
					"uv": [11.5, 10.5, 11.75, 10.6875],
					"texture": "#0"
				},
				"west": {
					"uv": [11.5, 10.875, 11.75, 11.0625],
					"texture": "#0"
				},
				"up": {
					"uv": [6.625, 8.875, 6.375, 8.625],
					"texture": "#0"
				},
				"down": {
					"uv": [8.25, 8.625, 8, 8.875],
					"texture": "#0"
				}
			}
		},
		{
			"from": [6.0127, 6.4087, 0],
			"to": [10.0167, 9.5913, 4],
			"rotation": {
				"angle": -45,
				"axis": "x",
				"origin": [-7.9853, 8, 8]
			},
			"faces": {
				"north": {
					"uv": [11.125, 11.5, 11.375, 11.6875],
					"texture": "#0"
				},
				"east": {
					"uv": [11.5, 11.25, 11.75, 11.4375],
					"texture": "#0"
				},
				"south": {
					"uv": [4.125, 11.625, 4.375, 11.8125],
					"texture": "#0"
				},
				"west": {
					"uv": [11.625, 4.125, 11.875, 4.3125],
					"texture": "#0"
				},
				"up": {
					"uv": [0.25, 9, 0, 8.75],
					"texture": "#0"
				},
				"down": {
					"uv": [9, 0.75, 8.75, 1],
					"texture": "#0"
				}
			}
		},
		{
			"from": [6.0147, 0, 6.4087],
			"to": [10.0147, 4, 9.5913],
			"rotation": {
				"angle": 22.5,
				"axis": "x",
				"origin": [-7.9853, 8, 8]
			},
			"faces": {
				"north": {
					"uv": [1.125, 8.75, 1.375, 9],
					"texture": "#0"
				},
				"east": {
					"uv": [4.5, 11.625, 4.6875, 11.875],
					"texture": "#0"
				},
				"south": {
					"uv": [8.75, 1.125, 9, 1.375],
					"texture": "#0"
				},
				"west": {
					"uv": [11.625, 4.5, 11.8125, 4.75],
					"texture": "#0"
				},
				"up": {
					"uv": [11.875, 6.9375, 11.625, 6.75],
					"texture": "#0"
				},
				"down": {
					"uv": [11.875, 7.125, 11.625, 7.3125],
					"texture": "#0"
				}
			}
		},
		{
			"from": [6.0147, 6.4087, 12],
			"to": [10.0147, 9.5913, 16],
			"rotation": {
				"angle": -22.5,
				"axis": "x",
				"origin": [-7.9853, 8, 8]
			},
			"faces": {
				"north": {
					"uv": [7.25, 11.625, 7.5, 11.8125],
					"texture": "#0"
				},
				"east": {
					"uv": [8, 11.625, 8.25, 11.8125],
					"texture": "#0"
				},
				"south": {
					"uv": [11.625, 8.625, 11.875, 8.8125],
					"texture": "#0"
				},
				"west": {
					"uv": [8.875, 11.625, 9.125, 11.8125],
					"texture": "#0"
				},
				"up": {
					"uv": [1.75, 9, 1.5, 8.75],
					"texture": "#0"
				},
				"down": {
					"uv": [9, 1.5, 8.75, 1.75],
					"texture": "#0"
				}
			}
		},
		{
			"from": [6.0127, 6.4087, 12],
			"to": [10.0167, 9.5913, 16],
			"rotation": {
				"angle": -45,
				"axis": "x",
				"origin": [-7.9853, 8, 8]
			},
			"faces": {
				"north": {
					"uv": [11.625, 9, 11.875, 9.1875],
					"texture": "#0"
				},
				"east": {
					"uv": [11.625, 9.375, 11.875, 9.5625],
					"texture": "#0"
				},
				"south": {
					"uv": [11.625, 9.75, 11.875, 9.9375],
					"texture": "#0"
				},
				"west": {
					"uv": [11.5, 11.625, 11.75, 11.8125],
					"texture": "#0"
				},
				"up": {
					"uv": [2.125, 9, 1.875, 8.75],
					"texture": "#0"
				},
				"down": {
					"uv": [9, 2.75, 8.75, 3],
					"texture": "#0"
				}
			}
		},
		{
			"from": [6.0147, 12, 6.4087],
			"to": [10.0147, 16, 9.5913],
			"rotation": {
				"angle": 22.5,
				"axis": "x",
				"origin": [-7.9853, 8, 8]
			},
			"faces": {
				"north": {
					"uv": [8.75, 3.125, 9, 3.375],
					"texture": "#0"
				},
				"east": {
					"uv": [11.75, 0, 11.9375, 0.25],
					"texture": "#0"
				},
				"south": {
					"uv": [8.75, 3.75, 9, 4],
					"texture": "#0"
				},
				"west": {
					"uv": [11.75, 0.375, 11.9375, 0.625],
					"texture": "#0"
				},
				"up": {
					"uv": [1, 11.9375, 0.75, 11.75],
					"texture": "#0"
				},
				"down": {
					"uv": [12, 0.75, 11.75, 0.9375],
					"texture": "#0"
				}
			}
		},
		{
			"from": [7.0147, 3, 3],
			"to": [8.5147, 13, 13],
			"rotation": {
				"angle": 0,
				"axis": "y",
				"origin": [-7.9853, 8, 8]
			},
			"faces": {
				"north": {
					"uv": [1.375, 9.125, 1.46875, 9.75],
					"texture": "#0"
				},
				"east": {
					"uv": [1.5, 4.5, 2.125, 5.125],
					"texture": "#0"
				},
				"south": {
					"uv": [1.625, 9.125, 1.71875, 9.75],
					"texture": "#0"
				},
				"west": {
					"uv": [2.25, 4.625, 2.875, 5.25],
					"texture": "#0"
				},
				"up": {
					"uv": [1.96875, 9.75, 1.875, 9.125],
					"texture": "#0"
				},
				"down": {
					"uv": [9.21875, 2.375, 9.125, 3],
					"texture": "#0"
				}
			}
		}
	]
}