{
	"textures": {
		"0": "animated_java:blueprint/buggy/buggy",
		"particle": "minecraft:item/pufferfish"
	},
	"display": {
		"head": {
			"rotation": [0, 180, 0]
		}
	},
	"elements": [
		{
			"from": [6.0127, 0, 6.4087],
			"to": [10.0167, 4, 9.5913],
			"rotation": {
				"angle": 0,
				"axis": "y",
				"origin": [-7.9853, 8, 8]
			},
			"faces": {
				"north": {
					"uv": [7.375, 1.125, 7.625, 1.375],
					"texture": "#0"
				},
				"east": {
					"uv": [8.625, 9.75, 8.8125, 10],
					"texture": "#0"
				},
				"south": {
					"uv": [7.375, 1.5, 7.625, 1.75],
					"texture": "#0"
				},
				"west": {
					"uv": [9.75, 9.125, 9.9375, 9.375],
					"texture": "#0"
				},
				"up": {
					"uv": [9.625, 9.9375, 9.375, 9.75],
					"texture": "#0"
				},
				"down": {
					"uv": [10, 9.5, 9.75, 9.6875],
					"texture": "#0"
				}
			}
		},
		{
			"from": [6.0147, 0, 6.4087],
			"to": [10.0147, 4, 9.5913],
			"rotation": {
				"angle": -22.5,
				"axis": "x",
				"origin": [-7.9853, 8, 8]
			},
			"faces": {
				"north": {
					"uv": [7.375, 1.875, 7.625, 2.125],
					"texture": "#0"
				},
				"east": {
					"uv": [9.875, 0, 10.0625, 0.25],
					"texture": "#0"
				},
				"south": {
					"uv": [7.375, 2.75, 7.625, 3],
					"texture": "#0"
				},
				"west": {
					"uv": [9.875, 0.375, 10.0625, 0.625],
					"texture": "#0"
				},
				"up": {
					"uv": [1.375, 10.0625, 1.125, 9.875],
					"texture": "#0"
				},
				"down": {
					"uv": [1.75, 9.875, 1.5, 10.0625],
					"texture": "#0"
				}
			}
		},
		{
			"from": [6.0127, 0, 6.4087],
			"to": [10.0167, 4, 9.5913],
			"rotation": {
				"angle": -45,
				"axis": "x",
				"origin": [-7.9853, 8, 8]
			},
			"faces": {
				"north": {
					"uv": [7.375, 3.125, 7.625, 3.375],
					"texture": "#0"
				},
				"east": {
					"uv": [9.875, 1.5, 10.0625, 1.75],
					"texture": "#0"
				},
				"south": {
					"uv": [7.375, 3.5, 7.625, 3.75],
					"texture": "#0"
				},
				"west": {
					"uv": [9.875, 3.125, 10.0625, 3.375],
					"texture": "#0"
				},
				"up": {
					"uv": [10.125, 3.9375, 9.875, 3.75],
					"texture": "#0"
				},
				"down": {
					"uv": [10.125, 4.875, 9.875, 5.0625],
					"texture": "#0"
				}
			}
		},
		{
			"from": [6.0147, 6.4087, 12],
			"to": [10.0147, 9.5913, 16],
			"rotation": {
				"angle": 22.5,
				"axis": "x",
				"origin": [-7.9853, 8, 8]
			},
			"faces": {
				"north": {
					"uv": [9.75, 9.875, 10, 10.0625],
					"texture": "#0"
				},
				"east": {
					"uv": [10, 1.875, 10.25, 2.0625],
					"texture": "#0"
				},
				"south": {
					"uv": [10, 2.25, 10.25, 2.4375],
					"texture": "#0"
				},
				"west": {
					"uv": [5.125, 10, 5.375, 10.1875],
					"texture": "#0"
				},
				"up": {
					"uv": [7.625, 4.125, 7.375, 3.875],
					"texture": "#0"
				},
				"down": {
					"uv": [7.625, 4.25, 7.375, 4.5],
					"texture": "#0"
				}
			}
		},
		{
			"from": [6.0127, 6.4087, 12],
			"to": [10.0167, 9.5913, 16],
			"rotation": {
				"angle": 0,
				"axis": "y",
				"origin": [-7.9853, 8, 8]
			},
			"faces": {
				"north": {
					"uv": [5.5, 10, 5.75, 10.1875],
					"texture": "#0"
				},
				"east": {
					"uv": [6.125, 10, 6.375, 10.1875],
					"texture": "#0"
				},
				"south": {
					"uv": [7, 10, 7.25, 10.1875],
					"texture": "#0"
				},
				"west": {
					"uv": [8, 10, 8.25, 10.1875],
					"texture": "#0"
				},
				"up": {
					"uv": [7.625, 4.875, 7.375, 4.625],
					"texture": "#0"
				},
				"down": {
					"uv": [7.625, 5, 7.375, 5.25],
					"texture": "#0"
				}
			}
		},
		{
			"from": [6.0127, 12, 6.4087],
			"to": [10.0167, 16, 9.5913],
			"rotation": {
				"angle": 0,
				"axis": "y",
				"origin": [-7.9853, 8, 8]
			},
			"faces": {
				"north": {
					"uv": [7.375, 5.375, 7.625, 5.625],
					"texture": "#0"
				},
				"east": {
					"uv": [9, 10, 9.1875, 10.25],
					"texture": "#0"
				},
				"south": {
					"uv": [7.375, 5.75, 7.625, 6],
					"texture": "#0"
				},
				"west": {
					"uv": [10.125, 4.125, 10.3125, 4.375],
					"texture": "#0"
				},
				"up": {
					"uv": [4.625, 10.3125, 4.375, 10.125],
					"texture": "#0"
				},
				"down": {
					"uv": [10.375, 4.5, 10.125, 4.6875],
					"texture": "#0"
				}
			}
		},
		{
			"from": [6.0147, 12, 6.4087],
			"to": [10.0147, 16, 9.5913],
			"rotation": {
				"angle": -22.5,
				"axis": "x",
				"origin": [-7.9853, 8, 8]
			},
			"faces": {
				"north": {
					"uv": [7.375, 6.125, 7.625, 6.375],
					"texture": "#0"
				},
				"east": {
					"uv": [4.75, 10.125, 4.9375, 10.375],
					"texture": "#0"
				},
				"south": {
					"uv": [7.375, 6.5, 7.625, 6.75],
					"texture": "#0"
				},
				"west": {
					"uv": [10.125, 7, 10.3125, 7.25],
					"texture": "#0"
				},
				"up": {
					"uv": [7.625, 10.3125, 7.375, 10.125],
					"texture": "#0"
				},
				"down": {
					"uv": [10.375, 7.375, 10.125, 7.5625],
					"texture": "#0"
				}
			}
		},
		{
			"from": [6.0127, 12, 6.4087],
			"to": [10.0167, 16, 9.5913],
			"rotation": {
				"angle": -45,
				"axis": "x",
				"origin": [-7.9853, 8, 8]
			},
			"faces": {
				"north": {
					"uv": [6.875, 7.375, 7.125, 7.625],
					"texture": "#0"
				},
				"east": {
					"uv": [8.375, 10.125, 8.5625, 10.375],
					"texture": "#0"
				},
				"south": {
					"uv": [7.375, 6.875, 7.625, 7.125],
					"texture": "#0"
				},
				"west": {
					"uv": [10.125, 9.125, 10.3125, 9.375],
					"texture": "#0"
				},
				"up": {
					"uv": [9.625, 10.3125, 9.375, 10.125],
					"texture": "#0"
				},
				"down": {
					"uv": [10.375, 9.5, 10.125, 9.6875],
					"texture": "#0"
				}
			}
		},
		{
			"from": [6.0147, 6.4087, 0],
			"to": [10.0147, 9.5913, 4],
			"rotation": {
				"angle": 22.5,
				"axis": "x",
				"origin": [-7.9853, 8, 8]
			},
			"faces": {
				"north": {
					"uv": [10.125, 9.875, 10.375, 10.0625],
					"texture": "#0"
				},
				"east": {
					"uv": [10.25, 0, 10.5, 0.1875],
					"texture": "#0"
				},
				"south": {
					"uv": [10.25, 0.375, 10.5, 0.5625],
					"texture": "#0"
				},
				"west": {
					"uv": [10.25, 0.75, 10.5, 0.9375],
					"texture": "#0"
				},
				"up": {
					"uv": [7.5, 7.625, 7.25, 7.375],
					"texture": "#0"
				},
				"down": {
					"uv": [7.75, 0, 7.5, 0.25],
					"texture": "#0"
				}
			}
		},
		{
			"from": [6.0127, 6.4087, 0],
			"to": [10.0167, 9.5913, 4],
			"rotation": {
				"angle": 0,
				"axis": "y",
				"origin": [-7.9853, 8, 8]
			},
			"faces": {
				"north": {
					"uv": [1.125, 10.25, 1.375, 10.4375],
					"texture": "#0"
				},
				"east": {
					"uv": [10.25, 1.125, 10.5, 1.3125],
					"texture": "#0"
				},
				"south": {
					"uv": [1.5, 10.25, 1.75, 10.4375],
					"texture": "#0"
				},
				"west": {
					"uv": [10.25, 1.5, 10.5, 1.6875],
					"texture": "#0"
				},
				"up": {
					"uv": [7.75, 0.625, 7.5, 0.375],
					"texture": "#0"
				},
				"down": {
					"uv": [1.25, 7.5, 1, 7.75],
					"texture": "#0"
				}
			}
		},
		{
			"from": [6.0147, 6.4087, 12],
			"to": [10.0147, 9.5913, 16],
			"rotation": {
				"angle": -22.5,
				"axis": "x",
				"origin": [-7.9853, 8, 8]
			},
			"faces": {
				"north": {
					"uv": [1.875, 10.25, 2.125, 10.4375],
					"texture": "#0"
				},
				"east": {
					"uv": [2.25, 10.25, 2.5, 10.4375],
					"texture": "#0"
				},
				"south": {
					"uv": [2.625, 10.25, 2.875, 10.4375],
					"texture": "#0"
				},
				"west": {
					"uv": [10.25, 2.625, 10.5, 2.8125],
					"texture": "#0"
				},
				"up": {
					"uv": [3.25, 7.75, 3, 7.5],
					"texture": "#0"
				},
				"down": {
					"uv": [3.625, 7.5, 3.375, 7.75],
					"texture": "#0"
				}
			}
		},
		{
			"from": [6.0127, 6.4087, 12],
			"to": [10.0167, 9.5913, 16],
			"rotation": {
				"angle": -45,
				"axis": "x",
				"origin": [-7.9853, 8, 8]
			},
			"faces": {
				"north": {
					"uv": [10.25, 3, 10.5, 3.1875],
					"texture": "#0"
				},
				"east": {
					"uv": [10.25, 3.375, 10.5, 3.5625],
					"texture": "#0"
				},
				"south": {
					"uv": [10.25, 3.75, 10.5, 3.9375],
					"texture": "#0"
				},
				"west": {
					"uv": [3.875, 10.25, 4.125, 10.4375],
					"texture": "#0"
				},
				"up": {
					"uv": [5.25, 7.75, 5, 7.5],
					"texture": "#0"
				},
				"down": {
					"uv": [1.875, 7.625, 1.625, 7.875],
					"texture": "#0"
				}
			}
		},
		{
			"from": [6.0147, 12, 6.4087],
			"to": [10.0147, 16, 9.5913],
			"rotation": {
				"angle": 22.5,
				"axis": "x",
				"origin": [-7.9853, 8, 8]
			},
			"faces": {
				"north": {
					"uv": [2, 7.625, 2.25, 7.875],
					"texture": "#0"
				},
				"east": {
					"uv": [10.25, 4.875, 10.4375, 5.125],
					"texture": "#0"
				},
				"south": {
					"uv": [2.375, 7.625, 2.625, 7.875],
					"texture": "#0"
				},
				"west": {
					"uv": [10.25, 5.25, 10.4375, 5.5],
					"texture": "#0"
				},
				"up": {
					"uv": [10.5, 5.8125, 10.25, 5.625],
					"texture": "#0"
				},
				"down": {
					"uv": [10, 10.25, 9.75, 10.4375],
					"texture": "#0"
				}
			}
		},
		{
			"from": [6.0147, 6.4087, 0],
			"to": [10.0147, 9.5913, 4],
			"rotation": {
				"angle": -22.5,
				"axis": "x",
				"origin": [-7.9853, 8, 8]
			},
			"faces": {
				"north": {
					"uv": [10.125, 10.25, 10.375, 10.4375],
					"texture": "#0"
				},
				"east": {
					"uv": [0.5, 10.375, 0.75, 10.5625],
					"texture": "#0"
				},
				"south": {
					"uv": [10.375, 1.875, 10.625, 2.0625],
					"texture": "#0"
				},
				"west": {
					"uv": [10.375, 2.25, 10.625, 2.4375],
					"texture": "#0"
				},
				"up": {
					"uv": [6.375, 7.875, 6.125, 7.625],
					"texture": "#0"
				},
				"down": {
					"uv": [7.875, 7.25, 7.625, 7.5],
					"texture": "#0"
				}
			}
		},
		{
			"from": [6.0127, 6.4087, 0],
			"to": [10.0167, 9.5913, 4],
			"rotation": {
				"angle": -45,
				"axis": "x",
				"origin": [-7.9853, 8, 8]
			},
			"faces": {
				"north": {
					"uv": [5.125, 10.375, 5.375, 10.5625],
					"texture": "#0"
				},
				"east": {
					"uv": [5.5, 10.375, 5.75, 10.5625],
					"texture": "#0"
				},
				"south": {
					"uv": [5.875, 10.375, 6.125, 10.5625],
					"texture": "#0"
				},
				"west": {
					"uv": [6.25, 10.375, 6.5, 10.5625],
					"texture": "#0"
				},
				"up": {
					"uv": [7.875, 7.875, 7.625, 7.625],
					"texture": "#0"
				},
				"down": {
					"uv": [0.25, 7.75, 0, 8],
					"texture": "#0"
				}
			}
		},
		{
			"from": [7.0147, 3, 3],
			"to": [8.5147, 13, 13],
			"rotation": {
				"angle": 0,
				"axis": "y",
				"origin": [-7.9853, 8, 8]
			},
			"faces": {
				"north": {
					"uv": [5.125, 9, 5.21875, 9.625],
					"texture": "#0"
				},
				"east": {
					"uv": [0, 4, 0.625, 4.625],
					"texture": "#0"
				},
				"south": {
					"uv": [5.375, 9, 5.46875, 9.625],
					"texture": "#0"
				},
				"west": {
					"uv": [3.625, 4.125, 4.25, 4.75],
					"texture": "#0"
				},
				"up": {
					"uv": [5.71875, 9.625, 5.625, 9],
					"texture": "#0"
				},
				"down": {
					"uv": [6.34375, 9, 6.25, 9.625],
					"texture": "#0"
				}
			}
		},
		{
			"from": [6.0147, 0, 6.4087],
			"to": [10.0147, 4, 9.5913],
			"rotation": {
				"angle": 22.5,
				"axis": "x",
				"origin": [-7.9853, 8, 8]
			},
			"faces": {
				"north": {
					"uv": [0.375, 7.75, 0.625, 8],
					"texture": "#0"
				},
				"east": {
					"uv": [7, 10.375, 7.1875, 10.625],
					"texture": "#0"
				},
				"south": {
					"uv": [7.75, 0.75, 8, 1],
					"texture": "#0"
				},
				"west": {
					"uv": [7.75, 10.375, 7.9375, 10.625],
					"texture": "#0"
				},
				"up": {
					"uv": [9, 10.5625, 8.75, 10.375],
					"texture": "#0"
				},
				"down": {
					"uv": [10.75, 4.125, 10.5, 4.3125],
					"texture": "#0"
				}
			}
		}
	]
}