{
  "model": {
    "type": "minecraft:select",
    "property": "minecraft:context_dimension",
    "cases": [
      {
        "when": "minecraft:overworld",
        "model": {
          "type": "minecraft:range_dispatch",
          "property": "minecraft:time",
          "source": "daytime",
          "wobble": false,
          "scale": 1,
          "entries": [
            {
              "threshold": 0,
              "model": {
                "type": "minecraft:model",
                "model": "tcc:item/resin_candy/dormant"
              }
            },
            {
              "threshold": 0.23918,
              "model": {
                "type": "minecraft:model",
                "model": "tcc:item/resin_candy/awake"
              }
            },
            {
              "threshold": 0.7609,
              "model": {
                "type": "minecraft:model",
                "model": "tcc:item/resin_candy/dormant"
              }
            }
          ]
        }
      }
    ],
    "fallback": {
      "type": "minecraft:model",
      "model": "tcc:item/resin_candy/dormant"
    }
  }
}