{
	"texture_size": [128, 128],
	"textures": {
		"0": "expansion:structures/portal",
		"particle": "expansion:structures/portal"
	},
	"elements": [
		{
			"from": [-4.38857, 4.66025, 6],
			"to": [-3.38857, 11.91025, 10],
			"rotation": {"angle": 22.5, "axis": "z", "origin": [8, 8, 8]},
			"faces": {
				"north": {"uv": [6.25, 11.5, 6.375, 12.40625], "texture": "#0"},
				"east": {"uv": [4.4375, 4.125, 5.34375, 4.625], "rotation": 90, "texture": "#0"},
				"south": {"uv": [6.5, 11.5, 6.625, 12.40625], "texture": "#0"},
				"west": {"uv": [4.75, 5.375, 5.25, 6.28125], "texture": "#0"},
				"up": {"uv": [2.375, 2.125, 2.25, 1.625], "texture": "#0"},
				"down": {"uv": [3.625, 4.75, 3.5, 5.25], "texture": "#0"}
			}
		},
		{
			"from": [-5.38857, 4.66025, 6.5],
			"to": [-4.38857, 12.31025, 9.5],
			"rotation": {"angle": 22.5, "axis": "z", "origin": [8, 8, 8]},
			"faces": {
				"north": {"uv": [2.75, 11.375, 2.875, 12.34375], "texture": "#0"},
				"east": {"uv": [1, 6.125, 1.375, 7.09375], "texture": "#0"},
				"south": {"uv": [3, 11.375, 3.125, 12.34375], "texture": "#0"},
				"west": {"uv": [6.125, 2, 6.5, 2.96875], "texture": "#0"},
				"up": {"uv": [3.5, 1.125, 3.375, 0.75], "texture": "#0"},
				"down": {"uv": [4.25, 13.875, 4.125, 14.25], "texture": "#0"}
			}
		},
		{
			"from": [-6.38857, 4.66025, 6],
			"to": [-5.38857, 12.76025, 10],
			"rotation": {"angle": 22.5, "axis": "z", "origin": [8, 8, 8]},
			"faces": {
				"north": {"uv": [8.625, 11.125, 8.75, 12.125], "texture": "#0"},
				"east": {"uv": [3.75, 4.125, 4.25, 5.125], "texture": "#0"},
				"south": {"uv": [8.875, 11.125, 9, 12.125], "texture": "#0"},
				"west": {"uv": [1.09375, 3.5, 0.03125, 3], "rotation": 270, "texture": "#0"},
				"up": {"uv": [13.125, 9.5, 13, 9], "texture": "#0"},
				"down": {"uv": [0.375, 13.125, 0.25, 13.625], "texture": "#0"}
			}
		},
		{
			"from": [-5.00877, 5.61025, 6],
			"to": [-4.00877, 12.41025, 10],
			"rotation": {"angle": -22.5, "axis": "z", "origin": [8, 8, 8]},
			"faces": {
				"north": {"uv": [6.75, 11.5, 6.875, 12.34375], "texture": "#0"},
				"east": {"uv": [4.375, 4.125, 5.21875, 4.625], "rotation": 90, "texture": "#0"},
				"south": {"uv": [7, 11.5, 7.125, 12.34375], "texture": "#0"},
				"west": {"uv": [5.5, 0, 6, 0.84375], "texture": "#0"},
				"up": {"uv": [13.25, 3.125, 13.125, 2.625], "texture": "#0"},
				"down": {"uv": [7.5, 13.125, 7.375, 13.625], "texture": "#0"}
			}
		},
		{
			"from": [-6.00877, 5.16025, 6.5],
			"to": [-5.00877, 12.91025, 9.5],
			"rotation": {"angle": -22.5, "axis": "z", "origin": [8, 8, 8]},
			"faces": {
				"north": {"uv": [3.25, 11.375, 3.375, 12.34375], "texture": "#0"},
				"east": {"uv": [6, 6.125, 6.375, 7.09375], "texture": "#0"},
				"south": {"uv": [3.5, 11.375, 3.625, 12.34375], "texture": "#0"},
				"west": {"uv": [5.375, 6.375, 5.75, 7.34375], "texture": "#0"},
				"up": {"uv": [4.5, 14.25, 4.375, 13.875], "texture": "#0"},
				"down": {"uv": [14, 4.5, 13.875, 4.875], "texture": "#0"}
			}
		},
		{
			"from": [-7.00877, 4.76025, 6],
			"to": [-6.00877, 13.16025, 10],
			"rotation": {"angle": -22.5, "axis": "z", "origin": [8, 8, 8]},
			"faces": {
				"north": {"uv": [9.25, 10.75, 9.375, 11.8125], "texture": "#0"},
				"east": {"uv": [2.5, 1.625, 3, 2.6875], "texture": "#0"},
				"south": {"uv": [9.5, 10.75, 9.625, 11.8125], "texture": "#0"},
				"west": {"uv": [2.5, 2.875, 3, 3.9375], "texture": "#0"},
				"up": {"uv": [7.75, 13.625, 7.625, 13.125], "texture": "#0"},
				"down": {"uv": [8, 13.125, 7.875, 13.625], "texture": "#0"}
			}
		},
		{
			"from": [4.22171, 22.44731, 6],
			"to": [12.72171, 23.44731, 10],
			"rotation": {"angle": 22.5, "axis": "z", "origin": [8, 8, 8]},
			"faces": {
				"north": {"uv": [2.25, 10.875, 3.3125, 11], "texture": "#0"},
				"east": {"uv": [6.125, 0.75, 6.625, 0.875], "texture": "#0"},
				"south": {"uv": [3.5, 10.875, 4.5625, 11], "texture": "#0"},
				"west": {"uv": [8.125, 4.375, 8.625, 4.5], "texture": "#0"},
				"up": {"uv": [1.0625, 3.5, 0, 3], "texture": "#0"},
				"down": {"uv": [2.3125, 3.125, 1.25, 3.625], "texture": "#0"}
			}
		},
		{
			"from": [4.22171, 21.44731, 6.5],
			"to": [12.47171, 22.44731, 9.5],
			"rotation": {"angle": 22.5, "axis": "z", "origin": [8, 8, 8]},
			"faces": {
				"north": {"uv": [11, 3, 12.03125, 3.125], "texture": "#0"},
				"east": {"uv": [5.5, 5.125, 5.875, 5.25], "texture": "#0"},
				"south": {"uv": [0.5, 11.125, 1.53125, 11.25], "texture": "#0"},
				"west": {"uv": [6.25, 3.875, 6.625, 4], "texture": "#0"},
				"up": {"uv": [6.03125, 4, 5, 3.625], "texture": "#0"},
				"down": {"uv": [6.53125, 1, 5.5, 1.375], "texture": "#0"}
			}
		},
		{
			"from": [4.47171, 20.44731, 6],
			"to": [11.97171, 21.44731, 10],
			"rotation": {"angle": 22.5, "axis": "z", "origin": [8, 8, 8]},
			"faces": {
				"north": {"uv": [11.375, 0, 12.3125, 0.125], "texture": "#0"},
				"east": {"uv": [13, 5.125, 13.5, 5.25], "texture": "#0"},
				"south": {"uv": [11.375, 1.125, 12.3125, 1.25], "texture": "#0"},
				"west": {"uv": [13, 5.375, 13.5, 5.5], "texture": "#0"},
				"up": {"uv": [5.3125, 2.25, 4.375, 1.75], "texture": "#0"},
				"down": {"uv": [5.3125, 4.125, 4.375, 4.625], "texture": "#0"}
			}
		},
		{
			"from": [3.60151, 22.44731, 6],
			"to": [12.10151, 23.44731, 10],
			"rotation": {"angle": -22.5, "axis": "z", "origin": [8, 8, 8]},
			"faces": {
				"north": {"uv": [10.875, 4.125, 11.9375, 4.25], "texture": "#0"},
				"east": {"uv": [13.125, 8.125, 13.625, 8.25], "texture": "#0"},
				"south": {"uv": [10.875, 4.375, 11.9375, 4.5], "texture": "#0"},
				"west": {"uv": [13.125, 8.375, 13.625, 8.5], "texture": "#0"},
				"up": {"uv": [4.1875, 2.125, 3.125, 1.625], "texture": "#0"},
				"down": {"uv": [4.1875, 2.25, 3.125, 2.75], "texture": "#0"}
			}
		},
		{
			"from": [3.60151, 21.44731, 6.5],
			"to": [11.85151, 22.44731, 9.5],
			"rotation": {"angle": -22.5, "axis": "z", "origin": [8, 8, 8]},
			"faces": {
				"north": {"uv": [2.25, 11.125, 3.28125, 11.25], "texture": "#0"},
				"east": {"uv": [9.25, 1.5, 9.625, 1.625], "texture": "#0"},
				"south": {"uv": [3.5, 11.125, 4.53125, 11.25], "texture": "#0"},
				"west": {"uv": [13.875, 6.125, 14.25, 6.25], "texture": "#0"},
				"up": {"uv": [6.53125, 1.875, 5.5, 1.5], "texture": "#0"},
				"down": {"uv": [6.53125, 4.125, 5.5, 4.5], "texture": "#0"}
			}
		},
		{
			"from": [3.85151, 20.44731, 6],
			"to": [11.35151, 21.44731, 10],
			"rotation": {"angle": -22.5, "axis": "z", "origin": [8, 8, 8]},
			"faces": {
				"north": {"uv": [11.375, 10.5, 12.3125, 10.625], "texture": "#0"},
				"east": {"uv": [13.125, 9.625, 13.625, 9.75], "texture": "#0"},
				"south": {"uv": [10.75, 11.375, 11.6875, 11.5], "texture": "#0"},
				"west": {"uv": [13.125, 9.875, 13.625, 10], "texture": "#0"},
				"up": {"uv": [3.3125, 5.25, 2.375, 4.75], "texture": "#0"},
				"down": {"uv": [5.3125, 4.125, 4.375, 4.625], "texture": "#0"}
			}
		},
		{
			"from": [22.00877, 4.33703, 6],
			"to": [23.00877, 12.83703, 10],
			"rotation": {"angle": 22.5, "axis": "z", "origin": [8, 8, 8]},
			"faces": {
				"north": {"uv": [0, 10.875, 0.125, 11.9375], "texture": "#0"},
				"east": {"uv": [1.0625, 3.5, 0, 3], "rotation": 90, "texture": "#0"},
				"south": {"uv": [10.875, 4.625, 11, 5.6875], "texture": "#0"},
				"west": {"uv": [0, 3.625, 0.5, 4.6875], "texture": "#0"},
				"up": {"uv": [8.25, 13.625, 8.125, 13.125], "texture": "#0"},
				"down": {"uv": [10.75, 13.125, 10.625, 13.625], "texture": "#0"}
			}
		},
		{
			"from": [21.00877, 4.58703, 6.5],
			"to": [22.00877, 12.83703, 9.5],
			"rotation": {"angle": 22.5, "axis": "z", "origin": [8, 8, 8]},
			"faces": {
				"north": {"uv": [11.125, 4.625, 11.25, 5.65625], "texture": "#0"},
				"east": {"uv": [0, 6, 0.375, 7.03125], "texture": "#0"},
				"south": {"uv": [5.25, 11.125, 5.375, 12.15625], "texture": "#0"},
				"west": {"uv": [0.5, 6, 0.875, 7.03125], "texture": "#0"},
				"up": {"uv": [6.625, 14.25, 6.5, 13.875], "texture": "#0"},
				"down": {"uv": [6.875, 13.875, 6.75, 14.25], "texture": "#0"}
			}
		},
		{
			"from": [20.00877, 5.08703, 6],
			"to": [21.00877, 12.58703, 10],
			"rotation": {"angle": 22.5, "axis": "z", "origin": [8, 8, 8]},
			"faces": {
				"north": {"uv": [1.75, 11.5, 1.875, 12.4375], "texture": "#0"},
				"east": {"uv": [0, 4.875, 0.5, 5.8125], "texture": "#0"},
				"south": {"uv": [2, 11.5, 2.125, 12.4375], "texture": "#0"},
				"west": {"uv": [4.375, 4.125, 5.3125, 4.625], "rotation": 90, "texture": "#0"},
				"up": {"uv": [11, 13.625, 10.875, 13.125], "texture": "#0"},
				"down": {"uv": [11.25, 13.125, 11.125, 13.625], "texture": "#0"}
			}
		},
		{
			"from": [19.38857, 5.08703, 6],
			"to": [20.38857, 12.58703, 10],
			"rotation": {"angle": -22.5, "axis": "z", "origin": [8, 8, 8]},
			"faces": {
				"north": {"uv": [5.75, 11.5, 5.875, 12.4375], "texture": "#0"},
				"east": {"uv": [0.625, 4.875, 1.125, 5.8125], "texture": "#0"},
				"south": {"uv": [6, 11.5, 6.125, 12.4375], "texture": "#0"},
				"west": {"uv": [4.34375, 4.125, 5.28125, 4.625], "rotation": 90, "texture": "#0"},
				"up": {"uv": [11.5, 13.625, 11.375, 13.125], "texture": "#0"},
				"down": {"uv": [11.75, 13.125, 11.625, 13.625], "texture": "#0"}
			}
		},
		{
			"from": [20.38857, 4.58703, 6.5],
			"to": [21.38857, 12.83703, 9.5],
			"rotation": {"angle": -22.5, "axis": "z", "origin": [8, 8, 8]},
			"faces": {
				"north": {"uv": [5.5, 11.125, 5.625, 12.15625], "texture": "#0"},
				"east": {"uv": [1.875, 6, 2.25, 7.03125], "texture": "#0"},
				"south": {"uv": [8.375, 11.125, 8.5, 12.15625], "texture": "#0"},
				"west": {"uv": [2.375, 6, 2.75, 7.03125], "texture": "#0"},
				"up": {"uv": [7.125, 14.25, 7, 13.875], "texture": "#0"},
				"down": {"uv": [8.5, 13.875, 8.375, 14.25], "texture": "#0"}
			}
		},
		{
			"from": [21.38857, 4.33703, 6],
			"to": [22.38857, 12.83703, 10],
			"rotation": {"angle": -22.5, "axis": "z", "origin": [8, 8, 8]},
			"faces": {
				"north": {"uv": [4.75, 10.875, 4.875, 11.9375], "texture": "#0"},
				"east": {"uv": [4.1875, 2.125, 3.125, 1.625], "rotation": 90, "texture": "#0"},
				"south": {"uv": [5, 10.875, 5.125, 11.9375], "texture": "#0"},
				"west": {"uv": [0.625, 3.625, 1.125, 4.6875], "texture": "#0"},
				"up": {"uv": [12, 13.625, 11.875, 13.125], "texture": "#0"},
				"down": {"uv": [12.25, 13.125, 12.125, 13.625], "texture": "#0"}
			}
		},
		{
			"from": [3.89849, -5.95003, 6],
			"to": [12.39849, -4.95003, 10],
			"rotation": {"angle": 22.5, "axis": "z", "origin": [8, 8, 8]},
			"faces": {
				"north": {"uv": [10.875, 9.25, 11.9375, 9.375], "texture": "#0"},
				"east": {"uv": [13.125, 10.125, 13.625, 10.25], "texture": "#0"},
				"south": {"uv": [10.875, 9.5, 11.9375, 9.625], "texture": "#0"},
				"west": {"uv": [13.125, 12.625, 13.625, 12.75], "texture": "#0"},
				"up": {"uv": [2.3125, 4.25, 1.25, 3.75], "texture": "#0"},
				"down": {"uv": [4.1875, 2.125, 3.125, 1.625], "rotation": 180, "texture": "#0"}
			}
		},
		{
			"from": [4.14849, -4.95003, 6.5],
			"to": [12.39849, -3.95003, 9.5],
			"rotation": {"angle": 22.5, "axis": "z", "origin": [8, 8, 8]},
			"faces": {
				"north": {"uv": [11.125, 3.625, 12.15625, 3.75], "texture": "#0"},
				"east": {"uv": [13.875, 6.375, 14.25, 6.5], "texture": "#0"},
				"south": {"uv": [11.125, 3.875, 12.15625, 4], "texture": "#0"},
				"west": {"uv": [13.875, 7.875, 14.25, 8], "texture": "#0"},
				"up": {"uv": [6.53125, 5, 5.5, 4.625], "texture": "#0"},
				"down": {"uv": [3.90625, 6, 2.875, 6.375], "texture": "#0"}
			}
		},
		{
			"from": [4.64849, -3.95003, 6],
			"to": [12.14849, -2.95003, 10],
			"rotation": {"angle": 22.5, "axis": "z", "origin": [8, 8, 8]},
			"faces": {
				"north": {"uv": [11.5, 1.375, 12.4375, 1.5], "texture": "#0"},
				"east": {"uv": [13.125, 12.875, 13.625, 13], "texture": "#0"},
				"south": {"uv": [11.5, 1.625, 12.4375, 1.75], "texture": "#0"},
				"west": {"uv": [13.125, 13.125, 13.625, 13.25], "texture": "#0"},
				"up": {"uv": [5.28125, 4.625, 4.34375, 4.125], "texture": "#0"},
				"down": {"uv": [5.9375, 3, 5, 3.5], "texture": "#0"}
			}
		},
		{
			"from": [3.27829, -5.95003, 6],
			"to": [11.77829, -4.95003, 10],
			"rotation": {"angle": -22.5, "axis": "z", "origin": [8, 8, 8]},
			"faces": {
				"north": {"uv": [10.625, 10.875, 11.6875, 11], "texture": "#0"},
				"east": {"uv": [13.25, 0, 13.75, 0.125], "texture": "#0"},
				"south": {"uv": [11, 2.75, 12.0625, 2.875], "texture": "#0"},
				"west": {"uv": [13.25, 0.25, 13.75, 0.375], "texture": "#0"},
				"up": {"uv": [4.8125, 4, 3.75, 3.5], "texture": "#0"},
				"down": {"uv": [4.1875, 2.125, 3.125, 1.625], "rotation": 180, "texture": "#0"}
			}
		},
		{
			"from": [3.52829, -4.95003, 6.5],
			"to": [11.77829, -3.95003, 9.5],
			"rotation": {"angle": -22.5, "axis": "z", "origin": [8, 8, 8]},
			"faces": {
				"north": {"uv": [11.125, 7.25, 12.15625, 7.375], "texture": "#0"},
				"east": {"uv": [13.875, 8.875, 14.25, 9], "texture": "#0"},
				"south": {"uv": [11.125, 7.5, 12.15625, 7.625], "texture": "#0"},
				"west": {"uv": [13.875, 9.125, 14.25, 9.25], "texture": "#0"},
				"up": {"uv": [7.03125, 5.5, 6, 5.125], "texture": "#0"},
				"down": {"uv": [7.03125, 5.625, 6, 6], "texture": "#0"}
			}
		},
		{
			"from": [4.02829, -3.95003, 6],
			"to": [11.52829, -2.95003, 10],
			"rotation": {"angle": -22.5, "axis": "z", "origin": [8, 8, 8]},
			"faces": {
				"north": {"uv": [11.5, 1.875, 12.4375, 2], "texture": "#0"},
				"east": {"uv": [13.25, 1, 13.75, 1.125], "texture": "#0"},
				"south": {"uv": [11.5, 3.25, 12.4375, 3.375], "texture": "#0"},
				"west": {"uv": [13.25, 2.125, 13.75, 2.25], "texture": "#0"},
				"up": {"uv": [5.3125, 4.625, 4.375, 4.125], "texture": "#0"},
				"down": {"uv": [3.9375, 5.375, 3, 5.875], "texture": "#0"}
			}
		},
		{
			"from": [4, -1.075, 4],
			"to": [12, -0.075, 12],
			"rotation": {"angle": 0, "axis": "y", "origin": [8, 8, 8]},
			"faces": {
				"north": {"uv": [10.625, 11.125, 11.625, 11.25], "texture": "#0"},
				"east": {"uv": [11.25, 0.375, 12.25, 0.5], "texture": "#0"},
				"south": {"uv": [11.25, 2.25, 12.25, 2.375], "texture": "#0"},
				"west": {"uv": [11.25, 6.5, 12.25, 6.625], "texture": "#0"},
				"up": {"uv": [1, 1, 0, 0], "texture": "#0"},
				"down": {"uv": [1, 1.125, 0, 2.125], "texture": "#0"}
			}
		},
		{
			"from": [8.63631, -7.49824, 4.001],
			"to": [9.63631, -1.84824, 7.001],
			"rotation": {"angle": 22.5, "axis": "z", "origin": [8, 8, 8]},
			"faces": {
				"north": {"uv": [9.125, 12, 9.25, 12.71875], "texture": "#0"},
				"east": {"uv": [7.375, 8.25, 7.75, 8.96875], "texture": "#0"},
				"south": {"uv": [9.375, 12, 9.5, 12.71875], "texture": "#0"},
				"west": {"uv": [4.5, 8.375, 4.875, 9.09375], "texture": "#0"},
				"up": {"uv": [14, 11.25, 13.875, 10.875], "texture": "#0"},
				"down": {"uv": [14.125, 0.5, 14, 0.875], "texture": "#0"}
			}
		},
		{
			"from": [7.60535, -7.59106, 4.499],
			"to": [8.60535, -0.99106, 6.499],
			"rotation": {"angle": 22.5, "axis": "z", "origin": [8, 8, 8]},
			"faces": {
				"north": {"uv": [7.25, 11.5, 7.375, 12.3125], "texture": "#0"},
				"east": {"uv": [2.375, 9.875, 2.625, 10.6875], "texture": "#0"},
				"south": {"uv": [11.625, 4.625, 11.75, 5.4375], "texture": "#0"},
				"west": {"uv": [2.75, 9.875, 3, 10.6875], "texture": "#0"},
				"up": {"uv": [5.875, 10.625, 5.75, 10.375], "texture": "#0"},
				"down": {"uv": [14.375, 3.875, 14.25, 4.125], "texture": "#0"}
			}
		},
		{
			"from": [6.6237, -8.82938, 4.001],
			"to": [7.6237, -0.97938, 7.001],
			"rotation": {"angle": 22.5, "axis": "z", "origin": [8, 8, 8]},
			"faces": {
				"north": {"uv": [3.75, 11.375, 3.875, 12.34375], "texture": "#0"},
				"east": {"uv": [2.875, 6.5, 3.25, 7.46875], "texture": "#0"},
				"south": {"uv": [4, 11.375, 4.125, 12.34375], "texture": "#0"},
				"west": {"uv": [3.375, 6.5, 3.75, 7.46875], "texture": "#0"},
				"up": {"uv": [10.375, 14.25, 10.25, 13.875], "texture": "#0"},
				"down": {"uv": [14, 10.375, 13.875, 10.75], "texture": "#0"}
			}
		},
		{
			"from": [13.16879, -8.075, 4],
			"to": [19.36879, -7.075, 7],
			"rotation": {"angle": 0, "axis": "z", "origin": [8, 8, 8]},
			"faces": {
				"north": {"uv": [11.5, 6.125, 12.28125, 6.25], "texture": "#0"},
				"east": {"uv": [1.25, 14, 1.625, 14.125], "texture": "#0"},
				"south": {"uv": [11.5, 8, 12.28125, 8.125], "texture": "#0"},
				"west": {"uv": [14, 1.25, 14.375, 1.375], "texture": "#0"},
				"up": {"uv": [8.90625, 4.25, 8.125, 3.875], "texture": "#0"},
				"down": {"uv": [8.78125, 8.125, 8, 8.5], "texture": "#0"}
			}
		},
		{
			"from": [12.81879, -7.075, 4.5],
			"to": [18.41879, -6.075, 6.5],
			"rotation": {"angle": 0, "axis": "z", "origin": [8, 8, 8]},
			"faces": {
				"north": {"uv": [12.25, 3, 12.9375, 3.125], "texture": "#0"},
				"east": {"uv": [7.25, 5.875, 7.5, 6], "texture": "#0"},
				"south": {"uv": [12.375, 0.25, 13.0625, 0.375], "texture": "#0"},
				"west": {"uv": [7.625, 7.375, 7.875, 7.5], "texture": "#0"},
				"up": {"uv": [10.9375, 4, 10.25, 3.75], "texture": "#0"},
				"down": {"uv": [8.4375, 10.25, 7.75, 10.5], "texture": "#0"}
			}
		},
		{
			"from": [14.51879, -6.075, 4],
			"to": [18.16879, -5.075, 7],
			"rotation": {"angle": 0, "axis": "z", "origin": [8, 8, 8]},
			"faces": {
				"north": {"uv": [10.5, 13.75, 10.96875, 13.875], "texture": "#0"},
				"east": {"uv": [13.875, 13.375, 14.25, 13.5], "texture": "#0"},
				"south": {"uv": [11.125, 13.75, 11.59375, 13.875], "texture": "#0"},
				"west": {"uv": [0.75, 14, 1.125, 14.125], "texture": "#0"},
				"up": {"uv": [4.84375, 2.75, 4.375, 2.375], "texture": "#0"},
				"down": {"uv": [10.59375, 3.25, 10.125, 3.625], "texture": "#0"}
			}
		},
		{
			"from": [23.93585, 4.945, 4.001],
			"to": [27.48585, 5.445, 4.5],
			"rotation": {"angle": -45, "axis": "z", "origin": [8, 8, 8]},
			"faces": {
				"north": {"uv": [14.625, 11, 15.0625, 11.0625], "texture": "#0"},
				"east": {"uv": [0.625, 15.375, 0.6875, 15.4375], "texture": "#0"},
				"south": {"uv": [14.625, 11.25, 15.0625, 11.3125], "texture": "#0"},
				"west": {"uv": [15.375, 0.75, 15.4375, 0.8125], "texture": "#0"},
				"up": {"uv": [15.0625, 11.5625, 14.625, 11.5], "texture": "#0"},
				"down": {"uv": [15.0625, 11.75, 14.625, 11.8125], "texture": "#0"}
			}
		},
		{
			"from": [24.43585, 5.445, 4.001],
			"to": [27.98585, 5.945, 4.5],
			"rotation": {"angle": -45, "axis": "z", "origin": [8, 8, 8]},
			"faces": {
				"north": {"uv": [14.625, 10, 15.0625, 10.0625], "texture": "#0"},
				"east": {"uv": [0.375, 15.375, 0.4375, 15.4375], "texture": "#0"},
				"south": {"uv": [14.625, 10.25, 15.0625, 10.3125], "texture": "#0"},
				"west": {"uv": [15.375, 0.5, 15.4375, 0.5625], "texture": "#0"},
				"up": {"uv": [15.0625, 10.5625, 14.625, 10.5], "texture": "#0"},
				"down": {"uv": [15.0625, 10.75, 14.625, 10.8125], "texture": "#0"}
			}
		},
		{
			"from": [19.36879, -8.075, 4],
			"to": [20.71879, -7.575, 7],
			"rotation": {"angle": 0, "axis": "z", "origin": [8, 8, 8]},
			"faces": {
				"north": {"uv": [15.25, 13.25, 15.40625, 13.3125], "texture": "#0"},
				"east": {"uv": [14.875, 4.625, 15.25, 4.6875], "texture": "#0"},
				"south": {"uv": [15.25, 13.5, 15.40625, 13.5625], "texture": "#0"},
				"west": {"uv": [14.875, 4.875, 15.25, 4.9375], "texture": "#0"},
				"up": {"uv": [11.90625, 14.125, 11.75, 13.75], "texture": "#0"},
				"down": {"uv": [12.28125, 13.75, 12.125, 14.125], "texture": "#0"}
			}
		},
		{
			"from": [24.43585, 5.445, 4.5],
			"to": [24.98585, 5.945, 6.5],
			"rotation": {"angle": -45, "axis": "z", "origin": [8, 8, 8]},
			"faces": {
				"north": {"uv": [15.375, 1.25, 15.4375, 1.3125], "texture": "#0"},
				"east": {"uv": [3.875, 15, 4.125, 15.0625], "texture": "#0"},
				"south": {"uv": [15.375, 1.5, 15.4375, 1.5625], "texture": "#0"},
				"west": {"uv": [4.625, 15, 4.875, 15.0625], "texture": "#0"},
				"up": {"uv": [5.0625, 15.25, 5, 15], "texture": "#0"},
				"down": {"uv": [5.3125, 15, 5.25, 15.25], "texture": "#0"}
			}
		},
		{
			"from": [24.93585, 4.695, 4.501],
			"to": [27.48585, 5.445, 6.501],
			"rotation": {"angle": -45, "axis": "z", "origin": [8, 8, 8]},
			"faces": {
				"north": {"uv": [14.625, 6.625, 14.9375, 6.71875], "texture": "#0"},
				"east": {"uv": [8.5, 14.625, 8.75, 14.71875], "texture": "#0"},
				"south": {"uv": [14.625, 6.875, 14.9375, 6.96875], "texture": "#0"},
				"west": {"uv": [3.125, 14.75, 3.375, 14.84375], "texture": "#0"},
				"up": {"uv": [2.1875, 5.25, 1.875, 5], "texture": "#0"},
				"down": {"uv": [7.0625, 4.625, 6.75, 4.875], "texture": "#0"}
			}
		},
		{
			"from": [24.43585, 5.445, 6.5],
			"to": [27.98585, 5.945, 7],
			"rotation": {"angle": -45, "axis": "z", "origin": [8, 8, 8]},
			"faces": {
				"north": {"uv": [14.625, 9, 15.0625, 9.0625], "texture": "#0"},
				"east": {"uv": [13.5, 15.25, 13.5625, 15.3125], "texture": "#0"},
				"south": {"uv": [14.625, 9.25, 15.0625, 9.3125], "texture": "#0"},
				"west": {"uv": [15.375, 0.25, 15.4375, 0.3125], "texture": "#0"},
				"up": {"uv": [15.0625, 9.5625, 14.625, 9.5], "texture": "#0"},
				"down": {"uv": [15.0625, 9.75, 14.625, 9.8125], "texture": "#0"}
			}
		},
		{
			"from": [27.43585, 5.445, 4.5],
			"to": [27.98585, 5.945, 6.5],
			"rotation": {"angle": -45, "axis": "z", "origin": [8, 8, 8]},
			"faces": {
				"north": {"uv": [0.875, 15.375, 0.9375, 15.4375], "texture": "#0"},
				"east": {"uv": [3.125, 15, 3.375, 15.0625], "texture": "#0"},
				"south": {"uv": [15.375, 1, 15.4375, 1.0625], "texture": "#0"},
				"west": {"uv": [3.5, 15, 3.75, 15.0625], "texture": "#0"},
				"up": {"uv": [14.5625, 15.125, 14.5, 14.875], "texture": "#0"},
				"down": {"uv": [0.0625, 15, 0, 15.25], "texture": "#0"}
			}
		},
		{
			"from": [6.36369, -7.49824, 4.001],
			"to": [7.36369, -1.84824, 7.001],
			"rotation": {"angle": -22.5, "axis": "z", "origin": [8, 8, 8]},
			"faces": {
				"north": {"uv": [0, 12.125, 0.125, 12.84375], "texture": "#0"},
				"east": {"uv": [5, 8.375, 5.375, 9.09375], "texture": "#0"},
				"south": {"uv": [4.75, 12.125, 4.875, 12.84375], "texture": "#0"},
				"west": {"uv": [8.5, 3, 8.875, 3.71875], "texture": "#0"},
				"up": {"uv": [2.625, 14.5, 2.5, 14.125], "texture": "#0"},
				"down": {"uv": [7.375, 14.125, 7.25, 14.5], "texture": "#0"}
			}
		},
		{
			"from": [7.39465, -7.59106, 4.499],
			"to": [8.39465, -0.99106, 6.499],
			"rotation": {"angle": -22.5, "axis": "z", "origin": [8, 8, 8]},
			"faces": {
				"north": {"uv": [10.75, 11.625, 10.875, 12.4375], "texture": "#0"},
				"east": {"uv": [3.125, 9.875, 3.375, 10.6875], "texture": "#0"},
				"south": {"uv": [11, 11.625, 11.125, 12.4375], "texture": "#0"},
				"west": {"uv": [3.5, 9.875, 3.75, 10.6875], "texture": "#0"},
				"up": {"uv": [14.625, 14.125, 14.5, 13.875], "texture": "#0"},
				"down": {"uv": [14.125, 14.5, 14, 14.75], "texture": "#0"}
			}
		},
		{
			"from": [8.3763, -8.82938, 4.001],
			"to": [9.3763, -0.97938, 7.001],
			"rotation": {"angle": -22.5, "axis": "z", "origin": [8, 8, 8]},
			"faces": {
				"north": {"uv": [4.25, 11.375, 4.375, 12.34375], "texture": "#0"},
				"east": {"uv": [3.875, 6.5, 4.25, 7.46875], "texture": "#0"},
				"south": {"uv": [4.5, 11.375, 4.625, 12.34375], "texture": "#0"},
				"west": {"uv": [4.375, 6.5, 4.75, 7.46875], "texture": "#0"},
				"up": {"uv": [7.625, 14.5, 7.5, 14.125], "texture": "#0"},
				"down": {"uv": [8.125, 14.125, 8, 14.5], "texture": "#0"}
			}
		},
		{
			"from": [-3.36879, -8.075, 4],
			"to": [2.83121, -7.075, 7],
			"rotation": {"angle": 0, "axis": "z", "origin": [8, 8, 8]},
			"faces": {
				"north": {"uv": [11.625, 0.625, 12.40625, 0.75], "texture": "#0"},
				"east": {"uv": [14.125, 6.625, 14.5, 6.75], "texture": "#0"},
				"south": {"uv": [11.625, 0.875, 12.40625, 1], "texture": "#0"},
				"west": {"uv": [14.125, 9.375, 14.5, 9.5], "texture": "#0"},
				"up": {"uv": [9.03125, 1.125, 8.25, 0.75], "texture": "#0"},
				"down": {"uv": [9.03125, 1.25, 8.25, 1.625], "texture": "#0"}
			}
		},
		{
			"from": [-2.41879, -7.075, 4.5],
			"to": [3.18121, -6.075, 6.5],
			"rotation": {"angle": 0, "axis": "z", "origin": [8, 8, 8]},
			"faces": {
				"north": {"uv": [12.375, 2.125, 13.0625, 2.25], "texture": "#0"},
				"east": {"uv": [14.5, 12.125, 14.75, 12.25], "texture": "#0"},
				"south": {"uv": [12.375, 3.5, 13.0625, 3.625], "texture": "#0"},
				"west": {"uv": [14.5, 14.25, 14.75, 14.375], "texture": "#0"},
				"up": {"uv": [10.9375, 10, 10.25, 9.75], "texture": "#0"},
				"down": {"uv": [10.9375, 10.125, 10.25, 10.375], "texture": "#0"}
			}
		},
		{
			"from": [-2.16879, -6.075, 4],
			"to": [1.48121, -5.075, 7],
			"rotation": {"angle": 0, "axis": "z", "origin": [8, 8, 8]},
			"faces": {
				"north": {"uv": [13.75, 12.625, 14.21875, 12.75], "texture": "#0"},
				"east": {"uv": [14.125, 9.625, 14.5, 9.75], "texture": "#0"},
				"south": {"uv": [13.75, 12.875, 14.21875, 13], "texture": "#0"},
				"west": {"uv": [14.125, 10.375, 14.5, 10.5], "texture": "#0"},
				"up": {"uv": [10.59375, 8.375, 10.125, 8], "texture": "#0"},
				"down": {"uv": [1.59375, 10.25, 1.125, 10.625], "texture": "#0"}
			}
		},
		{
			"from": [-11.48585, 4.945, 4.001],
			"to": [-7.93585, 5.445, 4.5],
			"rotation": {"angle": 45, "axis": "z", "origin": [8, 8, 8]},
			"faces": {
				"north": {"uv": [14.625, 12.375, 15.0625, 12.4375], "texture": "#0"},
				"east": {"uv": [15.375, 7.125, 15.4375, 7.1875], "texture": "#0"},
				"south": {"uv": [14.625, 12.625, 15.0625, 12.6875], "texture": "#0"},
				"west": {"uv": [7.25, 15.375, 7.3125, 15.4375], "texture": "#0"},
				"up": {"uv": [15.0625, 12.9375, 14.625, 12.875], "texture": "#0"},
				"down": {"uv": [15.0625, 13.125, 14.625, 13.1875], "texture": "#0"}
			}
		},
		{
			"from": [-11.98585, 5.445, 4.001],
			"to": [-8.43585, 5.945, 4.5],
			"rotation": {"angle": 45, "axis": "z", "origin": [8, 8, 8]},
			"faces": {
				"north": {"uv": [14.625, 13.375, 15.0625, 13.4375], "texture": "#0"},
				"east": {"uv": [15.375, 7.375, 15.4375, 7.4375], "texture": "#0"},
				"south": {"uv": [14.625, 13.625, 15.0625, 13.6875], "texture": "#0"},
				"west": {"uv": [15.375, 7.625, 15.4375, 7.6875], "texture": "#0"},
				"up": {"uv": [15.1875, 0.0625, 14.75, 0], "texture": "#0"},
				"down": {"uv": [15.1875, 0.25, 14.75, 0.3125], "texture": "#0"}
			}
		},
		{
			"from": [-4.71879, -8.075, 4],
			"to": [-3.36879, -7.575, 7],
			"rotation": {"angle": 0, "axis": "z", "origin": [8, 8, 8]},
			"faces": {
				"north": {"uv": [14.5, 15.25, 14.65625, 15.3125], "texture": "#0"},
				"east": {"uv": [14.875, 5.125, 15.25, 5.1875], "texture": "#0"},
				"south": {"uv": [14.875, 15.25, 15.03125, 15.3125], "texture": "#0"},
				"west": {"uv": [14.875, 5.375, 15.25, 5.4375], "texture": "#0"},
				"up": {"uv": [12.65625, 14.125, 12.5, 13.75], "texture": "#0"},
				"down": {"uv": [13.53125, 13.75, 13.375, 14.125], "texture": "#0"}
			}
		},
		{
			"from": [-8.98585, 5.445, 4.5],
			"to": [-8.43585, 5.945, 6.5],
			"rotation": {"angle": 45, "axis": "z", "origin": [8, 8, 8]},
			"faces": {
				"north": {"uv": [7.875, 15.375, 7.9375, 15.4375], "texture": "#0"},
				"east": {"uv": [5.75, 15.25, 6, 15.3125], "texture": "#0"},
				"south": {"uv": [15.375, 7.875, 15.4375, 7.9375], "texture": "#0"},
				"west": {"uv": [15.25, 5.875, 15.5, 5.9375], "texture": "#0"},
				"up": {"uv": [6.1875, 15.5, 6.125, 15.25], "texture": "#0"},
				"down": {"uv": [6.4375, 15.25, 6.375, 15.5], "texture": "#0"}
			}
		},
		{
			"from": [-11.48585, 4.695, 4.501],
			"to": [-8.93585, 5.445, 6.501],
			"rotation": {"angle": 45, "axis": "z", "origin": [8, 8, 8]},
			"faces": {
				"north": {"uv": [7.125, 14.625, 7.4375, 14.71875], "texture": "#0"},
				"east": {"uv": [7.625, 14.75, 7.875, 14.84375], "texture": "#0"},
				"south": {"uv": [14.625, 7.125, 14.9375, 7.21875], "texture": "#0"},
				"west": {"uv": [0.875, 14.875, 1.125, 14.96875], "texture": "#0"},
				"up": {"uv": [1.0625, 13.25, 0.75, 13], "texture": "#0"},
				"down": {"uv": [3.3125, 13, 3, 13.25], "texture": "#0"}
			}
		},
		{
			"from": [-11.98585, 5.445, 6.5],
			"to": [-8.43585, 5.945, 7],
			"rotation": {"angle": 45, "axis": "z", "origin": [8, 8, 8]},
			"faces": {
				"north": {"uv": [14.75, 0.5, 15.1875, 0.5625], "texture": "#0"},
				"east": {"uv": [8.125, 15.375, 8.1875, 15.4375], "texture": "#0"},
				"south": {"uv": [14.75, 0.75, 15.1875, 0.8125], "texture": "#0"},
				"west": {"uv": [15.375, 8.125, 15.4375, 8.1875], "texture": "#0"},
				"up": {"uv": [15.1875, 1.0625, 14.75, 1], "texture": "#0"},
				"down": {"uv": [1.6875, 14.75, 1.25, 14.8125], "texture": "#0"}
			}
		},
		{
			"from": [-11.98585, 5.445, 4.5],
			"to": [-11.43585, 5.945, 6.5],
			"rotation": {"angle": 45, "axis": "z", "origin": [8, 8, 8]},
			"faces": {
				"north": {"uv": [8.375, 15.375, 8.4375, 15.4375], "texture": "#0"},
				"east": {"uv": [6.625, 15.25, 6.875, 15.3125], "texture": "#0"},
				"south": {"uv": [15.375, 8.375, 15.4375, 8.4375], "texture": "#0"},
				"west": {"uv": [7.5, 15.25, 7.75, 15.3125], "texture": "#0"},
				"up": {"uv": [8.8125, 15.5, 8.75, 15.25], "texture": "#0"},
				"down": {"uv": [15.3125, 8.875, 15.25, 9.125], "texture": "#0"}
			}
		},
		{
			"from": [6.36369, -7.49824, 8.999],
			"to": [7.36369, -1.84824, 11.999],
			"rotation": {"angle": -22.5, "axis": "z", "origin": [8, 8, 8]},
			"faces": {
				"north": {"uv": [5, 12.125, 5.125, 12.84375], "texture": "#0"},
				"east": {"uv": [5.5, 8.5, 5.875, 9.21875], "texture": "#0"},
				"south": {"uv": [7.5, 12.25, 7.625, 12.96875], "texture": "#0"},
				"west": {"uv": [1.875, 8.625, 2.25, 9.34375], "texture": "#0"},
				"up": {"uv": [8.75, 14.5, 8.625, 14.125], "texture": "#0"},
				"down": {"uv": [14.25, 10.625, 14.125, 11], "texture": "#0"}
			}
		},
		{
			"from": [7.39465, -7.59106, 9.501],
			"to": [8.39465, -0.99106, 11.501],
			"rotation": {"angle": -22.5, "axis": "z", "origin": [8, 8, 8]},
			"faces": {
				"north": {"uv": [11.25, 11.625, 11.375, 12.4375], "texture": "#0"},
				"east": {"uv": [3.875, 9.875, 4.125, 10.6875], "texture": "#0"},
				"south": {"uv": [11.5, 11.625, 11.625, 12.4375], "texture": "#0"},
				"west": {"uv": [4.25, 9.875, 4.5, 10.6875], "texture": "#0"},
				"up": {"uv": [14.625, 14.75, 14.5, 14.5], "texture": "#0"},
				"down": {"uv": [0.125, 14.625, 0, 14.875], "texture": "#0"}
			}
		},
		{
			"from": [8.3763, -8.82938, 8.999],
			"to": [9.3763, -0.97938, 11.999],
			"rotation": {"angle": -22.5, "axis": "z", "origin": [8, 8, 8]},
			"faces": {
				"north": {"uv": [11.375, 4.625, 11.5, 5.59375], "texture": "#0"},
				"east": {"uv": [4.875, 6.5, 5.25, 7.46875], "texture": "#0"},
				"south": {"uv": [9.75, 11.375, 9.875, 12.34375], "texture": "#0"},
				"west": {"uv": [6.5, 6.125, 6.875, 7.09375], "texture": "#0"},
				"up": {"uv": [14.25, 11.5, 14.125, 11.125], "texture": "#0"},
				"down": {"uv": [14.375, 0, 14.25, 0.375], "texture": "#0"}
			}
		},
		{
			"from": [-3.36879, -8.075, 9],
			"to": [2.83121, -7.075, 12],
			"rotation": {"angle": 0, "axis": "z", "origin": [8, 8, 8]},
			"faces": {
				"north": {"uv": [11.625, 5.625, 12.40625, 5.75], "texture": "#0"},
				"east": {"uv": [14.125, 12.375, 14.5, 12.5], "texture": "#0"},
				"south": {"uv": [11.75, 5.875, 12.53125, 6], "texture": "#0"},
				"west": {"uv": [14.25, 0.5, 14.625, 0.625], "texture": "#0"},
				"up": {"uv": [3.28125, 8.625, 2.5, 8.25], "texture": "#0"},
				"down": {"uv": [4.28125, 8.25, 3.5, 8.625], "texture": "#0"}
			}
		},
		{
			"from": [-2.41879, -7.075, 9.5],
			"to": [3.18121, -6.075, 11.5],
			"rotation": {"angle": 0, "axis": "z", "origin": [8, 8, 8]},
			"faces": {
				"north": {"uv": [12.375, 3.75, 13.0625, 3.875], "texture": "#0"},
				"east": {"uv": [0.25, 14.625, 0.5, 14.75], "texture": "#0"},
				"south": {"uv": [12.375, 6.375, 13.0625, 6.5], "texture": "#0"},
				"west": {"uv": [2.25, 14.625, 2.5, 14.75], "texture": "#0"},
				"up": {"uv": [11.0625, 0.625, 10.375, 0.375], "texture": "#0"},
				"down": {"uv": [11.0625, 6.5, 10.375, 6.75], "texture": "#0"}
			}
		},
		{
			"from": [-2.16879, -6.075, 9],
			"to": [1.48121, -5.075, 12],
			"rotation": {"angle": 0, "axis": "z", "origin": [8, 8, 8]},
			"faces": {
				"north": {"uv": [13.75, 13.125, 14.21875, 13.25], "texture": "#0"},
				"east": {"uv": [0.75, 14.25, 1.125, 14.375], "texture": "#0"},
				"south": {"uv": [13.75, 13.75, 14.21875, 13.875], "texture": "#0"},
				"west": {"uv": [14.25, 0.75, 14.625, 0.875], "texture": "#0"},
				"up": {"uv": [2.21875, 10.625, 1.75, 10.25], "texture": "#0"},
				"down": {"uv": [10.71875, 4.875, 10.25, 5.25], "texture": "#0"}
			}
		},
		{
			"from": [-11.48585, 4.945, 11.5],
			"to": [-7.93585, 5.445, 11.999],
			"rotation": {"angle": 45, "axis": "z", "origin": [8, 8, 8]},
			"faces": {
				"north": {"uv": [14.75, 1.25, 15.1875, 1.3125], "texture": "#0"},
				"east": {"uv": [15.375, 8.625, 15.4375, 8.6875], "texture": "#0"},
				"south": {"uv": [14.75, 1.5, 15.1875, 1.5625], "texture": "#0"},
				"west": {"uv": [10.875, 15.375, 10.9375, 15.4375], "texture": "#0"},
				"up": {"uv": [15.1875, 1.8125, 14.75, 1.75], "texture": "#0"},
				"down": {"uv": [15.1875, 2, 14.75, 2.0625], "texture": "#0"}
			}
		},
		{
			"from": [-11.98585, 5.445, 11.5],
			"to": [-8.43585, 5.945, 11.999],
			"rotation": {"angle": 45, "axis": "z", "origin": [8, 8, 8]},
			"faces": {
				"north": {"uv": [14.75, 2.25, 15.1875, 2.3125], "texture": "#0"},
				"east": {"uv": [11.125, 15.375, 11.1875, 15.4375], "texture": "#0"},
				"south": {"uv": [14.75, 2.5, 15.1875, 2.5625], "texture": "#0"},
				"west": {"uv": [11.375, 15.375, 11.4375, 15.4375], "texture": "#0"},
				"up": {"uv": [15.1875, 3.4375, 14.75, 3.375], "texture": "#0"},
				"down": {"uv": [15.1875, 3.625, 14.75, 3.6875], "texture": "#0"}
			}
		},
		{
			"from": [-4.71879, -8.075, 9],
			"to": [-3.36879, -7.575, 12],
			"rotation": {"angle": 0, "axis": "z", "origin": [8, 8, 8]},
			"faces": {
				"north": {"uv": [15.25, 15, 15.40625, 15.0625], "texture": "#0"},
				"east": {"uv": [7, 14.875, 7.375, 14.9375], "texture": "#0"},
				"south": {"uv": [15.25, 15.25, 15.40625, 15.3125], "texture": "#0"},
				"west": {"uv": [14.875, 7.375, 15.25, 7.4375], "texture": "#0"},
				"up": {"uv": [14.03125, 0.375, 13.875, 0], "texture": "#0"},
				"down": {"uv": [14.03125, 3.5, 13.875, 3.875], "texture": "#0"}
			}
		},
		{
			"from": [-8.98585, 5.445, 9.5],
			"to": [-8.43585, 5.945, 11.5],
			"rotation": {"angle": 45, "axis": "z", "origin": [8, 8, 8]},
			"faces": {
				"north": {"uv": [15.375, 12, 15.4375, 12.0625], "texture": "#0"},
				"east": {"uv": [9, 15.25, 9.25, 15.3125], "texture": "#0"},
				"south": {"uv": [13.75, 15.375, 13.8125, 15.4375], "texture": "#0"},
				"west": {"uv": [15.25, 9.25, 15.5, 9.3125], "texture": "#0"},
				"up": {"uv": [9.4375, 15.5, 9.375, 15.25], "texture": "#0"},
				"down": {"uv": [15.3125, 9.5, 15.25, 9.75], "texture": "#0"}
			}
		},
		{
			"from": [-11.48585, 4.695, 9.499],
			"to": [-8.93585, 5.445, 11.499],
			"rotation": {"angle": 45, "axis": "z", "origin": [8, 8, 8]},
			"faces": {
				"north": {"uv": [8, 14.625, 8.3125, 14.71875], "texture": "#0"},
				"east": {"uv": [8, 14.875, 8.25, 14.96875], "texture": "#0"},
				"south": {"uv": [14.625, 8.25, 14.9375, 8.34375], "texture": "#0"},
				"west": {"uv": [8.375, 14.875, 8.625, 14.96875], "texture": "#0"},
				"up": {"uv": [13.3125, 4.25, 13, 4], "texture": "#0"},
				"down": {"uv": [13.3125, 4.375, 13, 4.625], "texture": "#0"}
			}
		},
		{
			"from": [-11.98585, 5.445, 9],
			"to": [-8.43585, 5.945, 9.5],
			"rotation": {"angle": 45, "axis": "z", "origin": [8, 8, 8]},
			"faces": {
				"north": {"uv": [3.75, 14.75, 4.1875, 14.8125], "texture": "#0"},
				"east": {"uv": [15.375, 13.75, 15.4375, 13.8125], "texture": "#0"},
				"south": {"uv": [14.75, 6.25, 15.1875, 6.3125], "texture": "#0"},
				"west": {"uv": [14, 15.375, 14.0625, 15.4375], "texture": "#0"},
				"up": {"uv": [6.8125, 14.8125, 6.375, 14.75], "texture": "#0"},
				"down": {"uv": [15.1875, 7.625, 14.75, 7.6875], "texture": "#0"}
			}
		},
		{
			"from": [-11.98585, 5.445, 9.5],
			"to": [-11.43585, 5.945, 11.5],
			"rotation": {"angle": 45, "axis": "z", "origin": [8, 8, 8]},
			"faces": {
				"north": {"uv": [15.375, 14, 15.4375, 14.0625], "texture": "#0"},
				"east": {"uv": [9.625, 15.25, 9.875, 15.3125], "texture": "#0"},
				"south": {"uv": [14.25, 15.375, 14.3125, 15.4375], "texture": "#0"},
				"west": {"uv": [15.25, 9.875, 15.5, 9.9375], "texture": "#0"},
				"up": {"uv": [10.0625, 15.5, 10, 15.25], "texture": "#0"},
				"down": {"uv": [15.3125, 10.125, 15.25, 10.375], "texture": "#0"}
			}
		},
		{
			"from": [8.63631, -7.49824, 8.999],
			"to": [9.63631, -1.84824, 11.999],
			"rotation": {"angle": 22.5, "axis": "z", "origin": [8, 8, 8]},
			"faces": {
				"north": {"uv": [7.75, 12.25, 7.875, 12.96875], "texture": "#0"},
				"east": {"uv": [7.875, 8.625, 8.25, 9.34375], "texture": "#0"},
				"south": {"uv": [8, 12.25, 8.125, 12.96875], "texture": "#0"},
				"west": {"uv": [8.375, 8.625, 8.75, 9.34375], "texture": "#0"},
				"up": {"uv": [1.375, 14.625, 1.25, 14.25], "texture": "#0"},
				"down": {"uv": [1.625, 14.25, 1.5, 14.625], "texture": "#0"}
			}
		},
		{
			"from": [7.60535, -7.59106, 9.501],
			"to": [8.60535, -0.99106, 11.501],
			"rotation": {"angle": 22.5, "axis": "z", "origin": [8, 8, 8]},
			"faces": {
				"north": {"uv": [11.75, 11.625, 11.875, 12.4375], "texture": "#0"},
				"east": {"uv": [4.625, 9.875, 4.875, 10.6875], "texture": "#0"},
				"south": {"uv": [11.875, 4.625, 12, 5.4375], "texture": "#0"},
				"west": {"uv": [9.875, 5.125, 10.125, 5.9375], "texture": "#0"},
				"up": {"uv": [14.75, 4.375, 14.625, 4.125], "texture": "#0"},
				"down": {"uv": [14.75, 4.5, 14.625, 4.75], "texture": "#0"}
			}
		},
		{
			"from": [6.6237, -8.82938, 8.999],
			"to": [7.6237, -0.97938, 11.999],
			"rotation": {"angle": 22.5, "axis": "z", "origin": [8, 8, 8]},
			"faces": {
				"north": {"uv": [10, 11.375, 10.125, 12.34375], "texture": "#0"},
				"east": {"uv": [6.625, 2, 7, 2.96875], "texture": "#0"},
				"south": {"uv": [10.5, 11.375, 10.625, 12.34375], "texture": "#0"},
				"west": {"uv": [6.75, 0, 7.125, 0.96875], "texture": "#0"},
				"up": {"uv": [1.875, 14.625, 1.75, 14.25], "texture": "#0"},
				"down": {"uv": [2.125, 14.25, 2, 14.625], "texture": "#0"}
			}
		},
		{
			"from": [13.16879, -8.075, 9],
			"to": [19.36879, -7.075, 12],
			"rotation": {"angle": 0, "axis": "z", "origin": [8, 8, 8]},
			"faces": {
				"north": {"uv": [11.75, 11.125, 12.53125, 11.25], "texture": "#0"},
				"east": {"uv": [14.25, 1.5, 14.625, 1.625], "texture": "#0"},
				"south": {"uv": [11.875, 8.875, 12.65625, 9], "texture": "#0"},
				"west": {"uv": [2.75, 14.25, 3.125, 14.375], "texture": "#0"},
				"up": {"uv": [9.03125, 6.25, 8.25, 5.875], "texture": "#0"},
				"down": {"uv": [9.03125, 6.375, 8.25, 6.75], "texture": "#0"}
			}
		},
		{
			"from": [12.81879, -7.075, 9.5],
			"to": [18.41879, -6.075, 11.5],
			"rotation": {"angle": 0, "axis": "z", "origin": [8, 8, 8]},
			"faces": {
				"north": {"uv": [12.375, 6.625, 13.0625, 6.75], "texture": "#0"},
				"east": {"uv": [14.625, 5.75, 14.875, 5.875], "texture": "#0"},
				"south": {"uv": [12.375, 6.875, 13.0625, 7], "texture": "#0"},
				"west": {"uv": [14.625, 6, 14.875, 6.125], "texture": "#0"},
				"up": {"uv": [11.0625, 8.75, 10.375, 8.5], "texture": "#0"},
				"down": {"uv": [11.0625, 8.875, 10.375, 9.125], "texture": "#0"}
			}
		},
		{
			"from": [14.51879, -6.075, 9],
			"to": [18.16879, -5.075, 12],
			"rotation": {"angle": 0, "axis": "z", "origin": [8, 8, 8]},
			"faces": {
				"north": {"uv": [13.875, 1, 14.34375, 1.125], "texture": "#0"},
				"east": {"uv": [14.25, 3.375, 14.625, 3.5], "texture": "#0"},
				"south": {"uv": [13.875, 2.125, 14.34375, 2.25], "texture": "#0"},
				"west": {"uv": [14.25, 3.625, 14.625, 3.75], "texture": "#0"},
				"up": {"uv": [10.71875, 5.75, 10.25, 5.375], "texture": "#0"},
				"down": {"uv": [6.84375, 10.25, 6.375, 10.625], "texture": "#0"}
			}
		},
		{
			"from": [23.93585, 4.945, 11.5],
			"to": [27.48585, 5.445, 11.999],
			"rotation": {"angle": -45, "axis": "z", "origin": [8, 8, 8]},
			"faces": {
				"north": {"uv": [14.75, 7.875, 15.1875, 7.9375], "texture": "#0"},
				"east": {"uv": [15.375, 14.25, 15.4375, 14.3125], "texture": "#0"},
				"south": {"uv": [14.75, 13.875, 15.1875, 13.9375], "texture": "#0"},
				"west": {"uv": [15.375, 14.5, 15.4375, 14.5625], "texture": "#0"},
				"up": {"uv": [15.1875, 14.5625, 14.75, 14.5], "texture": "#0"},
				"down": {"uv": [15.1875, 14.75, 14.75, 14.8125], "texture": "#0"}
			}
		},
		{
			"from": [24.43585, 5.445, 11.5],
			"to": [27.98585, 5.945, 11.999],
			"rotation": {"angle": -45, "axis": "z", "origin": [8, 8, 8]},
			"faces": {
				"north": {"uv": [0.25, 14.875, 0.6875, 14.9375], "texture": "#0"},
				"east": {"uv": [15.375, 14.75, 15.4375, 14.8125], "texture": "#0"},
				"south": {"uv": [1.875, 14.875, 2.3125, 14.9375], "texture": "#0"},
				"west": {"uv": [1.125, 15.5, 1.1875, 15.5625], "texture": "#0"},
				"up": {"uv": [2.9375, 14.9375, 2.5, 14.875], "texture": "#0"},
				"down": {"uv": [15.3125, 2.75, 14.875, 2.8125], "texture": "#0"}
			}
		},
		{
			"from": [19.36879, -8.075, 9],
			"to": [20.71879, -7.575, 12],
			"rotation": {"angle": 0, "axis": "z", "origin": [8, 8, 8]},
			"faces": {
				"north": {"uv": [0, 15.375, 0.15625, 15.4375], "texture": "#0"},
				"east": {"uv": [11, 14.875, 11.375, 14.9375], "texture": "#0"},
				"south": {"uv": [15.375, 0, 15.53125, 0.0625], "texture": "#0"},
				"west": {"uv": [14.875, 12, 15.25, 12.0625], "texture": "#0"},
				"up": {"uv": [3.90625, 14.25, 3.75, 13.875], "texture": "#0"},
				"down": {"uv": [14.03125, 4, 13.875, 4.375], "texture": "#0"}
			}
		},
		{
			"from": [24.43585, 5.445, 9.5],
			"to": [24.98585, 5.945, 11.5],
			"rotation": {"angle": -45, "axis": "z", "origin": [8, 8, 8]},
			"faces": {
				"north": {"uv": [1.375, 15.5, 1.4375, 15.5625], "texture": "#0"},
				"east": {"uv": [10.25, 15.25, 10.5, 15.3125], "texture": "#0"},
				"south": {"uv": [15.5, 2.75, 15.5625, 2.8125], "texture": "#0"},
				"west": {"uv": [15.25, 10.5, 15.5, 10.5625], "texture": "#0"},
				"up": {"uv": [10.6875, 15.5, 10.625, 15.25], "texture": "#0"},
				"down": {"uv": [15.3125, 10.75, 15.25, 11], "texture": "#0"}
			}
		},
		{
			"from": [24.93585, 4.695, 9.499],
			"to": [27.48585, 5.445, 11.499],
			"rotation": {"angle": -45, "axis": "z", "origin": [8, 8, 8]},
			"faces": {
				"north": {"uv": [14.625, 8.5, 14.9375, 8.59375], "texture": "#0"},
				"east": {"uv": [13.75, 14.875, 14, 14.96875], "texture": "#0"},
				"south": {"uv": [14.625, 8.75, 14.9375, 8.84375], "texture": "#0"},
				"west": {"uv": [14.125, 14.875, 14.375, 14.96875], "texture": "#0"},
				"up": {"uv": [5.0625, 13.25, 4.75, 13], "texture": "#0"},
				"down": {"uv": [13.3125, 4.75, 13, 5], "texture": "#0"}
			}
		},
		{
			"from": [24.43585, 5.445, 9],
			"to": [27.98585, 5.945, 9.5],
			"rotation": {"angle": -45, "axis": "z", "origin": [8, 8, 8]},
			"faces": {
				"north": {"uv": [14.875, 3, 15.3125, 3.0625], "texture": "#0"},
				"east": {"uv": [3, 15.5, 3.0625, 15.5625], "texture": "#0"},
				"south": {"uv": [14.875, 3.875, 15.3125, 3.9375], "texture": "#0"},
				"west": {"uv": [15.5, 3, 15.5625, 3.0625], "texture": "#0"},
				"up": {"uv": [15.3125, 4.1875, 14.875, 4.125], "texture": "#0"},
				"down": {"uv": [15.3125, 4.375, 14.875, 4.4375], "texture": "#0"}
			}
		},
		{
			"from": [27.43585, 5.445, 9.5],
			"to": [27.98585, 5.945, 11.5],
			"rotation": {"angle": -45, "axis": "z", "origin": [8, 8, 8]},
			"faces": {
				"north": {"uv": [3.25, 15.5, 3.3125, 15.5625], "texture": "#0"},
				"east": {"uv": [15.25, 11.125, 15.5, 11.1875], "texture": "#0"},
				"south": {"uv": [3.5, 15.5, 3.5625, 15.5625], "texture": "#0"},
				"west": {"uv": [15.25, 11.375, 15.5, 11.4375], "texture": "#0"},
				"up": {"uv": [15.3125, 11.875, 15.25, 11.625], "texture": "#0"},
				"down": {"uv": [11.8125, 15.25, 11.75, 15.5], "texture": "#0"}
			}
		},
		{
			"from": [3, -8.075, 7],
			"to": [13, -3.075, 9],
			"rotation": {"angle": 0, "axis": "z", "origin": [8, 8, 8]},
			"faces": {
				"north": {"uv": [0, 2.25, 1.25, 2.875], "texture": "#0"},
				"east": {"uv": [5.375, 10.375, 5.625, 11], "texture": "#0"},
				"south": {"uv": [2.25, 0, 3.5, 0.625], "texture": "#0"},
				"west": {"uv": [10.25, 10.5, 10.5, 11.125], "texture": "#0"},
				"up": {"uv": [8, 4.125, 6.75, 3.875], "texture": "#0"},
				"down": {"uv": [8, 4.25, 6.75, 4.5], "texture": "#0"}
			}
		},
		{
			"from": [-14.10309, 7.3642, 6.999],
			"to": [-6.90309, 9.8642, 9.001],
			"rotation": {"angle": 45, "axis": "z", "origin": [8, 8, 8]},
			"faces": {
				"north": {"uv": [9.15625, 6.875, 8.25, 7.1875], "texture": "#0"},
				"east": {"uv": [6.5, 7.875, 6.25, 8.1875], "texture": "#0"},
				"south": {"uv": [8.25, 6.875, 9.15625, 7.1875], "texture": "#0"},
				"west": {"uv": [7.375, 2.625, 7.125, 2.9375], "texture": "#0"},
				"up": {"uv": [9.25, 6.75, 10.15625, 6.5], "texture": "#0"},
				"down": {"uv": [9.375, 6.875, 10.28125, 7.125], "texture": "#0"}
			}
		},
		{
			"from": [22.90309, 7.3642, 6.999],
			"to": [30.10309, 9.8642, 9.001],
			"rotation": {"angle": -45, "axis": "z", "origin": [8, 8, 8]},
			"faces": {
				"north": {"uv": [8.25, 6.875, 9.15625, 7.1875], "texture": "#0"},
				"east": {"uv": [7.125, 2.625, 7.375, 2.9375], "texture": "#0"},
				"south": {"uv": [9.15625, 6.875, 8.25, 7.1875], "texture": "#0"},
				"west": {"uv": [6.25, 7.875, 6.5, 8.1875], "texture": "#0"},
				"up": {"uv": [10.15625, 6.75, 9.25, 6.5], "texture": "#0"},
				"down": {"uv": [10.28125, 6.875, 9.375, 7.125], "texture": "#0"}
			}
		},
		{
			"from": [-7.2, -8.075, 7],
			"to": [3, -7.075, 9],
			"rotation": {"angle": 0, "axis": "z", "origin": [8, 8, 8]},
			"faces": {
				"north": {"uv": [11.03125, 2.25, 9.75, 2.375], "texture": "#0"},
				"east": {"uv": [14.5, 6.875, 14.25, 7], "texture": "#0"},
				"south": {"uv": [9.75, 2.25, 11.03125, 2.375], "texture": "#0"},
				"west": {"uv": [14.5, 4.25, 14.25, 4.375], "texture": "#0"},
				"up": {"uv": [6.125, 3.375, 7.40625, 3.125], "texture": "#0"},
				"down": {"uv": [6.25, 3.5, 7.53125, 3.75], "texture": "#0"}
			}
		},
		{
			"from": [13, -8.075, 7],
			"to": [23.2, -7.075, 9],
			"rotation": {"angle": 0, "axis": "z", "origin": [8, 8, 8]},
			"faces": {
				"north": {"uv": [9.75, 2.25, 11.03125, 2.375], "texture": "#0"},
				"east": {"uv": [14.25, 4.25, 14.5, 4.375], "texture": "#0"},
				"south": {"uv": [11.03125, 2.25, 9.75, 2.375], "texture": "#0"},
				"west": {"uv": [14.25, 6.875, 14.5, 7], "texture": "#0"},
				"up": {"uv": [7.40625, 3.375, 6.125, 3.125], "texture": "#0"},
				"down": {"uv": [7.53125, 3.5, 6.25, 3.75], "texture": "#0"}
			}
		},
		{
			"from": [18.50028, -1.46666, 7.001],
			"to": [26.85028, -0.41666, 8.999],
			"rotation": {"angle": -22.5, "axis": "z", "origin": [8, 8, 8]},
			"faces": {
				"north": {"uv": [11.125, 7.75, 12.15625, 7.875], "texture": "#0"},
				"east": {"uv": [14.25, 11.625, 14.5, 11.75], "texture": "#0"},
				"south": {"uv": [11.125, 9.75, 12.15625, 9.875], "texture": "#0"},
				"west": {"uv": [14.25, 11.875, 14.5, 12], "texture": "#0"},
				"up": {"uv": [1.03125, 9, 0, 8.75], "texture": "#0"},
				"down": {"uv": [3.40625, 8.75, 2.375, 9], "texture": "#0"}
			}
		},
		{
			"from": [-10.85028, -1.46666, 7.001],
			"to": [-2.50028, -0.41666, 8.999],
			"shade": false,
			"rotation": {"angle": 22.5, "axis": "z", "origin": [8, 8, 8]},
			"faces": {
				"north": {"uv": [11.125, 10, 12.15625, 10.125], "texture": "#0"},
				"east": {"uv": [0, 14.375, 0.25, 14.5], "texture": "#0"},
				"south": {"uv": [11.125, 10.25, 12.15625, 10.375], "texture": "#0"},
				"west": {"uv": [0.375, 14.375, 0.625, 14.5], "texture": "#0"},
				"up": {"uv": [9.78125, 4.625, 8.75, 4.375], "texture": "#0"},
				"down": {"uv": [9.78125, 4.75, 8.75, 5], "texture": "#0"}
			}
		},
		{
			"from": [20.67178, -3.69775, 7.5],
			"to": [21.67178, 1.30225, 8.5],
			"rotation": {"angle": 0, "axis": "z", "origin": [8, 8, 8]},
			"faces": {
				"north": {"uv": [1.625, 8.75, 1.75, 9.375], "texture": "#0"},
				"east": {"uv": [0.25, 12.375, 0.375, 13], "texture": "#0"},
				"south": {"uv": [12.375, 7.125, 12.5, 7.75], "texture": "#0"},
				"west": {"uv": [8.25, 12.375, 8.375, 13], "texture": "#0"},
				"up": {"uv": [5.625, 15.125, 5.5, 15], "texture": "#0"},
				"down": {"uv": [15.125, 5.625, 15, 5.75], "texture": "#0"}
			}
		},
		{
			"from": [22.67178, -5.69775, 7.501],
			"to": [23.67178, 2.30225, 8.499],
			"rotation": {"angle": 0, "axis": "z", "origin": [8, 8, 8]},
			"faces": {
				"north": {"uv": [10.25, 11.25, 10.375, 12.25], "texture": "#0"},
				"east": {"uv": [0.5, 11.375, 0.625, 12.375], "texture": "#0"},
				"south": {"uv": [0.75, 11.375, 0.875, 12.375], "texture": "#0"},
				"west": {"uv": [1, 11.375, 1.125, 12.375], "texture": "#0"},
				"up": {"uv": [5.875, 15.125, 5.75, 15], "texture": "#0"},
				"down": {"uv": [15.125, 5.875, 15, 6], "texture": "#0"}
			}
		},
		{
			"from": [14.0527, -7.11054, 7.5],
			"to": [15.0527, -5.11054, 8.5],
			"rotation": {"angle": 45, "axis": "z", "origin": [8, 8, 8]},
			"faces": {
				"north": {"uv": [3.75, 14.375, 3.875, 14.625], "texture": "#0"},
				"east": {"uv": [4, 14.375, 4.125, 14.625], "texture": "#0"},
				"south": {"uv": [4.25, 14.375, 4.375, 14.625], "texture": "#0"},
				"west": {"uv": [14.375, 6, 14.5, 6.25], "texture": "#0"},
				"up": {"uv": [6.125, 15.125, 6, 15], "texture": "#0"},
				"down": {"uv": [6.375, 15, 6.25, 15.125], "texture": "#0"}
			}
		},
		{
			"from": [22.36812, 8.51049, 6],
			"to": [23.36812, 9.51049, 10],
			"rotation": {"angle": -22.5, "axis": "z", "origin": [8, 8, 8]},
			"faces": {
				"north": {"uv": [6.5, 15, 6.625, 15.125], "texture": "#0"},
				"east": {"uv": [2.25, 13.25, 2.75, 13.375], "texture": "#0"},
				"south": {"uv": [6.75, 15, 6.875, 15.125], "texture": "#0"},
				"west": {"uv": [13.25, 3.5, 13.75, 3.625], "texture": "#0"},
				"up": {"uv": [12.5, 13.625, 12.375, 13.125], "texture": "#0"},
				"down": {"uv": [12.75, 13.125, 12.625, 13.625], "texture": "#0"}
			}
		},
		{
			"from": [18.36812, 8.51049, 5],
			"to": [23.36812, 9.51049, 6],
			"rotation": {"angle": -22.5, "axis": "z", "origin": [8, 8, 8]},
			"faces": {
				"north": {"uv": [8.5, 0.5, 9.125, 0.625], "texture": "#0"},
				"east": {"uv": [7.5, 15, 7.625, 15.125], "texture": "#0"},
				"south": {"uv": [12.375, 8.25, 13, 8.375], "texture": "#0"},
				"west": {"uv": [7.75, 15, 7.875, 15.125], "texture": "#0"},
				"up": {"uv": [13, 8.625, 12.375, 8.5], "texture": "#0"},
				"down": {"uv": [13, 9.625, 12.375, 9.75], "texture": "#0"}
			}
		},
		{
			"from": [18.36812, 6.51049, 5],
			"to": [23.36812, 7.51049, 6],
			"rotation": {"angle": -22.5, "axis": "z", "origin": [8, 8, 8]},
			"faces": {
				"north": {"uv": [12.375, 9.875, 13, 10], "texture": "#0"},
				"east": {"uv": [8.75, 15, 8.875, 15.125], "texture": "#0"},
				"south": {"uv": [12.375, 10.125, 13, 10.25], "texture": "#0"},
				"west": {"uv": [9, 15, 9.125, 15.125], "texture": "#0"},
				"up": {"uv": [12.625, 12.5, 12, 12.375], "texture": "#0"},
				"down": {"uv": [13.125, 0, 12.5, 0.125], "texture": "#0"}
			}
		},
		{
			"from": [22.36812, 6.51049, 6],
			"to": [23.36812, 7.51049, 10],
			"rotation": {"angle": -22.5, "axis": "z", "origin": [8, 8, 8]},
			"faces": {
				"north": {"uv": [9.25, 15, 9.375, 15.125], "texture": "#0"},
				"east": {"uv": [13.25, 3.75, 13.75, 3.875], "texture": "#0"},
				"south": {"uv": [9.5, 15, 9.625, 15.125], "texture": "#0"},
				"west": {"uv": [13.25, 6.125, 13.75, 6.25], "texture": "#0"},
				"up": {"uv": [4.625, 13.75, 4.5, 13.25], "texture": "#0"},
				"down": {"uv": [13.375, 6.375, 13.25, 6.875], "texture": "#0"}
			}
		},
		{
			"from": [18.36812, 8.51049, 10],
			"to": [23.36812, 9.51049, 11],
			"rotation": {"angle": -22.5, "axis": "z", "origin": [8, 8, 8]},
			"faces": {
				"north": {"uv": [0.5, 12.5, 1.125, 12.625], "texture": "#0"},
				"east": {"uv": [9.75, 15, 9.875, 15.125], "texture": "#0"},
				"south": {"uv": [12.5, 1.125, 13.125, 1.25], "texture": "#0"},
				"west": {"uv": [10, 15, 10.125, 15.125], "texture": "#0"},
				"up": {"uv": [2.875, 12.625, 2.25, 12.5], "texture": "#0"},
				"down": {"uv": [3.625, 12.5, 3, 12.625], "texture": "#0"}
			}
		},
		{
			"from": [18.36812, 6.51049, 10],
			"to": [23.36812, 7.51049, 11],
			"rotation": {"angle": -22.5, "axis": "z", "origin": [8, 8, 8]},
			"faces": {
				"north": {"uv": [3.75, 12.5, 4.375, 12.625], "texture": "#0"},
				"east": {"uv": [10.25, 15, 10.375, 15.125], "texture": "#0"},
				"south": {"uv": [12.5, 6.125, 13.125, 6.25], "texture": "#0"},
				"west": {"uv": [10.5, 15, 10.625, 15.125], "texture": "#0"},
				"up": {"uv": [7.375, 12.625, 6.75, 12.5], "texture": "#0"},
				"down": {"uv": [13.125, 7.875, 12.5, 8], "texture": "#0"}
			}
		},
		{
			"from": [18.36812, 8.51049, 6],
			"to": [19.36812, 9.51049, 10],
			"rotation": {"angle": -22.5, "axis": "z", "origin": [8, 8, 8]},
			"faces": {
				"north": {"uv": [10.75, 15, 10.875, 15.125], "texture": "#0"},
				"east": {"uv": [13.25, 7.875, 13.75, 8], "texture": "#0"},
				"south": {"uv": [11.75, 15, 11.875, 15.125], "texture": "#0"},
				"west": {"uv": [13.25, 9, 13.75, 9.125], "texture": "#0"},
				"up": {"uv": [10.375, 13.75, 10.25, 13.25], "texture": "#0"},
				"down": {"uv": [0.875, 13.375, 0.75, 13.875], "texture": "#0"}
			}
		},
		{
			"from": [18.36812, 6.51049, 6],
			"to": [19.36812, 7.51049, 10],
			"rotation": {"angle": -22.5, "axis": "z", "origin": [8, 8, 8]},
			"faces": {
				"north": {"uv": [12, 15, 12.125, 15.125], "texture": "#0"},
				"east": {"uv": [13.25, 9.25, 13.75, 9.375], "texture": "#0"},
				"south": {"uv": [12.25, 15, 12.375, 15.125], "texture": "#0"},
				"west": {"uv": [13.25, 10.375, 13.75, 10.5], "texture": "#0"},
				"up": {"uv": [1.125, 13.875, 1, 13.375], "texture": "#0"},
				"down": {"uv": [13.5, 1.25, 13.375, 1.75], "texture": "#0"}
			}
		},
		{
			"from": [10.22267, -1.91495, 9.999],
			"to": [16.22267, -0.91495, 10.999],
			"rotation": {"angle": 22.5, "axis": "z", "origin": [8, 8, 8]},
			"faces": {
				"north": {"uv": [9.125, 4.125, 9.875, 4.25], "texture": "#0"},
				"east": {"uv": [12.5, 15, 12.625, 15.125], "texture": "#0"},
				"south": {"uv": [11.875, 10.75, 12.625, 10.875], "texture": "#0"},
				"west": {"uv": [12.75, 15, 12.875, 15.125], "texture": "#0"},
				"up": {"uv": [12.625, 11.5, 11.875, 11.375], "texture": "#0"},
				"down": {"uv": [12.75, 2.5, 12, 2.625], "texture": "#0"}
			}
		},
		{
			"from": [10.22267, -1.91495, 5.001],
			"to": [16.22267, -0.91495, 6.001],
			"rotation": {"angle": 22.5, "axis": "z", "origin": [8, 8, 8]},
			"faces": {
				"north": {"uv": [12, 11.625, 12.75, 11.75], "texture": "#0"},
				"east": {"uv": [13, 15, 13.125, 15.125], "texture": "#0"},
				"south": {"uv": [12, 11.875, 12.75, 12], "texture": "#0"},
				"west": {"uv": [13.25, 15, 13.375, 15.125], "texture": "#0"},
				"up": {"uv": [12.875, 4.25, 12.125, 4.125], "texture": "#0"},
				"down": {"uv": [12.875, 4.375, 12.125, 4.5], "texture": "#0"}
			}
		},
		{
			"from": [-0.22267, -1.91495, 9.999],
			"to": [5.77733, -0.91495, 10.999],
			"shade": false,
			"rotation": {"angle": -22.5, "axis": "z", "origin": [8, 8, 8]},
			"faces": {
				"north": {"uv": [12.125, 4.625, 12.875, 4.75], "texture": "#0"},
				"east": {"uv": [13.5, 15, 13.625, 15.125], "texture": "#0"},
				"south": {"uv": [12.125, 4.875, 12.875, 5], "texture": "#0"},
				"west": {"uv": [14.75, 15, 14.875, 15.125], "texture": "#0"},
				"up": {"uv": [12.875, 5.25, 12.125, 5.125], "texture": "#0"},
				"down": {"uv": [12.875, 5.375, 12.125, 5.5], "texture": "#0"}
			}
		},
		{
			"from": [-7.36812, 6.51049, 10],
			"to": [-2.36812, 7.51049, 11],
			"shade": false,
			"rotation": {"angle": 22.5, "axis": "z", "origin": [8, 8, 8]},
			"faces": {
				"north": {"uv": [9.625, 12.5, 10.25, 12.625], "texture": "#0"},
				"east": {"uv": [15, 15, 15.125, 15.125], "texture": "#0"},
				"south": {"uv": [12.5, 10.375, 13.125, 10.5], "texture": "#0"},
				"west": {"uv": [0.25, 15.125, 0.375, 15.25], "texture": "#0"},
				"up": {"uv": [13.25, 0.625, 12.625, 0.5], "texture": "#0"},
				"down": {"uv": [13.25, 0.75, 12.625, 0.875], "texture": "#0"}
			}
		},
		{
			"from": [-3.36812, 6.51049, 6],
			"to": [-2.36812, 7.51049, 10],
			"shade": false,
			"rotation": {"angle": 22.5, "axis": "z", "origin": [8, 8, 8]},
			"faces": {
				"north": {"uv": [0.5, 15.125, 0.625, 15.25], "texture": "#0"},
				"east": {"uv": [13.375, 0.5, 13.875, 0.625], "texture": "#0"},
				"south": {"uv": [0.75, 15.125, 0.875, 15.25], "texture": "#0"},
				"west": {"uv": [13.375, 0.75, 13.875, 0.875], "texture": "#0"},
				"up": {"uv": [2.125, 13.875, 2, 13.375], "texture": "#0"},
				"down": {"uv": [13.5, 2.625, 13.375, 3.125], "texture": "#0"}
			}
		},
		{
			"from": [-7.36812, 8.51049, 10],
			"to": [-2.36812, 9.51049, 11],
			"shade": false,
			"rotation": {"angle": 22.5, "axis": "z", "origin": [8, 8, 8]},
			"faces": {
				"north": {"uv": [1.25, 12.625, 1.875, 12.75], "texture": "#0"},
				"east": {"uv": [1, 15.125, 1.125, 15.25], "texture": "#0"},
				"south": {"uv": [12.625, 1.375, 13.25, 1.5], "texture": "#0"},
				"west": {"uv": [1.75, 15.125, 1.875, 15.25], "texture": "#0"},
				"up": {"uv": [13.25, 1.75, 12.625, 1.625], "texture": "#0"},
				"down": {"uv": [13.25, 1.875, 12.625, 2], "texture": "#0"}
			}
		},
		{
			"from": [-3.36812, 8.51049, 6],
			"to": [-2.36812, 9.51049, 10],
			"shade": false,
			"rotation": {"angle": 22.5, "axis": "z", "origin": [8, 8, 8]},
			"faces": {
				"north": {"uv": [2, 15.125, 2.125, 15.25], "texture": "#0"},
				"east": {"uv": [13.375, 1.875, 13.875, 2], "texture": "#0"},
				"south": {"uv": [2.25, 15.125, 2.375, 15.25], "texture": "#0"},
				"west": {"uv": [2.875, 13.375, 3.375, 13.5], "texture": "#0"},
				"up": {"uv": [4.875, 13.875, 4.75, 13.375], "texture": "#0"},
				"down": {"uv": [5.125, 13.375, 5, 13.875], "texture": "#0"}
			}
		},
		{
			"from": [-7.36812, 8.51049, 6],
			"to": [-6.36812, 9.51049, 10],
			"shade": false,
			"rotation": {"angle": 22.5, "axis": "z", "origin": [8, 8, 8]},
			"faces": {
				"north": {"uv": [2.5, 15.125, 2.625, 15.25], "texture": "#0"},
				"east": {"uv": [13.375, 3.25, 13.875, 3.375], "texture": "#0"},
				"south": {"uv": [2.75, 15.125, 2.875, 15.25], "texture": "#0"},
				"west": {"uv": [13.375, 5.625, 13.875, 5.75], "texture": "#0"},
				"up": {"uv": [5.625, 13.875, 5.5, 13.375], "texture": "#0"},
				"down": {"uv": [13.5, 7, 13.375, 7.5], "texture": "#0"}
			}
		},
		{
			"from": [0.9473, -7.11054, 7.5],
			"to": [1.9473, -5.11054, 8.5],
			"shade": false,
			"rotation": {"angle": -45, "axis": "z", "origin": [8, 8, 8]},
			"faces": {
				"north": {"uv": [6.375, 14.375, 6.5, 14.625], "texture": "#0"},
				"east": {"uv": [6.625, 14.375, 6.75, 14.625], "texture": "#0"},
				"south": {"uv": [6.875, 14.375, 7, 14.625], "texture": "#0"},
				"west": {"uv": [7.75, 14.375, 7.875, 14.625], "texture": "#0"},
				"up": {"uv": [15.25, 6.625, 15.125, 6.5], "texture": "#0"},
				"down": {"uv": [15.25, 6.75, 15.125, 6.875], "texture": "#0"}
			}
		},
		{
			"from": [-7.67178, -5.69775, 7.501],
			"to": [-6.67178, 2.30225, 8.499],
			"shade": false,
			"rotation": {"angle": 0, "axis": "z", "origin": [8, 8, 8]},
			"faces": {
				"north": {"uv": [1.25, 11.375, 1.375, 12.375], "texture": "#0"},
				"east": {"uv": [1.5, 11.375, 1.625, 12.375], "texture": "#0"},
				"south": {"uv": [2.25, 11.375, 2.375, 12.375], "texture": "#0"},
				"west": {"uv": [2.5, 11.375, 2.625, 12.375], "texture": "#0"},
				"up": {"uv": [7.125, 15.25, 7, 15.125], "texture": "#0"},
				"down": {"uv": [15.25, 7, 15.125, 7.125], "texture": "#0"}
			}
		},
		{
			"from": [-5.67178, -3.69775, 7.5],
			"to": [-4.67178, 1.30225, 8.5],
			"shade": false,
			"rotation": {"angle": 0, "axis": "z", "origin": [8, 8, 8]},
			"faces": {
				"north": {"uv": [4.5, 12.5, 4.625, 13.125], "texture": "#0"},
				"east": {"uv": [10.375, 12.5, 10.5, 13.125], "texture": "#0"},
				"south": {"uv": [2, 12.625, 2.125, 13.25], "texture": "#0"},
				"west": {"uv": [5.625, 12.625, 5.75, 13.25], "texture": "#0"},
				"up": {"uv": [7.375, 15.25, 7.25, 15.125], "texture": "#0"},
				"down": {"uv": [8.125, 15.125, 8, 15.25], "texture": "#0"}
			}
		},
		{
			"from": [-7.36812, 8.51049, 5],
			"to": [-2.36812, 9.51049, 6],
			"shade": false,
			"rotation": {"angle": 22.5, "axis": "z", "origin": [8, 8, 8]},
			"faces": {
				"north": {"uv": [12.625, 3.25, 13.25, 3.375], "texture": "#0"},
				"east": {"uv": [15.125, 8.125, 15.25, 8.25], "texture": "#0"},
				"south": {"uv": [12.625, 5.625, 13.25, 5.75], "texture": "#0"},
				"west": {"uv": [8.25, 15.125, 8.375, 15.25], "texture": "#0"},
				"up": {"uv": [6.5, 12.75, 5.875, 12.625], "texture": "#0"},
				"down": {"uv": [13.25, 7.125, 12.625, 7.25], "texture": "#0"}
			}
		},
		{
			"from": [-7.36812, 6.51049, 5],
			"to": [-2.36812, 7.51049, 6],
			"shade": false,
			"rotation": {"angle": 22.5, "axis": "z", "origin": [8, 8, 8]},
			"faces": {
				"north": {"uv": [12.625, 7.375, 13.25, 7.5], "texture": "#0"},
				"east": {"uv": [15.125, 8.375, 15.25, 8.5], "texture": "#0"},
				"south": {"uv": [12.625, 7.625, 13.25, 7.75], "texture": "#0"},
				"west": {"uv": [8.5, 15.125, 8.625, 15.25], "texture": "#0"},
				"up": {"uv": [11.25, 12.75, 10.625, 12.625], "texture": "#0"},
				"down": {"uv": [12, 12.625, 11.375, 12.75], "texture": "#0"}
			}
		},
		{
			"from": [-7.36812, 6.51049, 6],
			"to": [-6.36812, 7.51049, 10],
			"shade": false,
			"rotation": {"angle": 22.5, "axis": "z", "origin": [8, 8, 8]},
			"faces": {
				"north": {"uv": [15.125, 8.625, 15.25, 8.75], "texture": "#0"},
				"east": {"uv": [13.375, 7.625, 13.875, 7.75], "texture": "#0"},
				"south": {"uv": [11, 15.125, 11.125, 15.25], "texture": "#0"},
				"west": {"uv": [12.875, 13.375, 13.375, 13.5], "texture": "#0"},
				"up": {"uv": [2.375, 14, 2.25, 13.5], "texture": "#0"},
				"down": {"uv": [2.625, 13.5, 2.5, 14], "texture": "#0"}
			}
		},
		{
			"from": [-0.22267, -1.91495, 5.001],
			"to": [5.77733, -0.91495, 6.001],
			"shade": false,
			"rotation": {"angle": -22.5, "axis": "z", "origin": [8, 8, 8]},
			"faces": {
				"north": {"uv": [12.125, 9.125, 12.875, 9.25], "texture": "#0"},
				"east": {"uv": [11.25, 15.125, 11.375, 15.25], "texture": "#0"},
				"south": {"uv": [12.125, 9.375, 12.875, 9.5], "texture": "#0"},
				"west": {"uv": [13.75, 15.125, 13.875, 15.25], "texture": "#0"},
				"up": {"uv": [12.75, 12.25, 12, 12.125], "texture": "#0"},
				"down": {"uv": [13, 2.75, 12.25, 2.875], "texture": "#0"}
			}
		},
		{
			"from": [8.22267, -1.91495, 4.001],
			"to": [10.22267, -0.91495, 11.999],
			"rotation": {"angle": 22.5, "axis": "z", "origin": [8, 8, 8]},
			"faces": {
				"north": {"uv": [14.375, 6.375, 14.625, 6.5], "texture": "#0"},
				"east": {"uv": [11.25, 6.75, 12.25, 6.875], "texture": "#0"},
				"south": {"uv": [14.375, 7.75, 14.625, 7.875], "texture": "#0"},
				"west": {"uv": [11.25, 7, 12.25, 7.125], "texture": "#0"},
				"up": {"uv": [3.875, 9.75, 3.625, 8.75], "texture": "#0"},
				"down": {"uv": [1.5, 8.75, 1.25, 9.75], "texture": "#0"}
			}
		},
		{
			"from": [5.77733, -1.91495, 4.001],
			"to": [7.77733, -0.91495, 11.999],
			"rotation": {"angle": -22.5, "axis": "z", "origin": [8, 8, 8]},
			"faces": {
				"north": {"uv": [14.375, 8, 14.625, 8.125], "texture": "#0"},
				"east": {"uv": [11.25, 8.375, 12.25, 8.5], "texture": "#0"},
				"south": {"uv": [8.25, 14.375, 8.5, 14.5], "texture": "#0"},
				"west": {"uv": [11.25, 8.625, 12.25, 8.75], "texture": "#0"},
				"up": {"uv": [3.875, 9.75, 3.625, 8.75], "texture": "#0"},
				"down": {"uv": [4.25, 8.75, 4, 9.75], "texture": "#0"}
			}
		},
		{
			"from": [-8.5147, 7.8103, 7],
			"to": [-1.5147, 9.8103, 9],
			"rotation": {"angle": 0, "axis": "z", "origin": [8, 8, 8]},
			"faces": {
				"north": {"uv": [3.375, 1.25, 4.25, 1.5], "texture": "#0"},
				"east": {"uv": [3.75, 13.5, 4, 13.75], "texture": "#0"},
				"south": {"uv": [7.25, 0.75, 8.125, 1], "texture": "#0"},
				"west": {"uv": [13.5, 4, 13.75, 4.25], "texture": "#0"},
				"up": {"uv": [2.5, 9.75, 1.625, 9.5], "texture": "#0"},
				"down": {"uv": [10.375, 2.5, 9.5, 2.75], "texture": "#0"}
			}
		},
		{
			"from": [-2.94173, 7.57297, 7],
			"to": [-0.94173, 9.57297, 9],
			"rotation": {"angle": 45, "axis": "z", "origin": [8, 8, 8]},
			"faces": {
				"north": {"uv": [4.125, 13.5, 4.375, 13.75], "texture": "#0"},
				"east": {"uv": [13.5, 4.375, 13.75, 4.625], "texture": "#0"},
				"south": {"uv": [13.5, 4.75, 13.75, 5], "texture": "#0"},
				"west": {"uv": [13.5, 6.375, 13.75, 6.625], "texture": "#0"},
				"up": {"uv": [6.875, 13.75, 6.625, 13.5], "texture": "#0"},
				"down": {"uv": [7.25, 13.5, 7, 13.75], "texture": "#0"}
			}
		},
		{
			"from": [-5.94173, 7.57297, 5],
			"to": [-3.94173, 9.57297, 11],
			"rotation": {"angle": 45, "axis": "z", "origin": [8, 8, 8]},
			"faces": {
				"north": {"uv": [8.375, 13.5, 8.625, 13.75], "texture": "#0"},
				"east": {"uv": [9.875, 7.625, 10.625, 7.875], "texture": "#0"},
				"south": {"uv": [13.5, 10.625, 13.75, 10.875], "texture": "#0"},
				"west": {"uv": [7.75, 9.875, 8.5, 10.125], "texture": "#0"},
				"up": {"uv": [6.25, 10.625, 6, 9.875], "texture": "#0"},
				"down": {"uv": [10.125, 9.75, 9.875, 10.5], "texture": "#0"}
			}
		},
		{
			"from": [7, -5.7044, 5],
			"to": [9, -3.7044, 11],
			"rotation": {"angle": 0, "axis": "z", "origin": [8, 8, 8]},
			"faces": {
				"north": {"uv": [13.5, 11, 13.75, 11.25], "texture": "#0"},
				"east": {"uv": [10, 4.125, 10.75, 4.375], "texture": "#0"},
				"south": {"uv": [13.5, 13.375, 13.75, 13.625], "texture": "#0"},
				"west": {"uv": [10, 4.5, 10.75, 4.75], "texture": "#0"},
				"up": {"uv": [5.25, 10.75, 5, 10], "texture": "#0"},
				"down": {"uv": [10.25, 8.5, 10, 9.25], "texture": "#0"}
			}
		},
		{
			"from": [19.94173, 7.57297, 5],
			"to": [21.94173, 9.57297, 11],
			"shade": false,
			"rotation": {"angle": -45, "axis": "z", "origin": [8, 8, 8]},
			"faces": {
				"north": {"uv": [1.25, 13.625, 1.5, 13.875], "texture": "#0"},
				"east": {"uv": [10, 9.375, 10.75, 9.625], "texture": "#0"},
				"south": {"uv": [13.625, 1.25, 13.875, 1.5], "texture": "#0"},
				"west": {"uv": [10.125, 2.875, 10.875, 3.125], "texture": "#0"},
				"up": {"uv": [0.625, 11, 0.375, 10.25], "texture": "#0"},
				"down": {"uv": [1, 10.25, 0.75, 11], "texture": "#0"}
			}
		},
		{
			"from": [16.94173, 7.57297, 7],
			"to": [18.94173, 9.57297, 9],
			"rotation": {"angle": -45, "axis": "z", "origin": [8, 8, 8]},
			"faces": {
				"north": {"uv": [1.625, 13.625, 1.875, 13.875], "texture": "#0"},
				"east": {"uv": [13.625, 2.375, 13.875, 2.625], "texture": "#0"},
				"south": {"uv": [2.75, 13.625, 3, 13.875], "texture": "#0"},
				"west": {"uv": [13.625, 2.75, 13.875, 3], "texture": "#0"},
				"up": {"uv": [3.375, 13.875, 3.125, 13.625], "texture": "#0"},
				"down": {"uv": [13.875, 5.125, 13.625, 5.375], "texture": "#0"}
			}
		},
		{
			"from": [-1.5147, 8.3103, 7.5],
			"to": [1.4853, 9.3103, 8.5],
			"rotation": {"angle": 0, "axis": "z", "origin": [8, 8, 8]},
			"faces": {
				"north": {"uv": [1.75, 14, 2.125, 14.125], "texture": "#0"},
				"east": {"uv": [14, 15.125, 14.125, 15.25], "texture": "#0"},
				"south": {"uv": [14, 1.875, 14.375, 2], "texture": "#0"},
				"west": {"uv": [14.25, 15.125, 14.375, 15.25], "texture": "#0"},
				"up": {"uv": [14.375, 2.5, 14, 2.375], "texture": "#0"},
				"down": {"uv": [14.375, 2.625, 14, 2.75], "texture": "#0"}
			}
		},
		{
			"from": [-0.94173, 8.07297, 7.5],
			"to": [2.05827, 9.07297, 8.5],
			"rotation": {"angle": 45, "axis": "z", "origin": [8, 8, 8]},
			"faces": {
				"north": {"uv": [2.75, 14, 3.125, 14.125], "texture": "#0"},
				"east": {"uv": [1.25, 15.25, 1.375, 15.375], "texture": "#0"},
				"south": {"uv": [14, 2.875, 14.375, 3], "texture": "#0"},
				"west": {"uv": [1.5, 15.25, 1.625, 15.375], "texture": "#0"},
				"up": {"uv": [14.375, 3.25, 14, 3.125], "texture": "#0"},
				"down": {"uv": [5, 14, 4.625, 14.125], "texture": "#0"}
			}
		},
		{
			"from": [13.94173, 8.07297, 7.5],
			"to": [16.94173, 9.07297, 8.5],
			"rotation": {"angle": -45, "axis": "z", "origin": [8, 8, 8]},
			"faces": {
				"north": {"uv": [14, 5, 14.375, 5.125], "texture": "#0"},
				"east": {"uv": [3, 15.25, 3.125, 15.375], "texture": "#0"},
				"south": {"uv": [14, 5.25, 14.375, 5.375], "texture": "#0"},
				"west": {"uv": [3.25, 15.25, 3.375, 15.375], "texture": "#0"},
				"up": {"uv": [5.875, 14.125, 5.5, 14], "texture": "#0"},
				"down": {"uv": [14.375, 5.5, 14, 5.625], "texture": "#0"}
			}
		},
		{
			"from": [-7.5147, 9.8103, 5.5],
			"to": [-3.5147, 10.8103, 10.5],
			"rotation": {"angle": 0, "axis": "z", "origin": [8, 8, 8]},
			"faces": {
				"north": {"uv": [13.5, 5.875, 14, 6], "texture": "#0"},
				"east": {"uv": [12.125, 12.625, 12.75, 12.75], "texture": "#0"},
				"south": {"uv": [13.5, 6.75, 14, 6.875], "texture": "#0"},
				"west": {"uv": [0.5, 12.75, 1.125, 12.875], "texture": "#0"},
				"up": {"uv": [6.625, 0.625, 6.125, 0], "texture": "#0"},
				"down": {"uv": [7.5, 6.125, 7, 6.75], "texture": "#0"}
			}
		},
		{
			"from": [-7.5147, 6.8103, 5.5],
			"to": [-3.5147, 7.8103, 10.5],
			"rotation": {"angle": 0, "axis": "z", "origin": [8, 8, 8]},
			"faces": {
				"north": {"uv": [13.5, 11.375, 14, 11.5], "texture": "#0"},
				"east": {"uv": [2.25, 12.75, 2.875, 12.875], "texture": "#0"},
				"south": {"uv": [13.5, 12.375, 14, 12.5], "texture": "#0"},
				"west": {"uv": [3, 12.75, 3.625, 12.875], "texture": "#0"},
				"up": {"uv": [7.5, 7.5, 7, 6.875], "texture": "#0"},
				"down": {"uv": [7.625, 1.875, 7.125, 2.5], "texture": "#0"}
			}
		},
		{
			"from": [-4.5147, 7.8103, 5.5],
			"to": [-3.5147, 9.8103, 10.5],
			"rotation": {"angle": 0, "axis": "z", "origin": [8, 8, 8]},
			"faces": {
				"north": {"uv": [14.5, 0, 14.625, 0.25], "texture": "#0"},
				"east": {"uv": [10.5, 6.875, 11.125, 7.125], "texture": "#0"},
				"south": {"uv": [0.75, 14.5, 0.875, 14.75], "texture": "#0"},
				"west": {"uv": [10.625, 0, 11.25, 0.25], "texture": "#0"},
				"up": {"uv": [3.875, 13.375, 3.75, 12.75], "texture": "#0"},
				"down": {"uv": [4.125, 12.75, 4, 13.375], "texture": "#0"}
			}
		},
		{
			"from": [-7.5147, 7.8103, 5.5],
			"to": [-6.5147, 9.8103, 10.5],
			"rotation": {"angle": 0, "axis": "z", "origin": [8, 8, 8]},
			"faces": {
				"north": {"uv": [1, 14.5, 1.125, 14.75], "texture": "#0"},
				"east": {"uv": [7.75, 10.625, 8.375, 10.875], "texture": "#0"},
				"south": {"uv": [14.5, 1, 14.625, 1.25], "texture": "#0"},
				"west": {"uv": [10.625, 10.5, 11.25, 10.75], "texture": "#0"},
				"up": {"uv": [4.375, 13.375, 4.25, 12.75], "texture": "#0"},
				"down": {"uv": [6.75, 12.75, 6.625, 13.375], "texture": "#0"}
			}
		},
		{
			"from": [-9.08767, 7.57297, 7],
			"to": [-2.08767, 9.57297, 9],
			"rotation": {"angle": -45, "axis": "z", "origin": [8, 8, 8]},
			"faces": {
				"north": {"uv": [2.625, 9.5, 3.5, 9.75], "texture": "#0"},
				"east": {"uv": [5.75, 13.625, 6, 13.875], "texture": "#0"},
				"south": {"uv": [7.75, 9.5, 8.625, 9.75], "texture": "#0"},
				"west": {"uv": [6.125, 13.625, 6.375, 13.875], "texture": "#0"},
				"up": {"uv": [10.5, 0.25, 9.625, 0], "texture": "#0"},
				"down": {"uv": [10.625, 1.5, 9.75, 1.75], "texture": "#0"}
			}
		},
		{
			"from": [-8.08767, 7.57297, 5.5],
			"to": [-7.08767, 9.57297, 10.5],
			"rotation": {"angle": -45, "axis": "z", "origin": [8, 8, 8]},
			"faces": {
				"north": {"uv": [14.5, 1.75, 14.625, 2], "texture": "#0"},
				"east": {"uv": [1.125, 10.75, 1.75, 11], "texture": "#0"},
				"south": {"uv": [14.5, 2.125, 14.625, 2.375], "texture": "#0"},
				"west": {"uv": [10.75, 1.5, 11.375, 1.75], "texture": "#0"},
				"up": {"uv": [7, 13.375, 6.875, 12.75], "texture": "#0"},
				"down": {"uv": [7.25, 12.75, 7.125, 13.375], "texture": "#0"}
			}
		},
		{
			"from": [-8.08767, 6.57297, 5.5],
			"to": [-4.08767, 7.57297, 10.5],
			"rotation": {"angle": -45, "axis": "z", "origin": [8, 8, 8]},
			"faces": {
				"north": {"uv": [13.625, 1.625, 14.125, 1.75], "texture": "#0"},
				"east": {"uv": [12.75, 5.875, 13.375, 6], "texture": "#0"},
				"south": {"uv": [13.625, 7, 14.125, 7.125], "texture": "#0"},
				"west": {"uv": [9.625, 12.75, 10.25, 12.875], "texture": "#0"},
				"up": {"uv": [0.5, 7.875, 0, 7.25], "texture": "#0"},
				"down": {"uv": [7.75, 0, 7.25, 0.625], "texture": "#0"}
			}
		},
		{
			"from": [-8.08767, 9.57297, 5.5],
			"to": [-4.08767, 10.57297, 10.5],
			"rotation": {"angle": -45, "axis": "z", "origin": [8, 8, 8]},
			"faces": {
				"north": {"uv": [13.625, 7.25, 14.125, 7.375], "texture": "#0"},
				"east": {"uv": [12.75, 10.625, 13.375, 10.75], "texture": "#0"},
				"south": {"uv": [13.625, 8.625, 14.125, 8.75], "texture": "#0"},
				"west": {"uv": [12.75, 10.875, 13.375, 11], "texture": "#0"},
				"up": {"uv": [1.125, 7.875, 0.625, 7.25], "texture": "#0"},
				"down": {"uv": [1.75, 7.25, 1.25, 7.875], "texture": "#0"}
			}
		},
		{
			"from": [-2.08767, 8.07297, 7.5],
			"to": [0.91233, 9.07297, 8.5],
			"rotation": {"angle": -45, "axis": "z", "origin": [8, 8, 8]},
			"faces": {
				"north": {"uv": [6, 14, 6.375, 14.125], "texture": "#0"},
				"east": {"uv": [3.5, 15.25, 3.625, 15.375], "texture": "#0"},
				"south": {"uv": [14, 7.5, 14.375, 7.625], "texture": "#0"},
				"west": {"uv": [3.75, 15.25, 3.875, 15.375], "texture": "#0"},
				"up": {"uv": [9.375, 14.125, 9, 14], "texture": "#0"},
				"down": {"uv": [10.875, 14, 10.5, 14.125], "texture": "#0"}
			}
		},
		{
			"from": [-5.08767, 7.57297, 5.5],
			"to": [-4.08767, 9.57297, 10.5],
			"rotation": {"angle": -45, "axis": "z", "origin": [8, 8, 8]},
			"faces": {
				"north": {"uv": [14.5, 2.5, 14.625, 2.75], "texture": "#0"},
				"east": {"uv": [10.75, 1.875, 11.375, 2.125], "texture": "#0"},
				"south": {"uv": [2.75, 14.5, 2.875, 14.75], "texture": "#0"},
				"west": {"uv": [10.75, 3.25, 11.375, 3.5], "texture": "#0"},
				"up": {"uv": [8.625, 13.375, 8.5, 12.75], "texture": "#0"},
				"down": {"uv": [8.875, 12.75, 8.75, 13.375], "texture": "#0"}
			}
		},
		{
			"from": [6, 20.325, 5.5],
			"to": [7, 24.325, 10.5],
			"rotation": {"angle": 0, "axis": "z", "origin": [8, 8, 8]},
			"faces": {
				"north": {"uv": [8.75, 13.5, 8.875, 14], "texture": "#0"},
				"east": {"uv": [1.875, 7.25, 2.5, 7.75], "texture": "#0"},
				"south": {"uv": [5.25, 13.625, 5.375, 14.125], "texture": "#0"},
				"west": {"uv": [7.25, 4.625, 7.875, 5.125], "texture": "#0"},
				"up": {"uv": [1.375, 13.5, 1.25, 12.875], "texture": "#0"},
				"down": {"uv": [1.625, 12.875, 1.5, 13.5], "texture": "#0"}
			}
		},
		{
			"from": [7, 20.325, 5.5],
			"to": [9, 21.325, 10.5],
			"rotation": {"angle": 0, "axis": "z", "origin": [8, 8, 8]},
			"faces": {
				"north": {"uv": [14.5, 2.875, 14.75, 3], "texture": "#0"},
				"east": {"uv": [12.75, 11.125, 13.375, 11.25], "texture": "#0"},
				"south": {"uv": [3, 14.5, 3.25, 14.625], "texture": "#0"},
				"west": {"uv": [12.75, 11.375, 13.375, 11.5], "texture": "#0"},
				"up": {"uv": [10.125, 11.25, 9.875, 10.625], "texture": "#0"},
				"down": {"uv": [2.125, 10.75, 1.875, 11.375], "texture": "#0"}
			}
		},
		{
			"from": [7, 18.325, 7],
			"to": [9, 25.325, 9],
			"rotation": {"angle": 0, "axis": "z", "origin": [8, 8, 8]},
			"faces": {
				"north": {"uv": [6.625, 9.25, 6.875, 10.125], "texture": "#0"},
				"east": {"uv": [5.625, 9.375, 5.875, 10.25], "texture": "#0"},
				"south": {"uv": [7, 9.75, 7.25, 10.625], "texture": "#0"},
				"west": {"uv": [7.375, 9.75, 7.625, 10.625], "texture": "#0"},
				"up": {"uv": [9.25, 13.875, 9, 13.625], "texture": "#0"},
				"down": {"uv": [13.875, 11.625, 13.625, 11.875], "texture": "#0"}
			}
		},
		{
			"from": [7, 23.325, 5.5],
			"to": [9, 24.325, 10.5],
			"rotation": {"angle": 0, "axis": "z", "origin": [8, 8, 8]},
			"faces": {
				"north": {"uv": [14.5, 3.125, 14.75, 3.25], "texture": "#0"},
				"east": {"uv": [12.75, 12.375, 13.375, 12.5], "texture": "#0"},
				"south": {"uv": [14.5, 3.875, 14.75, 4], "texture": "#0"},
				"west": {"uv": [12.875, 2.375, 13.5, 2.5], "texture": "#0"},
				"up": {"uv": [6, 11.375, 5.75, 10.75], "texture": "#0"},
				"down": {"uv": [6.375, 10.75, 6.125, 11.375], "texture": "#0"}
			}
		},
		{
			"from": [9, 20.325, 5.5],
			"to": [10, 24.325, 10.5],
			"rotation": {"angle": 0, "axis": "z", "origin": [8, 8, 8]},
			"faces": {
				"north": {"uv": [12.875, 13.625, 13, 14.125], "texture": "#0"},
				"east": {"uv": [7.25, 5.25, 7.875, 5.75], "texture": "#0"},
				"south": {"uv": [13.125, 13.625, 13.25, 14.125], "texture": "#0"},
				"west": {"uv": [5.875, 7.25, 6.5, 7.75], "texture": "#0"},
				"up": {"uv": [1.875, 13.5, 1.75, 12.875], "texture": "#0"},
				"down": {"uv": [5.375, 12.875, 5.25, 13.5], "texture": "#0"}
			}
		},
		{
			"from": [7.5, 15.325, 7.5],
			"to": [8.5, 18.325, 8.5],
			"rotation": {"angle": 0, "axis": "z", "origin": [8, 8, 8]},
			"faces": {
				"north": {"uv": [3.25, 14, 3.375, 14.375], "texture": "#0"},
				"east": {"uv": [11, 14, 11.125, 14.375], "texture": "#0"},
				"south": {"uv": [11.25, 14, 11.375, 14.375], "texture": "#0"},
				"west": {"uv": [11.5, 14, 11.625, 14.375], "texture": "#0"},
				"up": {"uv": [4.125, 15.375, 4, 15.25], "texture": "#0"},
				"down": {"uv": [4.375, 15.25, 4.25, 15.375], "texture": "#0"}
			}
		},
		{
			"from": [5.42703, 20.08767, 5.5],
			"to": [6.42703, 24.08767, 10.5],
			"rotation": {"angle": -45, "axis": "z", "origin": [8, 8, 8]},
			"faces": {
				"north": {"uv": [0, 13.75, 0.125, 14.25], "texture": "#0"},
				"east": {"uv": [2.625, 7.625, 3.25, 8.125], "texture": "#0"},
				"south": {"uv": [0.25, 13.75, 0.375, 14.25], "texture": "#0"},
				"west": {"uv": [7.625, 2.625, 8.25, 3.125], "texture": "#0"},
				"up": {"uv": [6, 13.5, 5.875, 12.875], "texture": "#0"},
				"down": {"uv": [6.25, 12.875, 6.125, 13.5], "texture": "#0"}
			}
		},
		{
			"from": [6.42703, 20.08767, 5.5],
			"to": [8.42703, 21.08767, 10.5],
			"rotation": {"angle": -45, "axis": "z", "origin": [8, 8, 8]},
			"faces": {
				"north": {"uv": [14.5, 5, 14.75, 5.125], "texture": "#0"},
				"east": {"uv": [12.875, 8.75, 13.5, 8.875], "texture": "#0"},
				"south": {"uv": [14.5, 5.25, 14.75, 5.375], "texture": "#0"},
				"west": {"uv": [10.625, 12.875, 11.25, 13], "texture": "#0"},
				"up": {"uv": [6.75, 11.375, 6.5, 10.75], "texture": "#0"},
				"down": {"uv": [7.125, 10.75, 6.875, 11.375], "texture": "#0"}
			}
		},
		{
			"from": [6.42703, 18.08767, 7],
			"to": [8.42703, 25.08767, 9],
			"rotation": {"angle": -45, "axis": "z", "origin": [8, 8, 8]},
			"faces": {
				"north": {"uv": [8.75, 9.75, 9, 10.625], "texture": "#0"},
				"east": {"uv": [9.125, 9.75, 9.375, 10.625], "texture": "#0"},
				"south": {"uv": [9.5, 9.75, 9.75, 10.625], "texture": "#0"},
				"west": {"uv": [0, 9.875, 0.25, 10.75], "texture": "#0"},
				"up": {"uv": [13.875, 12.25, 13.625, 12], "texture": "#0"},
				"down": {"uv": [7.625, 13.75, 7.375, 14], "texture": "#0"}
			}
		},
		{
			"from": [6.42703, 23.08767, 5.5],
			"to": [8.42703, 24.08767, 10.5],
			"rotation": {"angle": -45, "axis": "z", "origin": [8, 8, 8]},
			"faces": {
				"north": {"uv": [14.5, 5.5, 14.75, 5.625], "texture": "#0"},
				"east": {"uv": [11.375, 12.875, 12, 13], "texture": "#0"},
				"south": {"uv": [14.5, 7.375, 14.75, 7.5], "texture": "#0"},
				"west": {"uv": [12.875, 11.625, 13.5, 11.75], "texture": "#0"},
				"up": {"uv": [7.5, 11.375, 7.25, 10.75], "texture": "#0"},
				"down": {"uv": [11, 7.25, 10.75, 7.875], "texture": "#0"}
			}
		},
		{
			"from": [8.42703, 20.08767, 5.5],
			"to": [9.42703, 24.08767, 10.5],
			"rotation": {"angle": -45, "axis": "z", "origin": [8, 8, 8]},
			"faces": {
				"north": {"uv": [0.5, 13.75, 0.625, 14.25], "texture": "#0"},
				"east": {"uv": [3.375, 7.625, 4, 8.125], "texture": "#0"},
				"south": {"uv": [7.75, 13.75, 7.875, 14.25], "texture": "#0"},
				"west": {"uv": [4.125, 7.625, 4.75, 8.125], "texture": "#0"},
				"up": {"uv": [6.5, 13.5, 6.375, 12.875], "texture": "#0"},
				"down": {"uv": [9.125, 12.875, 9, 13.5], "texture": "#0"}
			}
		},
		{
			"from": [6.92703, 15.08767, 7.5],
			"to": [7.92703, 18.08767, 8.5],
			"rotation": {"angle": -45, "axis": "z", "origin": [8, 8, 8]},
			"faces": {
				"north": {"uv": [14, 11.625, 14.125, 12], "texture": "#0"},
				"east": {"uv": [13.75, 14, 13.875, 14.375], "texture": "#0"},
				"south": {"uv": [14, 14, 14.125, 14.375], "texture": "#0"},
				"west": {"uv": [2.25, 14.125, 2.375, 14.5], "texture": "#0"},
				"up": {"uv": [4.625, 15.375, 4.5, 15.25], "texture": "#0"},
				"down": {"uv": [4.875, 15.25, 4.75, 15.375], "texture": "#0"}
			}
		},
		{
			"from": [19.5147, 9.8103, 5.5],
			"to": [23.5147, 10.8103, 10.5],
			"rotation": {"angle": 0, "axis": "z", "origin": [8, 8, 8]},
			"faces": {
				"north": {"uv": [13.75, 8.125, 14.25, 8.25], "texture": "#0"},
				"east": {"uv": [12.875, 11.875, 13.5, 12], "texture": "#0"},
				"south": {"uv": [13.75, 8.375, 14.25, 8.5], "texture": "#0"},
				"west": {"uv": [12.125, 12.875, 12.75, 13], "texture": "#0"},
				"up": {"uv": [5.375, 8.25, 4.875, 7.625], "texture": "#0"},
				"down": {"uv": [8.125, 5.875, 7.625, 6.5], "texture": "#0"}
			}
		},
		{
			"from": [19.5147, 7.8103, 5.5],
			"to": [20.5147, 9.8103, 10.5],
			"rotation": {"angle": 0, "axis": "z", "origin": [8, 8, 8]},
			"faces": {
				"north": {"uv": [11, 14.5, 11.125, 14.75], "texture": "#0"},
				"east": {"uv": [10.75, 6.125, 11.375, 6.375], "texture": "#0"},
				"south": {"uv": [11.25, 14.5, 11.375, 14.75], "texture": "#0"},
				"west": {"uv": [10.75, 8, 11.375, 8.25], "texture": "#0"},
				"up": {"uv": [9.375, 13.5, 9.25, 12.875], "texture": "#0"},
				"down": {"uv": [13, 12.625, 12.875, 13.25], "texture": "#0"}
			}
		},
		{
			"from": [17.5147, 7.8103, 7],
			"to": [24.5147, 9.8103, 9],
			"rotation": {"angle": 0, "axis": "z", "origin": [8, 8, 8]},
			"faces": {
				"north": {"uv": [9.75, 1.875, 10.625, 2.125], "texture": "#0"},
				"east": {"uv": [8, 13.75, 8.25, 14], "texture": "#0"},
				"south": {"uv": [0.375, 9.875, 1.25, 10.125], "texture": "#0"},
				"west": {"uv": [13.75, 9.5, 14, 9.75], "texture": "#0"},
				"up": {"uv": [10.75, 1.125, 9.875, 0.875], "texture": "#0"},
				"down": {"uv": [2.25, 9.875, 1.375, 10.125], "texture": "#0"}
			}
		},
		{
			"from": [22.5147, 7.8103, 5.5],
			"to": [23.5147, 9.8103, 10.5],
			"rotation": {"angle": 0, "axis": "z", "origin": [8, 8, 8]},
			"faces": {
				"north": {"uv": [11.5, 14.5, 11.625, 14.75], "texture": "#0"},
				"east": {"uv": [8.5, 10.75, 9.125, 11], "texture": "#0"},
				"south": {"uv": [13.75, 14.5, 13.875, 14.75], "texture": "#0"},
				"west": {"uv": [10.875, 0.75, 11.5, 1], "texture": "#0"},
				"up": {"uv": [0.125, 13.625, 0, 13], "texture": "#0"},
				"down": {"uv": [0.625, 13, 0.5, 13.625], "texture": "#0"}
			}
		},
		{
			"from": [19.5147, 6.8103, 5.5],
			"to": [23.5147, 7.8103, 10.5],
			"rotation": {"angle": 0, "axis": "z", "origin": [8, 8, 8]},
			"faces": {
				"north": {"uv": [13.75, 9.875, 14.25, 10], "texture": "#0"},
				"east": {"uv": [12.875, 12.125, 13.5, 12.25], "texture": "#0"},
				"south": {"uv": [13.75, 10.125, 14.25, 10.25], "texture": "#0"},
				"west": {"uv": [2.25, 13, 2.875, 13.125], "texture": "#0"},
				"up": {"uv": [7.125, 8.25, 6.625, 7.625], "texture": "#0"},
				"down": {"uv": [8.125, 6.625, 7.625, 7.25], "texture": "#0"}
			}
		},
		{
			"from": [14.5147, 8.3103, 7.5],
			"to": [17.5147, 9.3103, 8.5],
			"rotation": {"angle": 0, "axis": "z", "origin": [8, 8, 8]},
			"faces": {
				"north": {"uv": [14, 12.125, 14.375, 12.25], "texture": "#0"},
				"east": {"uv": [5.5, 15.25, 5.625, 15.375], "texture": "#0"},
				"south": {"uv": [14.125, 4.5, 14.5, 4.625], "texture": "#0"},
				"west": {"uv": [15.25, 5.625, 15.375, 5.75], "texture": "#0"},
				"up": {"uv": [14.5, 4.875, 14.125, 4.75], "texture": "#0"},
				"down": {"uv": [14.5, 5.75, 14.125, 5.875], "texture": "#0"}
			}
		},
		{
			"from": [-6.94173, 6.57297, 5.5],
			"to": [-2.94173, 10.57297, 10.5],
			"rotation": {"angle": 45, "axis": "z", "origin": [8, 8, 8]},
			"faces": {
				"north": {"uv": [7.125, 9.125, 7.625, 9.625], "texture": "#0"},
				"east": {"uv": [7.25, 7.625, 7.875, 8.125], "texture": "#0"},
				"south": {"uv": [9.25, 0.875, 9.75, 1.375], "texture": "#0"},
				"west": {"uv": [7.75, 1.875, 8.375, 2.375], "texture": "#0"},
				"up": {"uv": [8.375, 0.625, 7.875, 0], "texture": "#0"},
				"down": {"uv": [2.375, 7.875, 1.875, 8.5], "texture": "#0"}
			}
		},
		{
			"from": [6.57297, -6.94173, 5.5],
			"to": [10.57297, -2.94173, 10.5],
			"rotation": {"angle": 45, "axis": "z", "origin": [8, 8, 8]},
			"faces": {
				"north": {"uv": [4.375, 9.25, 4.875, 9.75], "texture": "#0"},
				"east": {"uv": [7.75, 3.25, 8.375, 3.75], "texture": "#0"},
				"south": {"uv": [9.25, 5.875, 9.75, 6.375], "texture": "#0"},
				"west": {"uv": [5.5, 7.875, 6.125, 8.375], "texture": "#0"},
				"up": {"uv": [0.5, 8.625, 0, 8], "texture": "#0"},
				"down": {"uv": [1.125, 8, 0.625, 8.625], "texture": "#0"}
			}
		},
		{
			"from": [6, -6.7044, 5.5],
			"to": [10, -2.7044, 10.5],
			"rotation": {"angle": 0, "axis": "z", "origin": [8, 8, 8]},
			"faces": {
				"north": {"uv": [6, 9.25, 6.5, 9.75], "texture": "#0"},
				"east": {"uv": [8, 4.625, 8.625, 5.125], "texture": "#0"},
				"south": {"uv": [5, 9.375, 5.5, 9.875], "texture": "#0"},
				"west": {"uv": [8, 5.25, 8.625, 5.75], "texture": "#0"},
				"up": {"uv": [1.75, 8.625, 1.25, 8], "texture": "#0"},
				"down": {"uv": [8.5, 7.375, 8, 8], "texture": "#0"}
			}
		},
		{
			"from": [20.5147, 7.8103, 8],
			"to": [22.5147, 9.8103, 11],
			"rotation": {"angle": 0, "axis": "y", "origin": [21.2647, 8.8103, 7.5]},
			"faces": {
				"north": {"uv": [8.375, 13.5, 8.625, 13.75], "texture": "#0"},
				"east": {"uv": [9.875, 7.625, 10.625, 7.875], "texture": "#0"},
				"south": {"uv": [13.5, 10.625, 13.75, 10.875], "texture": "#0"},
				"west": {"uv": [7.75, 9.875, 8.5, 10.125], "texture": "#0"},
				"up": {"uv": [6.25, 10.625, 6, 9.875], "texture": "#0"},
				"down": {"uv": [10.125, 9.75, 9.875, 10.5], "texture": "#0"}
			}
		},
		{
			"from": [-6.4853, 7.8103, 8],
			"to": [-4.4853, 9.8103, 11],
			"rotation": {"angle": 0, "axis": "y", "origin": [21.2647, 8.8103, 7.5]},
			"faces": {
				"north": {"uv": [8.375, 13.5, 8.625, 13.75], "texture": "#0"},
				"east": {"uv": [9.875, 7.625, 10.625, 7.875], "texture": "#0"},
				"south": {"uv": [13.5, 10.625, 13.75, 10.875], "texture": "#0"},
				"west": {"uv": [7.75, 9.875, 8.5, 10.125], "texture": "#0"},
				"up": {"uv": [6.25, 10.625, 6, 9.875], "texture": "#0"},
				"down": {"uv": [10.125, 9.75, 9.875, 10.5], "texture": "#0"}
			}
		},
		{
			"from": [-2.55634, 17.36664, 8],
			"to": [-0.55634, 19.36664, 11],
			"rotation": {"angle": 45, "axis": "z", "origin": [-1.55634, 18.36664, 9]},
			"faces": {
				"north": {"uv": [8.625, 13.5, 8.375, 13.75], "texture": "#0"},
				"east": {"uv": [8.5, 9.875, 7.75, 10.125], "texture": "#0"},
				"south": {"uv": [13.75, 10.625, 13.5, 10.875], "texture": "#0"},
				"west": {"uv": [10.625, 7.625, 9.875, 7.875], "texture": "#0"},
				"up": {"uv": [6, 10.625, 6.25, 9.875], "texture": "#0"},
				"down": {"uv": [9.875, 9.75, 10.125, 10.5], "texture": "#0"}
			}
		},
		{
			"from": [16.55634, 17.36664, 8],
			"to": [18.55634, 19.36664, 11],
			"rotation": {"angle": -45, "axis": "z", "origin": [17.55634, 18.36664, 9]},
			"faces": {
				"north": {"uv": [8.375, 13.5, 8.625, 13.75], "texture": "#0"},
				"east": {"uv": [9.875, 7.625, 10.625, 7.875], "texture": "#0"},
				"south": {"uv": [13.5, 10.625, 13.75, 10.875], "texture": "#0"},
				"west": {"uv": [7.75, 9.875, 8.5, 10.125], "texture": "#0"},
				"up": {"uv": [6.25, 10.625, 6, 9.875], "texture": "#0"},
				"down": {"uv": [10.125, 9.75, 9.875, 10.5], "texture": "#0"}
			}
		},
		{
			"from": [7, 21.325, 8],
			"to": [9, 23.325, 11],
			"rotation": {"angle": 0, "axis": "y", "origin": [7.75, 22.325, 7]},
			"faces": {
				"north": {"uv": [8.375, 13.5, 8.625, 13.75], "texture": "#0"},
				"east": {"uv": [9.875, 7.625, 10.625, 7.875], "texture": "#0"},
				"south": {"uv": [13.5, 10.625, 13.75, 10.875], "texture": "#0"},
				"west": {"uv": [7.75, 9.875, 8.5, 10.125], "texture": "#0"},
				"up": {"uv": [6.25, 10.625, 6, 9.875], "texture": "#0"},
				"down": {"uv": [10.125, 9.75, 9.875, 10.5], "texture": "#0"}
			}
		}
	],
	"gui_light": "front",
	"display": {
		"thirdperson_righthand": {
			"rotation": [31.75, 0, 0],
			"translation": [-6, 7, 5],
			"scale": [0.55, 0.55, 0.55]
		},
		"thirdperson_lefthand": {
			"rotation": [31.7, 0, 0],
			"translation": [-6, 7, 5],
			"scale": [0.55, 0.55, 0.55]
		},
		"firstperson_righthand": {
			"rotation": [-14, 0, 0],
			"translation": [-9, 3, 0],
			"scale": [0.5, 0.5, 0.5]
		},
		"firstperson_lefthand": {
			"rotation": [-14, 0, 0],
			"translation": [-9, 3, 0],
			"scale": [0.5, 0.5, 0.5]
		},
		"ground": {
			"translation": [0, 7, 0],
			"scale": [0.5, 0.5, 0.5]
		},
		"gui": {
			"scale": [0.50039, 0.5, 1]
		},
		"head": {
			"rotation": [0, 180, 0],
			"translation": [0, 13, 7]
		},
		"fixed": {
			"rotation": [0, 180, 0]
		}
	},
	"groups": [
		{
			"name": "ring",
			"origin": [4.35091, 9.61944, 8],
			"color": 0,
			"nbt": "{}",
			"armAnimationEnabled": false,
			"children": [0, 1, 2, 3, 4, 5, 6, 7, 8, 9, 10, 11, 12, 13, 14, 15, 16, 17, 18, 19, 20, 21, 22, 23]
		},
		{
			"name": "base",
			"origin": [0, 0, 0],
			"color": 0,
			"nbt": "{}",
			"armAnimationEnabled": false,
			"children": [
				24,
				{
					"name": "foot1",
					"origin": [19.05268, -6.23744, 5.5],
					"color": 0,
					"nbt": "{}",
					"armAnimationEnabled": false,
					"children": [25, 26, 27, 28, 29, 30, 31, 32, 33, 34, 35, 36, 37]
				},
				{
					"name": "foot1",
					"origin": [19.05268, -6.23744, 5.5],
					"color": 0,
					"nbt": "{}",
					"armAnimationEnabled": false,
					"children": [38, 39, 40, 41, 42, 43, 44, 45, 46, 47, 48, 49, 50]
				},
				{
					"name": "foot1",
					"origin": [19.05268, -6.23744, 5.5],
					"color": 0,
					"nbt": "{}",
					"armAnimationEnabled": false,
					"children": [51, 52, 53, 54, 55, 56, 57, 58, 59, 60, 61, 62, 63]
				},
				{
					"name": "foot1",
					"origin": [19.05268, -6.23744, 5.5],
					"color": 0,
					"nbt": "{}",
					"armAnimationEnabled": false,
					"children": [64, 65, 66, 67, 68, 69, 70, 71, 72, 73, 74, 75, 76]
				},
				{
					"name": "support",
					"origin": [0.49582, 0.99267, 5],
					"color": 4,
					"nbt": "{}",
					"armAnimationEnabled": false,
					"children": [77, 78, 79, 80, 81, 82, 83, 84, 85, 86, 87, 88, 89, 90, 91, 92, 93, 94, 95, 96, 97, 98, 99, 100, 101, 102, 103, 104, 105, 106, 107, 108, 109]
				},
				110,
				111
			]
		},
		{
			"name": "ring_decotarions",
			"origin": [8, 11.8853, 8],
			"color": 0,
			"nbt": "{}",
			"armAnimationEnabled": false,
			"children": [112, 113, 114, 115, 116, 117, 118, 119, 120, 121, 122, 123, 124, 125, 126, 127, 128, 129, 130, 131, 132, 133, 134, 135, 136, 137, 138, 139, 140, 141, 142, 143, 144, 145, 146, 147, 148, 149, 150, 151]
		},
		152,
		153,
		154,
		155,
		156
	]
}