{
	"texture_size": [128, 128],
	"textures": {
		"0": "expansion:structures/portal",
		"particle": "expansion:structures/portal"
	},
	"elements": [
		{
			"from": [4.22171, 22.44731, 6],
			"to": [12.72171, 23.44731, 10],
			"rotation": {"angle": 22.5, "axis": "z", "origin": [8, 8, 8]},
			"faces": {
				"north": {"uv": [2.25, 10.875, 3.3125, 11], "texture": "#0"},
				"east": {"uv": [6.125, 0.75, 6.625, 0.875], "texture": "#0"},
				"south": {"uv": [3.5, 10.875, 4.5625, 11], "texture": "#0"},
				"west": {"uv": [8.125, 4.375, 8.625, 4.5], "texture": "#0"},
				"up": {"uv": [1.0625, 3.5, 0, 3], "texture": "#0"},
				"down": {"uv": [2.3125, 3.125, 1.25, 3.625], "texture": "#0"}
			}
		},
		{
			"from": [4.22171, 21.44731, 6.5],
			"to": [12.47171, 22.44731, 9.5],
			"rotation": {"angle": 22.5, "axis": "z", "origin": [8, 8, 8]},
			"faces": {
				"north": {"uv": [11, 3, 12.03125, 3.125], "texture": "#0"},
				"east": {"uv": [5.5, 5.125, 5.875, 5.25], "texture": "#0"},
				"south": {"uv": [0.5, 11.125, 1.53125, 11.25], "texture": "#0"},
				"west": {"uv": [6.25, 3.875, 6.625, 4], "texture": "#0"},
				"up": {"uv": [6.03125, 4, 5, 3.625], "texture": "#0"},
				"down": {"uv": [6.53125, 1, 5.5, 1.375], "texture": "#0"}
			}
		},
		{
			"from": [4.47171, 20.44731, 6],
			"to": [11.97171, 21.44731, 10],
			"rotation": {"angle": 22.5, "axis": "z", "origin": [8, 8, 8]},
			"faces": {
				"north": {"uv": [11.375, 0, 12.3125, 0.125], "texture": "#0"},
				"east": {"uv": [13, 5.125, 13.5, 5.25], "texture": "#0"},
				"south": {"uv": [11.375, 1.125, 12.3125, 1.25], "texture": "#0"},
				"west": {"uv": [13, 5.375, 13.5, 5.5], "texture": "#0"},
				"up": {"uv": [5.3125, 2.25, 4.375, 1.75], "texture": "#0"},
				"down": {"uv": [5.3125, 4.125, 4.375, 4.625], "texture": "#0"}
			}
		},
		{
			"from": [3.60151, 22.44731, 6],
			"to": [12.10151, 23.44731, 10],
			"rotation": {"angle": -22.5, "axis": "z", "origin": [8, 8, 8]},
			"faces": {
				"north": {"uv": [10.875, 4.125, 11.9375, 4.25], "texture": "#0"},
				"east": {"uv": [13.125, 8.125, 13.625, 8.25], "texture": "#0"},
				"south": {"uv": [10.875, 4.375, 11.9375, 4.5], "texture": "#0"},
				"west": {"uv": [13.125, 8.375, 13.625, 8.5], "texture": "#0"},
				"up": {"uv": [4.1875, 2.125, 3.125, 1.625], "texture": "#0"},
				"down": {"uv": [4.1875, 2.25, 3.125, 2.75], "texture": "#0"}
			}
		},
		{
			"from": [3.60151, 21.44731, 6.5],
			"to": [11.85151, 22.44731, 9.5],
			"rotation": {"angle": -22.5, "axis": "z", "origin": [8, 8, 8]},
			"faces": {
				"north": {"uv": [2.25, 11.125, 3.28125, 11.25], "texture": "#0"},
				"east": {"uv": [9.25, 1.5, 9.625, 1.625], "texture": "#0"},
				"south": {"uv": [3.5, 11.125, 4.53125, 11.25], "texture": "#0"},
				"west": {"uv": [13.875, 6.125, 14.25, 6.25], "texture": "#0"},
				"up": {"uv": [6.53125, 1.875, 5.5, 1.5], "texture": "#0"},
				"down": {"uv": [6.53125, 4.125, 5.5, 4.5], "texture": "#0"}
			}
		},
		{
			"from": [3.85151, 20.44731, 6],
			"to": [11.35151, 21.44731, 10],
			"rotation": {"angle": -22.5, "axis": "z", "origin": [8, 8, 8]},
			"faces": {
				"north": {"uv": [11.375, 10.5, 12.3125, 10.625], "texture": "#0"},
				"east": {"uv": [13.125, 9.625, 13.625, 9.75], "texture": "#0"},
				"south": {"uv": [10.75, 11.375, 11.6875, 11.5], "texture": "#0"},
				"west": {"uv": [13.125, 9.875, 13.625, 10], "texture": "#0"},
				"up": {"uv": [3.3125, 5.25, 2.375, 4.75], "texture": "#0"},
				"down": {"uv": [5.3125, 4.125, 4.375, 4.625], "texture": "#0"}
			}
		},
		{
			"from": [-9.08767, 7.57297, 7],
			"to": [-2.08767, 9.57297, 9],
			"rotation": {"angle": -45, "axis": "z", "origin": [8, 8, 8]},
			"faces": {
				"north": {"uv": [2.625, 9.5, 3.5, 9.75], "texture": "#0"},
				"east": {"uv": [5.75, 13.625, 6, 13.875], "texture": "#0"},
				"south": {"uv": [7.75, 9.5, 8.625, 9.75], "texture": "#0"},
				"west": {"uv": [6.125, 13.625, 6.375, 13.875], "texture": "#0"},
				"up": {"uv": [10.5, 0.25, 9.625, 0], "texture": "#0"},
				"down": {"uv": [10.625, 1.5, 9.75, 1.75], "texture": "#0"}
			}
		},
		{
			"from": [-8.08767, 7.57297, 5.5],
			"to": [-7.08767, 9.57297, 10.5],
			"rotation": {"angle": -45, "axis": "z", "origin": [8, 8, 8]},
			"faces": {
				"north": {"uv": [14.5, 1.75, 14.625, 2], "texture": "#0"},
				"east": {"uv": [1.125, 10.75, 1.75, 11], "texture": "#0"},
				"south": {"uv": [14.5, 2.125, 14.625, 2.375], "texture": "#0"},
				"west": {"uv": [10.75, 1.5, 11.375, 1.75], "texture": "#0"},
				"up": {"uv": [7, 13.375, 6.875, 12.75], "texture": "#0"},
				"down": {"uv": [7.25, 12.75, 7.125, 13.375], "texture": "#0"}
			}
		},
		{
			"from": [-8.08767, 6.57297, 5.5],
			"to": [-4.08767, 7.57297, 10.5],
			"rotation": {"angle": -45, "axis": "z", "origin": [8, 8, 8]},
			"faces": {
				"north": {"uv": [13.625, 1.625, 14.125, 1.75], "texture": "#0"},
				"east": {"uv": [12.75, 5.875, 13.375, 6], "texture": "#0"},
				"south": {"uv": [13.625, 7, 14.125, 7.125], "texture": "#0"},
				"west": {"uv": [9.625, 12.75, 10.25, 12.875], "texture": "#0"},
				"up": {"uv": [0.5, 7.875, 0, 7.25], "texture": "#0"},
				"down": {"uv": [7.75, 0, 7.25, 0.625], "texture": "#0"}
			}
		},
		{
			"from": [-8.08767, 9.57297, 5.5],
			"to": [-4.08767, 10.57297, 10.5],
			"rotation": {"angle": -45, "axis": "z", "origin": [8, 8, 8]},
			"faces": {
				"north": {"uv": [13.625, 7.25, 14.125, 7.375], "texture": "#0"},
				"east": {"uv": [12.75, 10.625, 13.375, 10.75], "texture": "#0"},
				"south": {"uv": [13.625, 8.625, 14.125, 8.75], "texture": "#0"},
				"west": {"uv": [12.75, 10.875, 13.375, 11], "texture": "#0"},
				"up": {"uv": [1.125, 7.875, 0.625, 7.25], "texture": "#0"},
				"down": {"uv": [1.75, 7.25, 1.25, 7.875], "texture": "#0"}
			}
		},
		{
			"from": [-2.08767, 8.07297, 7.5],
			"to": [0.91233, 9.07297, 8.5],
			"rotation": {"angle": -45, "axis": "z", "origin": [8, 8, 8]},
			"faces": {
				"north": {"uv": [6, 14, 6.375, 14.125], "texture": "#0"},
				"east": {"uv": [3.5, 15.25, 3.625, 15.375], "texture": "#0"},
				"south": {"uv": [14, 7.5, 14.375, 7.625], "texture": "#0"},
				"west": {"uv": [3.75, 15.25, 3.875, 15.375], "texture": "#0"},
				"up": {"uv": [9.375, 14.125, 9, 14], "texture": "#0"},
				"down": {"uv": [10.875, 14, 10.5, 14.125], "texture": "#0"}
			}
		},
		{
			"from": [-5.08767, 7.57297, 5.5],
			"to": [-4.08767, 9.57297, 10.5],
			"rotation": {"angle": -45, "axis": "z", "origin": [8, 8, 8]},
			"faces": {
				"north": {"uv": [14.5, 2.5, 14.625, 2.75], "texture": "#0"},
				"east": {"uv": [10.75, 1.875, 11.375, 2.125], "texture": "#0"},
				"south": {"uv": [2.75, 14.5, 2.875, 14.75], "texture": "#0"},
				"west": {"uv": [10.75, 3.25, 11.375, 3.5], "texture": "#0"},
				"up": {"uv": [8.625, 13.375, 8.5, 12.75], "texture": "#0"},
				"down": {"uv": [8.875, 12.75, 8.75, 13.375], "texture": "#0"}
			}
		},
		{
			"from": [6, 20.325, 5.5],
			"to": [7, 24.325, 10.5],
			"rotation": {"angle": 0, "axis": "z", "origin": [8, 8, 8]},
			"faces": {
				"north": {"uv": [8.75, 13.5, 8.875, 14], "texture": "#0"},
				"east": {"uv": [1.875, 7.25, 2.5, 7.75], "texture": "#0"},
				"south": {"uv": [5.25, 13.625, 5.375, 14.125], "texture": "#0"},
				"west": {"uv": [7.25, 4.625, 7.875, 5.125], "texture": "#0"},
				"up": {"uv": [1.375, 13.5, 1.25, 12.875], "texture": "#0"},
				"down": {"uv": [1.625, 12.875, 1.5, 13.5], "texture": "#0"}
			}
		},
		{
			"from": [7, 20.325, 5.5],
			"to": [9, 21.325, 10.5],
			"rotation": {"angle": 0, "axis": "z", "origin": [8, 8, 8]},
			"faces": {
				"north": {"uv": [14.5, 2.875, 14.75, 3], "texture": "#0"},
				"east": {"uv": [12.75, 11.125, 13.375, 11.25], "texture": "#0"},
				"south": {"uv": [3, 14.5, 3.25, 14.625], "texture": "#0"},
				"west": {"uv": [12.75, 11.375, 13.375, 11.5], "texture": "#0"},
				"up": {"uv": [10.125, 11.25, 9.875, 10.625], "texture": "#0"},
				"down": {"uv": [2.125, 10.75, 1.875, 11.375], "texture": "#0"}
			}
		},
		{
			"from": [7, 18.325, 7],
			"to": [9, 25.325, 9],
			"rotation": {"angle": 0, "axis": "z", "origin": [8, 8, 8]},
			"faces": {
				"north": {"uv": [6.625, 9.25, 6.875, 10.125], "texture": "#0"},
				"east": {"uv": [5.625, 9.375, 5.875, 10.25], "texture": "#0"},
				"south": {"uv": [7, 9.75, 7.25, 10.625], "texture": "#0"},
				"west": {"uv": [7.375, 9.75, 7.625, 10.625], "texture": "#0"},
				"up": {"uv": [9.25, 13.875, 9, 13.625], "texture": "#0"},
				"down": {"uv": [13.875, 11.625, 13.625, 11.875], "texture": "#0"}
			}
		},
		{
			"from": [7, 23.325, 5.5],
			"to": [9, 24.325, 10.5],
			"rotation": {"angle": 0, "axis": "z", "origin": [8, 8, 8]},
			"faces": {
				"north": {"uv": [14.5, 3.125, 14.75, 3.25], "texture": "#0"},
				"east": {"uv": [12.75, 12.375, 13.375, 12.5], "texture": "#0"},
				"south": {"uv": [14.5, 3.875, 14.75, 4], "texture": "#0"},
				"west": {"uv": [12.875, 2.375, 13.5, 2.5], "texture": "#0"},
				"up": {"uv": [6, 11.375, 5.75, 10.75], "texture": "#0"},
				"down": {"uv": [6.375, 10.75, 6.125, 11.375], "texture": "#0"}
			}
		},
		{
			"from": [9, 20.325, 5.5],
			"to": [10, 24.325, 10.5],
			"rotation": {"angle": 0, "axis": "z", "origin": [8, 8, 8]},
			"faces": {
				"north": {"uv": [12.875, 13.625, 13, 14.125], "texture": "#0"},
				"east": {"uv": [7.25, 5.25, 7.875, 5.75], "texture": "#0"},
				"south": {"uv": [13.125, 13.625, 13.25, 14.125], "texture": "#0"},
				"west": {"uv": [5.875, 7.25, 6.5, 7.75], "texture": "#0"},
				"up": {"uv": [1.875, 13.5, 1.75, 12.875], "texture": "#0"},
				"down": {"uv": [5.375, 12.875, 5.25, 13.5], "texture": "#0"}
			}
		},
		{
			"from": [7.5, 15.325, 7.5],
			"to": [8.5, 18.325, 8.5],
			"rotation": {"angle": 0, "axis": "z", "origin": [8, 8, 8]},
			"faces": {
				"north": {"uv": [3.25, 14, 3.375, 14.375], "texture": "#0"},
				"east": {"uv": [11, 14, 11.125, 14.375], "texture": "#0"},
				"south": {"uv": [11.25, 14, 11.375, 14.375], "texture": "#0"},
				"west": {"uv": [11.5, 14, 11.625, 14.375], "texture": "#0"},
				"up": {"uv": [4.125, 15.375, 4, 15.25], "texture": "#0"},
				"down": {"uv": [4.375, 15.25, 4.25, 15.375], "texture": "#0"}
			}
		},
		{
			"from": [5.42703, 20.08767, 5.5],
			"to": [6.42703, 24.08767, 10.5],
			"rotation": {"angle": -45, "axis": "z", "origin": [8, 8, 8]},
			"faces": {
				"north": {"uv": [0, 13.75, 0.125, 14.25], "texture": "#0"},
				"east": {"uv": [2.625, 7.625, 3.25, 8.125], "texture": "#0"},
				"south": {"uv": [0.25, 13.75, 0.375, 14.25], "texture": "#0"},
				"west": {"uv": [7.625, 2.625, 8.25, 3.125], "texture": "#0"},
				"up": {"uv": [6, 13.5, 5.875, 12.875], "texture": "#0"},
				"down": {"uv": [6.25, 12.875, 6.125, 13.5], "texture": "#0"}
			}
		},
		{
			"from": [6.42703, 20.08767, 5.5],
			"to": [8.42703, 21.08767, 10.5],
			"rotation": {"angle": -45, "axis": "z", "origin": [8, 8, 8]},
			"faces": {
				"north": {"uv": [14.5, 5, 14.75, 5.125], "texture": "#0"},
				"east": {"uv": [12.875, 8.75, 13.5, 8.875], "texture": "#0"},
				"south": {"uv": [14.5, 5.25, 14.75, 5.375], "texture": "#0"},
				"west": {"uv": [10.625, 12.875, 11.25, 13], "texture": "#0"},
				"up": {"uv": [6.75, 11.375, 6.5, 10.75], "texture": "#0"},
				"down": {"uv": [7.125, 10.75, 6.875, 11.375], "texture": "#0"}
			}
		},
		{
			"from": [6.42703, 18.08767, 7],
			"to": [8.42703, 25.08767, 9],
			"rotation": {"angle": -45, "axis": "z", "origin": [8, 8, 8]},
			"faces": {
				"north": {"uv": [8.75, 9.75, 9, 10.625], "texture": "#0"},
				"east": {"uv": [9.125, 9.75, 9.375, 10.625], "texture": "#0"},
				"south": {"uv": [9.5, 9.75, 9.75, 10.625], "texture": "#0"},
				"west": {"uv": [0, 9.875, 0.25, 10.75], "texture": "#0"},
				"up": {"uv": [13.875, 12.25, 13.625, 12], "texture": "#0"},
				"down": {"uv": [7.625, 13.75, 7.375, 14], "texture": "#0"}
			}
		},
		{
			"from": [6.42703, 23.08767, 5.5],
			"to": [8.42703, 24.08767, 10.5],
			"rotation": {"angle": -45, "axis": "z", "origin": [8, 8, 8]},
			"faces": {
				"north": {"uv": [14.5, 5.5, 14.75, 5.625], "texture": "#0"},
				"east": {"uv": [11.375, 12.875, 12, 13], "texture": "#0"},
				"south": {"uv": [14.5, 7.375, 14.75, 7.5], "texture": "#0"},
				"west": {"uv": [12.875, 11.625, 13.5, 11.75], "texture": "#0"},
				"up": {"uv": [7.5, 11.375, 7.25, 10.75], "texture": "#0"},
				"down": {"uv": [11, 7.25, 10.75, 7.875], "texture": "#0"}
			}
		},
		{
			"from": [8.42703, 20.08767, 5.5],
			"to": [9.42703, 24.08767, 10.5],
			"rotation": {"angle": -45, "axis": "z", "origin": [8, 8, 8]},
			"faces": {
				"north": {"uv": [0.5, 13.75, 0.625, 14.25], "texture": "#0"},
				"east": {"uv": [3.375, 7.625, 4, 8.125], "texture": "#0"},
				"south": {"uv": [7.75, 13.75, 7.875, 14.25], "texture": "#0"},
				"west": {"uv": [4.125, 7.625, 4.75, 8.125], "texture": "#0"},
				"up": {"uv": [6.5, 13.5, 6.375, 12.875], "texture": "#0"},
				"down": {"uv": [9.125, 12.875, 9, 13.5], "texture": "#0"}
			}
		},
		{
			"from": [6.92703, 15.08767, 7.5],
			"to": [7.92703, 18.08767, 8.5],
			"rotation": {"angle": -45, "axis": "z", "origin": [8, 8, 8]},
			"faces": {
				"north": {"uv": [14, 11.625, 14.125, 12], "texture": "#0"},
				"east": {"uv": [13.75, 14, 13.875, 14.375], "texture": "#0"},
				"south": {"uv": [14, 14, 14.125, 14.375], "texture": "#0"},
				"west": {"uv": [2.25, 14.125, 2.375, 14.5], "texture": "#0"},
				"up": {"uv": [4.625, 15.375, 4.5, 15.25], "texture": "#0"},
				"down": {"uv": [4.875, 15.25, 4.75, 15.375], "texture": "#0"}
			}
		},
		{
			"from": [7, 21.325, 8],
			"to": [9, 23.325, 11],
			"rotation": {"angle": 0, "axis": "y", "origin": [7.75, 22.325, 7]},
			"faces": {
				"north": {"uv": [8.375, 13.5, 8.625, 13.75], "texture": "#0"},
				"east": {"uv": [9.875, 7.625, 10.625, 7.875], "texture": "#0"},
				"south": {"uv": [13.5, 10.625, 13.75, 10.875], "texture": "#0"},
				"west": {"uv": [7.75, 9.875, 8.5, 10.125], "texture": "#0"},
				"up": {"uv": [6.25, 10.625, 6, 9.875], "texture": "#0"},
				"down": {"uv": [10.125, 9.75, 9.875, 10.5], "texture": "#0"}
			}
		},
		{
			"from": [16.55634, 17.36664, 8],
			"to": [18.55634, 19.36664, 11],
			"rotation": {"angle": -45, "axis": "z", "origin": [17.55634, 18.36664, 9]},
			"faces": {
				"north": {"uv": [8.375, 13.5, 8.625, 13.75], "texture": "#0"},
				"east": {"uv": [9.875, 7.625, 10.625, 7.875], "texture": "#0"},
				"south": {"uv": [13.5, 10.625, 13.75, 10.875], "texture": "#0"},
				"west": {"uv": [7.75, 9.875, 8.5, 10.125], "texture": "#0"},
				"up": {"uv": [6.25, 10.625, 6, 9.875], "texture": "#0"},
				"down": {"uv": [10.125, 9.75, 9.875, 10.5], "texture": "#0"}
			}
		},
		{
			"from": [-2.55634, 17.36664, 8],
			"to": [-0.55634, 19.36664, 11],
			"rotation": {"angle": 45, "axis": "z", "origin": [-1.55634, 18.36664, 9]},
			"faces": {
				"north": {"uv": [8.625, 13.5, 8.375, 13.75], "texture": "#0"},
				"east": {"uv": [8.5, 9.875, 7.75, 10.125], "texture": "#0"},
				"south": {"uv": [13.75, 10.625, 13.5, 10.875], "texture": "#0"},
				"west": {"uv": [10.625, 7.625, 9.875, 7.875], "texture": "#0"},
				"up": {"uv": [6, 10.625, 6.25, 9.875], "texture": "#0"},
				"down": {"uv": [9.875, 9.75, 10.125, 10.5], "texture": "#0"}
			}
		}
	],
	"display": {
		"thirdperson_righthand": {
			"translation": [0, 3.5, 0],
			"scale": [0.375, 0.375, 0.375]
		},
		"head": {
			"translation": [0, -50, 0],
			"scale": [3.2, 3.2, 3.2]
		}
	},
	"groups": [
		{
			"name": "ring",
			"origin": [4.35091, 9.61944, 8],
			"color": 0,
			"nbt": "{}",
			"armAnimationEnabled": false,
			"children": [0, 1, 2, 3, 4, 5]
		},
		{
			"name": "base",
			"origin": [0, 0, 0],
			"color": 0,
			"nbt": "{}",
			"armAnimationEnabled": false,
			"children": [
				{
					"name": "foot1",
					"origin": [19.05268, -6.23744, 5.5],
					"color": 0,
					"nbt": "{}",
					"armAnimationEnabled": false,
					"children": []
				},
				{
					"name": "foot1",
					"origin": [19.05268, -6.23744, 5.5],
					"color": 0,
					"nbt": "{}",
					"armAnimationEnabled": false,
					"children": []
				},
				{
					"name": "foot1",
					"origin": [19.05268, -6.23744, 5.5],
					"color": 0,
					"nbt": "{}",
					"armAnimationEnabled": false,
					"children": []
				},
				{
					"name": "foot1",
					"origin": [19.05268, -6.23744, 5.5],
					"color": 0,
					"nbt": "{}",
					"armAnimationEnabled": false,
					"children": []
				},
				{
					"name": "support",
					"origin": [0.49582, 0.99267, 5],
					"color": 4,
					"nbt": "{}",
					"armAnimationEnabled": false,
					"children": []
				}
			]
		},
		{
			"name": "ring_decotarions",
			"origin": [8, 11.8853, 8],
			"color": 0,
			"nbt": "{}",
			"armAnimationEnabled": false,
			"children": [6, 7, 8, 9, 10, 11, 12, 13, 14, 15, 16, 17, 18, 19, 20, 21, 22, 23]
		},
		24,
		25,
		26
	]
}