{
	"texture_size": [128, 128],
	"textures": {
		"0": "expansion:structures/portal",
		"particle": "expansion:structures/portal"
	},
	"elements": [
		{
			"from": [-4.38857, 4.66025, 6],
			"to": [-3.38857, 11.91025, 10],
			"rotation": {"angle": 22.5, "axis": "z", "origin": [8, 8, 8]},
			"faces": {
				"north": {"uv": [6.25, 11.5, 6.375, 12.40625], "texture": "#0"},
				"east": {"uv": [4.4375, 4.125, 5.34375, 4.625], "rotation": 90, "texture": "#0"},
				"south": {"uv": [6.5, 11.5, 6.625, 12.40625], "texture": "#0"},
				"west": {"uv": [4.75, 5.375, 5.25, 6.28125], "texture": "#0"},
				"up": {"uv": [2.375, 2.125, 2.25, 1.625], "texture": "#0"},
				"down": {"uv": [3.625, 4.75, 3.5, 5.25], "texture": "#0"}
			}
		},
		{
			"from": [-5.38857, 4.66025, 6.5],
			"to": [-4.38857, 12.31025, 9.5],
			"rotation": {"angle": 22.5, "axis": "z", "origin": [8, 8, 8]},
			"faces": {
				"north": {"uv": [2.75, 11.375, 2.875, 12.34375], "texture": "#0"},
				"east": {"uv": [1, 6.125, 1.375, 7.09375], "texture": "#0"},
				"south": {"uv": [3, 11.375, 3.125, 12.34375], "texture": "#0"},
				"west": {"uv": [6.125, 2, 6.5, 2.96875], "texture": "#0"},
				"up": {"uv": [3.5, 1.125, 3.375, 0.75], "texture": "#0"},
				"down": {"uv": [4.25, 13.875, 4.125, 14.25], "texture": "#0"}
			}
		},
		{
			"from": [-6.38857, 4.66025, 6],
			"to": [-5.38857, 12.76025, 10],
			"rotation": {"angle": 22.5, "axis": "z", "origin": [8, 8, 8]},
			"faces": {
				"north": {"uv": [8.625, 11.125, 8.75, 12.125], "texture": "#0"},
				"east": {"uv": [3.75, 4.125, 4.25, 5.125], "texture": "#0"},
				"south": {"uv": [8.875, 11.125, 9, 12.125], "texture": "#0"},
				"west": {"uv": [1.09375, 3.5, 0.03125, 3], "rotation": 270, "texture": "#0"},
				"up": {"uv": [13.125, 9.5, 13, 9], "texture": "#0"},
				"down": {"uv": [0.375, 13.125, 0.25, 13.625], "texture": "#0"}
			}
		},
		{
			"from": [-5.00877, 5.61025, 6],
			"to": [-4.00877, 12.41025, 10],
			"rotation": {"angle": -22.5, "axis": "z", "origin": [8, 8, 8]},
			"faces": {
				"north": {"uv": [6.75, 11.5, 6.875, 12.34375], "texture": "#0"},
				"east": {"uv": [4.375, 4.125, 5.21875, 4.625], "rotation": 90, "texture": "#0"},
				"south": {"uv": [7, 11.5, 7.125, 12.34375], "texture": "#0"},
				"west": {"uv": [5.5, 0, 6, 0.84375], "texture": "#0"},
				"up": {"uv": [13.25, 3.125, 13.125, 2.625], "texture": "#0"},
				"down": {"uv": [7.5, 13.125, 7.375, 13.625], "texture": "#0"}
			}
		},
		{
			"from": [-6.00877, 5.16025, 6.5],
			"to": [-5.00877, 12.91025, 9.5],
			"rotation": {"angle": -22.5, "axis": "z", "origin": [8, 8, 8]},
			"faces": {
				"north": {"uv": [3.25, 11.375, 3.375, 12.34375], "texture": "#0"},
				"east": {"uv": [6, 6.125, 6.375, 7.09375], "texture": "#0"},
				"south": {"uv": [3.5, 11.375, 3.625, 12.34375], "texture": "#0"},
				"west": {"uv": [5.375, 6.375, 5.75, 7.34375], "texture": "#0"},
				"up": {"uv": [4.5, 14.25, 4.375, 13.875], "texture": "#0"},
				"down": {"uv": [14, 4.5, 13.875, 4.875], "texture": "#0"}
			}
		},
		{
			"from": [-7.00877, 4.76025, 6],
			"to": [-6.00877, 13.16025, 10],
			"rotation": {"angle": -22.5, "axis": "z", "origin": [8, 8, 8]},
			"faces": {
				"north": {"uv": [9.25, 10.75, 9.375, 11.8125], "texture": "#0"},
				"east": {"uv": [2.5, 1.625, 3, 2.6875], "texture": "#0"},
				"south": {"uv": [9.5, 10.75, 9.625, 11.8125], "texture": "#0"},
				"west": {"uv": [2.5, 2.875, 3, 3.9375], "texture": "#0"},
				"up": {"uv": [7.75, 13.625, 7.625, 13.125], "texture": "#0"},
				"down": {"uv": [8, 13.125, 7.875, 13.625], "texture": "#0"}
			}
		},
		{
			"from": [-0.22267, -1.91495, 9.999],
			"to": [5.77733, -0.91495, 10.999],
			"shade": false,
			"rotation": {"angle": -22.5, "axis": "z", "origin": [8, 8, 8]},
			"faces": {
				"north": {"uv": [12.125, 4.625, 12.875, 4.75], "texture": "#0"},
				"east": {"uv": [13.5, 15, 13.625, 15.125], "texture": "#0"},
				"south": {"uv": [12.125, 4.875, 12.875, 5], "texture": "#0"},
				"west": {"uv": [14.75, 15, 14.875, 15.125], "texture": "#0"},
				"up": {"uv": [12.875, 5.25, 12.125, 5.125], "texture": "#0"},
				"down": {"uv": [12.875, 5.375, 12.125, 5.5], "texture": "#0"}
			}
		},
		{
			"from": [-7.36812, 6.51049, 10],
			"to": [-2.36812, 7.51049, 11],
			"shade": false,
			"rotation": {"angle": 22.5, "axis": "z", "origin": [8, 8, 8]},
			"faces": {
				"north": {"uv": [9.625, 12.5, 10.25, 12.625], "texture": "#0"},
				"east": {"uv": [15, 15, 15.125, 15.125], "texture": "#0"},
				"south": {"uv": [12.5, 10.375, 13.125, 10.5], "texture": "#0"},
				"west": {"uv": [0.25, 15.125, 0.375, 15.25], "texture": "#0"},
				"up": {"uv": [13.25, 0.625, 12.625, 0.5], "texture": "#0"},
				"down": {"uv": [13.25, 0.75, 12.625, 0.875], "texture": "#0"}
			}
		},
		{
			"from": [-3.36812, 6.51049, 6],
			"to": [-2.36812, 7.51049, 10],
			"shade": false,
			"rotation": {"angle": 22.5, "axis": "z", "origin": [8, 8, 8]},
			"faces": {
				"north": {"uv": [0.5, 15.125, 0.625, 15.25], "texture": "#0"},
				"east": {"uv": [13.375, 0.5, 13.875, 0.625], "texture": "#0"},
				"south": {"uv": [0.75, 15.125, 0.875, 15.25], "texture": "#0"},
				"west": {"uv": [13.375, 0.75, 13.875, 0.875], "texture": "#0"},
				"up": {"uv": [2.125, 13.875, 2, 13.375], "texture": "#0"},
				"down": {"uv": [13.5, 2.625, 13.375, 3.125], "texture": "#0"}
			}
		},
		{
			"from": [-7.36812, 8.51049, 10],
			"to": [-2.36812, 9.51049, 11],
			"shade": false,
			"rotation": {"angle": 22.5, "axis": "z", "origin": [8, 8, 8]},
			"faces": {
				"north": {"uv": [1.25, 12.625, 1.875, 12.75], "texture": "#0"},
				"east": {"uv": [1, 15.125, 1.125, 15.25], "texture": "#0"},
				"south": {"uv": [12.625, 1.375, 13.25, 1.5], "texture": "#0"},
				"west": {"uv": [1.75, 15.125, 1.875, 15.25], "texture": "#0"},
				"up": {"uv": [13.25, 1.75, 12.625, 1.625], "texture": "#0"},
				"down": {"uv": [13.25, 1.875, 12.625, 2], "texture": "#0"}
			}
		},
		{
			"from": [-3.36812, 8.51049, 6],
			"to": [-2.36812, 9.51049, 10],
			"shade": false,
			"rotation": {"angle": 22.5, "axis": "z", "origin": [8, 8, 8]},
			"faces": {
				"north": {"uv": [2, 15.125, 2.125, 15.25], "texture": "#0"},
				"east": {"uv": [13.375, 1.875, 13.875, 2], "texture": "#0"},
				"south": {"uv": [2.25, 15.125, 2.375, 15.25], "texture": "#0"},
				"west": {"uv": [2.875, 13.375, 3.375, 13.5], "texture": "#0"},
				"up": {"uv": [4.875, 13.875, 4.75, 13.375], "texture": "#0"},
				"down": {"uv": [5.125, 13.375, 5, 13.875], "texture": "#0"}
			}
		},
		{
			"from": [-7.36812, 8.51049, 6],
			"to": [-6.36812, 9.51049, 10],
			"shade": false,
			"rotation": {"angle": 22.5, "axis": "z", "origin": [8, 8, 8]},
			"faces": {
				"north": {"uv": [2.5, 15.125, 2.625, 15.25], "texture": "#0"},
				"east": {"uv": [13.375, 3.25, 13.875, 3.375], "texture": "#0"},
				"south": {"uv": [2.75, 15.125, 2.875, 15.25], "texture": "#0"},
				"west": {"uv": [13.375, 5.625, 13.875, 5.75], "texture": "#0"},
				"up": {"uv": [5.625, 13.875, 5.5, 13.375], "texture": "#0"},
				"down": {"uv": [13.5, 7, 13.375, 7.5], "texture": "#0"}
			}
		},
		{
			"from": [0.9473, -7.11054, 7.5],
			"to": [1.9473, -5.11054, 8.5],
			"shade": false,
			"rotation": {"angle": -45, "axis": "z", "origin": [8, 8, 8]},
			"faces": {
				"north": {"uv": [6.375, 14.375, 6.5, 14.625], "texture": "#0"},
				"east": {"uv": [6.625, 14.375, 6.75, 14.625], "texture": "#0"},
				"south": {"uv": [6.875, 14.375, 7, 14.625], "texture": "#0"},
				"west": {"uv": [7.75, 14.375, 7.875, 14.625], "texture": "#0"},
				"up": {"uv": [15.25, 6.625, 15.125, 6.5], "texture": "#0"},
				"down": {"uv": [15.25, 6.75, 15.125, 6.875], "texture": "#0"}
			}
		},
		{
			"from": [-7.67178, -5.69775, 7.501],
			"to": [-6.67178, 2.30225, 8.499],
			"shade": false,
			"rotation": {"angle": 0, "axis": "z", "origin": [8, 8, 8]},
			"faces": {
				"north": {"uv": [1.25, 11.375, 1.375, 12.375], "texture": "#0"},
				"east": {"uv": [1.5, 11.375, 1.625, 12.375], "texture": "#0"},
				"south": {"uv": [2.25, 11.375, 2.375, 12.375], "texture": "#0"},
				"west": {"uv": [2.5, 11.375, 2.625, 12.375], "texture": "#0"},
				"up": {"uv": [7.125, 15.25, 7, 15.125], "texture": "#0"},
				"down": {"uv": [15.25, 7, 15.125, 7.125], "texture": "#0"}
			}
		},
		{
			"from": [-5.67178, -3.69775, 7.5],
			"to": [-4.67178, 1.30225, 8.5],
			"shade": false,
			"rotation": {"angle": 0, "axis": "z", "origin": [8, 8, 8]},
			"faces": {
				"north": {"uv": [4.5, 12.5, 4.625, 13.125], "texture": "#0"},
				"east": {"uv": [10.375, 12.5, 10.5, 13.125], "texture": "#0"},
				"south": {"uv": [2, 12.625, 2.125, 13.25], "texture": "#0"},
				"west": {"uv": [5.625, 12.625, 5.75, 13.25], "texture": "#0"},
				"up": {"uv": [7.375, 15.25, 7.25, 15.125], "texture": "#0"},
				"down": {"uv": [8.125, 15.125, 8, 15.25], "texture": "#0"}
			}
		},
		{
			"from": [-7.36812, 8.51049, 5],
			"to": [-2.36812, 9.51049, 6],
			"shade": false,
			"rotation": {"angle": 22.5, "axis": "z", "origin": [8, 8, 8]},
			"faces": {
				"north": {"uv": [12.625, 3.25, 13.25, 3.375], "texture": "#0"},
				"east": {"uv": [15.125, 8.125, 15.25, 8.25], "texture": "#0"},
				"south": {"uv": [12.625, 5.625, 13.25, 5.75], "texture": "#0"},
				"west": {"uv": [8.25, 15.125, 8.375, 15.25], "texture": "#0"},
				"up": {"uv": [6.5, 12.75, 5.875, 12.625], "texture": "#0"},
				"down": {"uv": [13.25, 7.125, 12.625, 7.25], "texture": "#0"}
			}
		},
		{
			"from": [-7.36812, 6.51049, 5],
			"to": [-2.36812, 7.51049, 6],
			"shade": false,
			"rotation": {"angle": 22.5, "axis": "z", "origin": [8, 8, 8]},
			"faces": {
				"north": {"uv": [12.625, 7.375, 13.25, 7.5], "texture": "#0"},
				"east": {"uv": [15.125, 8.375, 15.25, 8.5], "texture": "#0"},
				"south": {"uv": [12.625, 7.625, 13.25, 7.75], "texture": "#0"},
				"west": {"uv": [8.5, 15.125, 8.625, 15.25], "texture": "#0"},
				"up": {"uv": [11.25, 12.75, 10.625, 12.625], "texture": "#0"},
				"down": {"uv": [12, 12.625, 11.375, 12.75], "texture": "#0"}
			}
		},
		{
			"from": [-7.36812, 6.51049, 6],
			"to": [-6.36812, 7.51049, 10],
			"shade": false,
			"rotation": {"angle": 22.5, "axis": "z", "origin": [8, 8, 8]},
			"faces": {
				"north": {"uv": [15.125, 8.625, 15.25, 8.75], "texture": "#0"},
				"east": {"uv": [13.375, 7.625, 13.875, 7.75], "texture": "#0"},
				"south": {"uv": [11, 15.125, 11.125, 15.25], "texture": "#0"},
				"west": {"uv": [12.875, 13.375, 13.375, 13.5], "texture": "#0"},
				"up": {"uv": [2.375, 14, 2.25, 13.5], "texture": "#0"},
				"down": {"uv": [2.625, 13.5, 2.5, 14], "texture": "#0"}
			}
		},
		{
			"from": [-0.22267, -1.91495, 5.001],
			"to": [5.77733, -0.91495, 6.001],
			"shade": false,
			"rotation": {"angle": -22.5, "axis": "z", "origin": [8, 8, 8]},
			"faces": {
				"north": {"uv": [12.125, 9.125, 12.875, 9.25], "texture": "#0"},
				"east": {"uv": [11.25, 15.125, 11.375, 15.25], "texture": "#0"},
				"south": {"uv": [12.125, 9.375, 12.875, 9.5], "texture": "#0"},
				"west": {"uv": [13.75, 15.125, 13.875, 15.25], "texture": "#0"},
				"up": {"uv": [12.75, 12.25, 12, 12.125], "texture": "#0"},
				"down": {"uv": [13, 2.75, 12.25, 2.875], "texture": "#0"}
			}
		},
		{
			"from": [-8.5147, 7.8103, 7],
			"to": [-1.5147, 9.8103, 9],
			"rotation": {"angle": 0, "axis": "z", "origin": [8, 8, 8]},
			"faces": {
				"north": {"uv": [3.375, 1.25, 4.25, 1.5], "texture": "#0"},
				"east": {"uv": [3.75, 13.5, 4, 13.75], "texture": "#0"},
				"south": {"uv": [7.25, 0.75, 8.125, 1], "texture": "#0"},
				"west": {"uv": [13.5, 4, 13.75, 4.25], "texture": "#0"},
				"up": {"uv": [2.5, 9.75, 1.625, 9.5], "texture": "#0"},
				"down": {"uv": [10.375, 2.5, 9.5, 2.75], "texture": "#0"}
			}
		},
		{
			"from": [-1.5147, 8.3103, 7.5],
			"to": [1.4853, 9.3103, 8.5],
			"rotation": {"angle": 0, "axis": "z", "origin": [8, 8, 8]},
			"faces": {
				"north": {"uv": [1.75, 14, 2.125, 14.125], "texture": "#0"},
				"east": {"uv": [14, 15.125, 14.125, 15.25], "texture": "#0"},
				"south": {"uv": [14, 1.875, 14.375, 2], "texture": "#0"},
				"west": {"uv": [14.25, 15.125, 14.375, 15.25], "texture": "#0"},
				"up": {"uv": [14.375, 2.5, 14, 2.375], "texture": "#0"},
				"down": {"uv": [14.375, 2.625, 14, 2.75], "texture": "#0"}
			}
		},
		{
			"from": [-7.5147, 9.8103, 5.5],
			"to": [-3.5147, 10.8103, 10.5],
			"rotation": {"angle": 0, "axis": "z", "origin": [8, 8, 8]},
			"faces": {
				"north": {"uv": [13.5, 5.875, 14, 6], "texture": "#0"},
				"east": {"uv": [12.125, 12.625, 12.75, 12.75], "texture": "#0"},
				"south": {"uv": [13.5, 6.75, 14, 6.875], "texture": "#0"},
				"west": {"uv": [0.5, 12.75, 1.125, 12.875], "texture": "#0"},
				"up": {"uv": [6.625, 0.625, 6.125, 0], "texture": "#0"},
				"down": {"uv": [7.5, 6.125, 7, 6.75], "texture": "#0"}
			}
		},
		{
			"from": [-7.5147, 6.8103, 5.5],
			"to": [-3.5147, 7.8103, 10.5],
			"rotation": {"angle": 0, "axis": "z", "origin": [8, 8, 8]},
			"faces": {
				"north": {"uv": [13.5, 11.375, 14, 11.5], "texture": "#0"},
				"east": {"uv": [2.25, 12.75, 2.875, 12.875], "texture": "#0"},
				"south": {"uv": [13.5, 12.375, 14, 12.5], "texture": "#0"},
				"west": {"uv": [3, 12.75, 3.625, 12.875], "texture": "#0"},
				"up": {"uv": [7.5, 7.5, 7, 6.875], "texture": "#0"},
				"down": {"uv": [7.625, 1.875, 7.125, 2.5], "texture": "#0"}
			}
		},
		{
			"from": [-4.5147, 7.8103, 5.5],
			"to": [-3.5147, 9.8103, 10.5],
			"rotation": {"angle": 0, "axis": "z", "origin": [8, 8, 8]},
			"faces": {
				"north": {"uv": [14.5, 0, 14.625, 0.25], "texture": "#0"},
				"east": {"uv": [10.5, 6.875, 11.125, 7.125], "texture": "#0"},
				"south": {"uv": [0.75, 14.5, 0.875, 14.75], "texture": "#0"},
				"west": {"uv": [10.625, 0, 11.25, 0.25], "texture": "#0"},
				"up": {"uv": [3.875, 13.375, 3.75, 12.75], "texture": "#0"},
				"down": {"uv": [4.125, 12.75, 4, 13.375], "texture": "#0"}
			}
		},
		{
			"from": [-7.5147, 7.8103, 5.5],
			"to": [-6.5147, 9.8103, 10.5],
			"rotation": {"angle": 0, "axis": "z", "origin": [8, 8, 8]},
			"faces": {
				"north": {"uv": [1, 14.5, 1.125, 14.75], "texture": "#0"},
				"east": {"uv": [7.75, 10.625, 8.375, 10.875], "texture": "#0"},
				"south": {"uv": [14.5, 1, 14.625, 1.25], "texture": "#0"},
				"west": {"uv": [10.625, 10.5, 11.25, 10.75], "texture": "#0"},
				"up": {"uv": [4.375, 13.375, 4.25, 12.75], "texture": "#0"},
				"down": {"uv": [6.75, 12.75, 6.625, 13.375], "texture": "#0"}
			}
		},
		{
			"from": [-6.4853, 7.8103, 8],
			"to": [-4.4853, 9.8103, 11],
			"rotation": {"angle": 0, "axis": "y", "origin": [21.2647, 8.8103, 7.5]},
			"faces": {
				"north": {"uv": [8.375, 13.5, 8.625, 13.75], "texture": "#0"},
				"east": {"uv": [9.875, 7.625, 10.625, 7.875], "texture": "#0"},
				"south": {"uv": [13.5, 10.625, 13.75, 10.875], "texture": "#0"},
				"west": {"uv": [7.75, 9.875, 8.5, 10.125], "texture": "#0"},
				"up": {"uv": [6.25, 10.625, 6, 9.875], "texture": "#0"},
				"down": {"uv": [10.125, 9.75, 9.875, 10.5], "texture": "#0"}
			}
		}
	],
	"display": {
		"thirdperson_righthand": {
			"translation": [0, 3.5, 0],
			"scale": [0.375, 0.375, 0.375]
		},
		"head": {
			"translation": [45, -21, 0],
			"scale": [3.2, 3.2, 3.2]
		}
	},
	"groups": [
		{
			"name": "ring",
			"origin": [4.35091, 9.61944, 8],
			"color": 0,
			"nbt": "{}",
			"armAnimationEnabled": false,
			"children": [0, 1, 2, 3, 4, 5]
		},
		{
			"name": "base",
			"origin": [0, 0, 0],
			"color": 0,
			"nbt": "{}",
			"armAnimationEnabled": false,
			"children": [
				{
					"name": "foot1",
					"origin": [19.05268, -6.23744, 5.5],
					"color": 0,
					"nbt": "{}",
					"armAnimationEnabled": false,
					"children": []
				},
				{
					"name": "foot1",
					"origin": [19.05268, -6.23744, 5.5],
					"color": 0,
					"nbt": "{}",
					"armAnimationEnabled": false,
					"children": []
				},
				{
					"name": "foot1",
					"origin": [19.05268, -6.23744, 5.5],
					"color": 0,
					"nbt": "{}",
					"armAnimationEnabled": false,
					"children": []
				},
				{
					"name": "foot1",
					"origin": [19.05268, -6.23744, 5.5],
					"color": 0,
					"nbt": "{}",
					"armAnimationEnabled": false,
					"children": []
				},
				{
					"name": "support",
					"origin": [0.49582, 0.99267, 5],
					"color": 4,
					"nbt": "{}",
					"armAnimationEnabled": false,
					"children": [6, 7, 8, 9, 10, 11, 12, 13, 14, 15, 16, 17, 18]
				}
			]
		},
		{
			"name": "ring_decotarions",
			"origin": [8, 11.8853, 8],
			"color": 0,
			"nbt": "{}",
			"armAnimationEnabled": false,
			"children": [19, 20, 21, 22, 23, 24]
		},
		25
	]
}